pixel_temp_C,lar_pressure_bar,lv_voltage_V,hv_current_uA,cooling_flow_lpm
-10.37114221959675,1.3141844426518563,3.2983100017900906,38.68495940533801,12.015235853987722
-10.280947752522591,1.3197013724215831,3.3038781972557394,39.43096207515186,11.949309787473398
-10.32451972117081,1.3163189656003358,3.2982693993415877,40.07271706628725,12.040140520439836
-10.426852778228383,1.316962873778152,3.3014198798100134,40.09094666286567,12.050955114490964
-10.31343020805572,1.3177633634486399,3.2994983822350616,38.725652040700844,11.907683962498494
-10.450697535503027,1.314679077103007,3.300177786915436,38.81678963452062,11.941435490167253
-10.366208026284086,1.3181864806778016,3.300372147242444,39.058519424934246,12.014245104650726
-10.406235568627508,1.3166184918082549,3.2982171729726737,40.089550296153355,11.993349424345768
-10.374802877761288,1.3181296213190363,3.295081513948482,39.2230635916036,12.009629791135536
-10.441366937419906,1.316469270977457,3.3030645269822947,39.547131759649844,11.969125748349041
-10.356787214682262,1.3145609555286752,3.306374187168768,39.4063084243018,12.057055714952742
-10.47785056478408,1.3169329089445443,3.306636861639896,38.5646138692318,12.053283035327851
-10.346875588473667,1.3191483210030346,3.297786920355728,38.56232798183201,12.019002321750945
-10.453396774005524,1.3187326370842356,3.2970673169681173,38.847969752181065,12.073369896617415
-10.411788420281352,1.3180827632335765,3.2977828702086587,40.10317244814533,12.04169002897306
-10.255846156475123,1.3198921774363335,3.2992966503914247,39.591352991069485,11.976656315624881
-10.318039657629821,1.3177623598627382,3.299790156143495,39.785670268634654,12.039364481327363
-10.248648730993116,1.3183543509919529,3.2960082861669706,38.93540551333652,11.974288417017169
-10.267421130290924,1.3173531258970597,3.2940810566138183,39.33506897318639,12.067460243783717
-10.381629736896759,1.3202953623225455,3.300199769226029,39.54827809565978,12.022346166704349
-10.239405358323737,1.319033250306981,3.2858783635964137,39.08472249995773,12.016903604647034
-10.402323614618913,1.3174029387800439,3.2995973727227366,39.16976581422904,11.993404008378823
-10.314659014259192,1.3156040471659893,3.2962210095663558,39.018775524710406,12.089880792689769
-10.35203725264714,1.3208558657681297,3.303120618106451,39.62649924827395,12.022329944380182
-10.368842553499002,1.3172202297144855,3.3041905395084203,39.42172151131956,12.00994214787214
-10.27548755996138,1.318913480406323,3.3042849830409917,39.722379047571025,12.015053384931177
-10.275189964751517,1.3235341135933218,3.2986142124748374,39.798050084817206,12.06057642340804
-10.270213495602974,1.3204900619414703,3.295459423952146,39.368503087511826,12.053533422455557
-10.310828373658012,1.3221660323451911,3.2967416307325332,39.77963594145088,12.057197433601344
-10.313656926490687,1.3179227312133637,3.3011504427327254,39.1367468869422,12.059400740891144
-10.33012930491137,1.321194734457047,3.293416542099835,39.59002943075165,12.14624023770954
-10.277204292941475,1.3191584695311813,3.305574197957856,38.657210102078594,12.020134528262886
-10.25768767912783,1.31988806033895,3.2986774798728105,39.186082166028655,12.016139793834444
-10.267769628495463,1.3232471460700441,3.3020006946897715,40.39078202444172,12.00235915018496
-10.262559468795251,1.3186961445718803,3.2928742955450523,39.71927623710169,12.075141794467658
-10.420951218452085,1.3193384524800367,3.2962960718969665,39.40263631770768,12.10208563049302
-10.297483976671813,1.3175385518567455,3.292377283417374,39.0754736740833,12.041232966629327
-10.351839376236121,1.3211654826634434,3.3040847579752044,38.85863706513442,12.006214945833023
-10.249949073390106,1.3183093796341099,3.2993591810405,39.39435778752415,12.008290220973642
-10.20225749311844,1.3215166624234125,3.302285219813745,39.56863361991205,12.083334490545942
-10.32887476767489,1.316210540458943,3.30025365472932,40.10803733949564,12.089257161860251
-10.285126537885864,1.3206452826467783,3.301873900215649,39.837322693005405,12.080540777057413
-10.214485018698497,1.3182967707952846,3.2986502325583658,39.61460111110847,12.02139517228321
-10.403703270149402,1.3210798521809612,3.2991858176421043,39.21887858127584,12.067565276955957
-10.30539831877457,1.319624864002618,3.299633070324763,39.69245966675318,12.06307698907
-10.252064341038242,1.3186129733900738,3.301622526619709,38.968352971720165,12.069461526441287
-10.461381878478536,1.318940701871294,3.301728473684872,38.30869627898941,12.103381819222568
-10.327278223607284,1.3180417131063615,3.311245747536029,39.64279878514029,12.072272302780787
-10.211299527129707,1.321445230351526,3.306726408509518,39.60620601128264,12.096319185398922
-10.199181213093373,1.317698039740682,3.2928849648564413,39.07679101591418,12.067032255121378
-10.239728919940754,1.31928530927088,3.2994275780882907,38.682589820986514,12.07938785411593
-10.21509400002617,1.3205325884874517,3.2983764166389378,39.927358718683436,12.097773641798376
-10.200187325020655,1.3230902301051979,3.30512052192324,39.391003284544574,11.994627525310376
-10.205481070984165,1.319864262916061,3.298737008149595,39.74914213143465,12.05277655645886
-10.251245824619572,1.3194159438515343,3.3018571555097864,39.392004340251425,12.046514976442133
-10.218409937208591,1.3204648241260732,3.2906517534788793,39.5494845363399,12.039361875285685
-10.269654442650227,1.315785698536841,3.2939455967544267,39.2237908251865,12.058819456118567
-10.197410896807364,1.3175488901924415,3.3083691727164095,39.574574196637,12.148593053470417
-10.120158120971658,1.3192074842427457,3.3002009775928327,39.9905130526137,12.03182244543167
-10.171756315174063,1.318542794690203,3.2960061599061237,39.54619596160698,12.124794502191232
-10.210001181258258,1.3167760614680175,3.30097148348489,39.44686821317468,11.993502224949966
-10.273678659040133,1.321700759022338,3.2957877641861897,39.6956578385104,12.062165112838104
-10.149508411658976,1.3205106669021291,3.298866505832417,39.970655136200996,12.088309166078728
-10.201308565389025,1.3202761132568575,3.294189528243024,39.14238678367074,12.110743251527486
-10.21457830293135,1.3186105070382184,3.2968451151288263,39.559279857396874,12.118252535734742
-10.271585442482385,1.3201586588856986,3.2983346532421653,39.24732399110186,12.123616065969294
-10.176692949334834,1.3210286324233391,3.3044827972573465,39.65210129171353,12.067768349798754
-10.261721845854774,1.319468278887598,3.3018561840307323,40.05014306357163,12.063341290806997
-10.1887787018091,1.3208840300343003,3.3025540961437683,39.766029519187036,12.130610305479678
-10.115062415087984,1.3183980564646365,3.299896901394544,40.6355731334066,12.07939725624859
-10.070024656715058,1.3201789175973266,3.3032913963934782,39.947788498463936,12.026427423684387
-10.126133442568282,1.3222611912253273,3.296505922922627,39.681149711324544,12.03479492900823
-10.25410582056476,1.3224309604901905,3.2970691762200732,39.48391537244629,12.046732484012404
-10.191950117321886,1.3226113045581556,3.301630364285827,39.67315170525553,12.118807179147813
-10.063727073939557,1.3205149499080098,3.298883410439891,40.00168642330259,12.102312683725057
-10.255109003393962,1.3199932083171655,3.2999446166065485,39.09299505145228,12.130956107294336
-10.175779055231612,1.319017052160267,3.2993434588883415,39.555177812949616,12.076307814020321
-10.099237328751173,1.3162827934885106,3.3050138016582458,39.51176689840338,12.106834178132672
-10.155869414109503,1.317189581326014,3.3052222117307153,40.10010999197179,12.1314215774685
-10.017883663894143,1.319523374600346,3.297495336957745,39.19396522228511,12.085907688414986
-10.22698394722736,1.319621499094844,3.2929605226124368,39.608793312793665,12.125444804875572
-10.211592031478936,1.3226396027532454,3.297154012396449,38.96954802205714,12.070738820069916
-10.083390177264596,1.322420326656015,3.296412159413728,40.006114847561165,12.086909522049586
-10.2252793778785,1.3183918206753318,3.303326993363196,39.38987928258507,12.0872004166994
-10.14213314905504,1.3213740037840178,3.3036819899070977,38.9890158753839,12.047718402584138
-10.173486068494352,1.3187542709444289,3.295875703267848,40.029920085509694,12.133080035524388
-10.08062544363796,1.3210431968076966,3.2969819809657803,38.83219423561884,12.086480251007153
-10.115120110360303,1.3212580564728602,3.2940839556509793,39.75719198511911,12.111791937189336
-10.133399684562296,1.322096767415337,3.3005375140940907,40.009676834687504,12.13641931097007
-10.181252289450699,1.3185923622818345,3.29982033429033,40.18818810632217,12.135921144007227
-10.0868130098435,1.3215698326523513,3.3031564872697556,39.18231126127843,12.148074285158167
-9.896199785465226,1.3157576853523747,3.3019885251782375,40.00119088743174,12.111089014265575
-10.085282053860341,1.3220563476814953,3.3024408118842246,40.26289710333574,12.096054422944574
-10.126495607543573,1.3193730035139957,3.293831991840857,40.20750506609653,12.114437246369961
-10.16728221025791,1.3193732224654127,3.2974946958536306,40.177732987824655,12.035257998979674
-10.130787260217945,1.3152619710380542,3.3037955892189728,40.76305802523502,12.048468383336466
-10.10559125044901,1.3185142052874514,3.2978456955261493,39.58534034680976,12.05588601230502
-10.130098516360096,1.3219557197484468,3.293489736502124,39.88875573132136,12.07335331440397
-10.131027903426183,1.3183431154900322,3.3032319583194862,39.599598393040566,12.144396684133044
-9.987863855808074,1.3205737412303413,3.297690940019942,39.23422678638151,12.080323968493225
-10.030008406048902,1.3191647642946263,3.3042505479745072,39.90398202256116,12.10787735082024
-10.153411667552152,1.3211683764412177,3.2999263411166386,38.89543086944002,12.192932036859741
-10.172097585785782,1.3193719740141625,3.2988911222283956,39.447473418686286,12.111340130489417
-10.043807544458593,1.317069836859551,3.3054527635644932,39.32512166387231,12.16720935564468
-10.082316842972395,1.3189894072631612,3.2947893775234514,40.01090916795848,12.084830460036228
-10.198268474371266,1.3220205481735738,3.3057368847185242,39.29205253703972,12.122414729172318
-10.03041648819426,1.3197535799126858,3.2974425760178163,39.22508381006869,12.086358241187412
-10.023992432538975,1.3184641440160774,3.300649479441264,40.29827860020179,12.118077878516203
-10.257666492232282,1.3231458472912547,3.3006872807817023,39.24316640683036,12.178212556794735
-10.094487641962953,1.3208886950018004,3.29829152070575,39.63818387110063,12.050996153375468
-10.102776616146047,1.3201382211736943,3.296951549239692,39.403343862273196,12.160245766147803
-10.044251306347366,1.3190725188109942,3.2985207112441395,40.371127862098376,12.151571136214146
-10.095557835372,1.319830057975181,3.2959417492648284,39.91709192945707,12.111133971050927
-10.090330562231971,1.3198252519678875,3.307847842571792,39.57410348974132,12.069693007436031
-10.031811825003363,1.3138630410465673,3.298075476117251,39.17076212925272,12.146754103463575
-10.085584612806173,1.3189460398955524,3.30463578901772,40.833084455306505,12.117821995222625
-10.041098713771316,1.3177606688209966,3.3041086918343052,40.7095495390927,12.157076696641637
-10.132123538932255,1.3170074640274978,3.3014517189558275,40.312993727936615,12.147678979725258
-10.183150722566683,1.3175395067437565,3.2994572838637346,39.352429877453105,12.227816012597087
-10.007745022373763,1.3147406831923178,3.3007751273883215,39.784131071952764,12.136897169728911
-10.015384099832692,1.314163800100107,3.3022886790690165,40.129497959997614,12.098825125368908
-10.002333879403553,1.3201853113849904,3.300401873842386,39.63779078811391,12.160095974861473
-10.087730417596338,1.3185345611017811,3.293733004037425,39.42877947860316,12.163261343086798
-10.129035558727479,1.3127008190318357,3.2927267547349994,40.32535230719471,12.221347304585137
-9.983657928381813,1.3162893372903794,3.3060359528952468,40.01062799912669,12.196266984768744
-10.141795466338307,1.3191171446429686,3.289461144387138,39.268461472467976,12.173475530405632
-10.000063187255902,1.3167086255019949,3.3007827406145074,40.38094056023658,12.229914713975763
-9.926690257941555,1.3196699621554135,3.299060087942026,39.91706015652149,12.09842602437942
-9.965111138269254,1.3191894455248727,3.3006432045834164,39.278035901700214,12.126988202632475
-10.047884407867931,1.3142852077209564,3.2954401330350636,39.45030618490952,12.113755557704408
-10.066096031470508,1.3166193756436404,3.3014027099517365,39.66121056491946,12.141699392346258
-10.002105018817934,1.3159159512343113,3.3008240657367,40.08377371955034,12.093458034032583
-10.114568504808291,1.313938479429018,3.3110440469891187,39.83955803782533,12.195149257845229
-10.070201547857987,1.3137119602408827,3.300519920186069,40.35070498766753,12.153376834001035
-9.939669041589106,1.3149107529548794,3.3053929404273124,40.02584876407223,12.092040780868485
-9.947840325715543,1.3151419741102177,3.2940052572982075,39.91805811952452,12.115892115845504
-10.080070346440202,1.316890062627754,3.3040803812721813,40.337877963312664,12.183433563413734
-9.986710943544697,1.318310565058147,3.3009050932118273,40.418058266271665,12.210747806703239
-10.026052133796039,1.3171467276831703,3.3010789547361123,39.86251268115203,12.26975841566204
-9.982712346026549,1.317516254354339,3.301134274173841,40.15138714033936,12.316692152079257
-9.973737900035772,1.315377126689985,3.3068253526852383,39.86239530203393,12.192793402569114
-9.90633947266023,1.3170100035496088,3.30102041786289,39.72245630986946,12.123666651009575
-9.909734017525667,1.315399690480632,3.2968635118032568,41.05942641930932,12.067608572676717
-9.936624069876013,1.3147047376200252,3.297536247842914,39.909996498893015,12.188660472808422
-10.042697946431144,1.3192719391646763,3.303268509975459,40.032601192588125,12.135688520922226
-9.979782865315885,1.3107056615445272,3.3017898218328803,39.43429528977798,12.15662503150009
-9.96696668676512,1.3115077108266353,3.293878105351892,40.36064727230165,12.147841996072412
-9.988103758659108,1.315906263217662,3.302058567295437,39.54144937947261,12.172457835850379
-9.974083673224275,1.3144962902650825,3.295670630572773,40.723016086133306,12.233843518484996
-9.937000125180152,1.3120365332070745,3.301753032079056,40.844963773794184,12.189440624785135
-9.940705269219512,1.3126843914578932,3.2967777838459256,40.34484508388495,12.174696686850682
-9.950002333629548,1.312826786628376,3.2988740730613024,40.14594795090383,12.131882496369045
-9.964624916632195,1.3163411385546173,3.297820766168842,39.995784118667,12.10096429536248
-9.881431181001346,1.316861045069536,3.3060756519329413,40.218120035673586,12.161412789339284
-9.934164140712607,1.3175940086905544,3.30160739100124,40.295365768364,12.18406526345037
-10.058881211442479,1.3110144303345552,3.3050444520092292,39.91813560557481,12.276173537334213
-9.965518590287852,1.311334694122604,3.3115808502538515,40.46164474635014,12.195309843388594
-10.076882225577316,1.3110731052429379,3.3001872213677195,39.47891629855007,12.238948574119908
-9.930187408118835,1.3163964272909265,3.306007960745205,40.750858144193025,12.165858686156371
-9.924148566222591,1.3145264649271557,3.2972021773376285,39.98263936311126,12.132584512273324
-9.949287897400067,1.3137246744901556,3.3050195124397175,39.803072617314506,12.144580444794343
-9.822820734386303,1.3138947605116726,3.296769964610283,40.49940289260004,12.157575890666102
-10.055689203770804,1.313192150470881,3.299926339473841,40.05924259116229,12.301257901120813
-9.867272058628535,1.3109326135504213,3.30214751062734,39.57078784537905,12.154758591777597
-9.817033461646275,1.3140694305254157,3.302776924920229,40.173489161938214,12.238742168883968
-9.837149270635813,1.3125380019537332,3.2949097934314953,39.456881469041384,12.15265738562567
-9.946626419765584,1.310375846789549,3.2965319123045687,39.83646432571861,12.245364665108433
-9.996200398821173,1.3137902985795251,3.3024458003150836,39.75454189331594,12.219012048105544
-9.993429579265651,1.3116544275720574,3.2985291337471474,40.1321252354913,12.192907287024752
-9.936386730904388,1.3128242925935432,3.294410605964554,39.81210823569893,12.199671915923629
-9.934655602082223,1.3119817481004863,3.2997160930619702,39.91026969374452,12.169937677513229
-9.96122414525848,1.313875913278953,3.299524113975505,40.59910679356043,12.225943833733986
-9.912199793753343,1.3123940100537526,3.3007076599252354,41.00127726420909,12.18185033400171
-9.876588130448091,1.3100459018070472,3.302116965283789,39.87846196782969,12.144274608909546
-9.837132051326128,1.3123160270266077,3.3018626054363334,40.73343859238442,12.142609493992145
-9.973877375481914,1.3122392275816896,3.2969273076219654,40.207368166146814,12.216083312620786
-9.972810503811733,1.3124094675913065,3.2983566861251483,39.35886349924347,12.287352073958221
-9.903084448780199,1.313314634514147,3.303711154773151,39.87736299970697,12.217336718631175
-9.895375329440407,1.3098661486064855,3.2978272605318275,38.99811625882448,12.204340862984461
-9.78068240828998,1.3122883685189948,3.2984196317653636,40.56806169725565,12.225495724316918
-9.89954964024306,1.3073564116416811,3.2939829236789753,39.77018432038412,12.277432121441304
-9.980248827275982,1.310418802497266,3.299885278119595,40.093073120285624,12.22402473775518
-9.839701620996234,1.3099613666619425,3.301381081859042,41.34897752669496,12.193428773204568
-9.867102263856406,1.313257490746168,3.292098027126212,40.903050674786186,12.27020501853039
-9.887533081548879,1.3098994542308937,3.2957189984736273,39.9181313084435,12.237239762024677
-9.977628296796272,1.3112776497353655,3.294313089058026,39.64123051890869,12.293496988217726
-9.762654826351636,1.3063868957881613,3.303153408948135,40.991882962941254,12.226774033164782
-9.89426780444317,1.3090549632400446,3.292350594906213,39.80954380546771,12.157287839378695
-9.783968083664929,1.3079130424241,3.299685261611549,40.828512939485776,12.150998150523469
-9.884223170135481,1.3144033358791245,3.302871448619782,41.32589986156565,12.302843149442268
-9.859133382679572,1.3079645517615783,3.300751286596477,40.55190052576138,12.3073664870822
-9.742331101834012,1.3092898269746693,3.298240165346244,40.98894328364512,12.213089477581919
-9.803095597706449,1.3092408476921011,3.3013858735471024,40.82102080064993,12.203784081586418
-9.913575554264131,1.3056524823160276,3.304147893201991,39.95000956057411,12.296889427130619
-9.746632874210233,1.3076224383389006,3.299569553557783,40.62281047552941,12.169334432134526
-9.853318337172366,1.3093264518499135,3.291044251068264,39.91078906544382,12.180815591295902
-9.841245315364779,1.3085301244433831,3.3045909311685824,40.83348062557535,12.258579213801283
-9.89985373695458,1.3035989824713343,3.301601058620241,39.76624174359411,12.207539239172235
-9.891164093810726,1.3069063216019374,3.2998676945399636,40.498067209691165,12.227865696344006
-9.819290662414694,1.3099218355891207,3.292078512607056,40.81410588191363,12.220797596008532
-9.80998206852724,1.3088959257889825,3.2988067655873317,40.18337891238212,12.24669206037564
-9.958129721304974,1.3099942464378527,3.2964980910797728,39.79534232912651,12.301026642687724
-9.79040135981593,1.3054250092745516,3.2951348829481417,40.35132010289157,12.236016620361404
-9.880416394977052,1.3097957239779707,3.299454202277199,39.88219457475626,12.264514732888498
-9.684298329644907,1.3069820628820292,3.2978561324580093,40.69396237852165,12.130635183385541
-9.829419118245676,1.3100917915771744,3.29811960478942,39.97437370653402,12.23152942483136
-9.853044717913258,1.3067499010189685,3.302958505466384,39.95608817590704,12.19262093354108
-9.768882144440974,1.3024837732130716,3.3010222885604774,40.680996870181396,12.174654426243043
-9.834117374699323,1.3081121643934959,3.298017940707534,40.57878851841591,12.192495607735578
-9.713807415507818,1.3053610705226346,3.2975104751166007,40.45497943792142,12.220500700088111
-9.818366927452121,1.3053296054667054,3.298180565718161,39.704696637849175,12.283801129205171
-9.768649815484022,1.3030093754653875,3.2990102230795957,40.93104461840555,12.172480964873408
-9.755178568438769,1.3089930204701923,3.302336200737503,40.310282316689424,12.24112222764391
-9.835329258600643,1.3045390344894463,3.295829759481494,41.154267490297094,12.216167672140639
-9.853513898476209,1.3085634987189547,3.305833756870022,40.24001345433109,12.224773403467067
-9.782148321356518,1.3043827189245842,3.3023390879645103,40.49001431224516,12.292071272545474
-9.858241721263877,1.303221093479424,3.289048288036504,40.11081598521044,12.26961087016268
-9.87547648830269,1.3075466342662174,3.300341396937714,40.34641069102829,12.310342099961641
-9.719209519928485,1.3045915247236861,3.304162946573503,41.952207902164275,12.2365093715444
-9.721616025752649,1.3044413076786698,3.301554823632643,40.41718035204026,12.210195335964968
-9.83739702262724,1.301835109379224,3.298350636161127,40.835737361942996,12.234552672442673
-9.808224007162961,1.303312689164569,3.29975563288142,40.419805472710294,12.25861892094621
-9.820905830231112,1.3049145801617086,3.3007132797926837,40.82770566411885,12.25606652450929
-9.62583744741517,1.3012877721968008,3.3030783530184933,39.97557036836369,12.193757521126487
-9.704691208452822,1.302636604521835,3.294339620607505,41.36857281223634,12.253235760847906
-9.785013901418708,1.3027022518663514,3.2975799265870536,40.56638237563831,12.260852300197708
-9.779695267211853,1.303504121357392,3.3065543125122696,40.33350737032321,12.376039448496845
-9.876899713617691,1.3061581973130791,3.3001317888931236,40.607524532242444,12.344728077318411
-9.764917228185096,1.3024267664074982,3.306111608547512,40.52772958473504,12.208939002855685
-9.729700116477163,1.3014730355074584,3.3119423721511367,40.08144924326731,12.23794253581186
-9.676748444621737,1.3081739249091975,3.2980318607727677,39.67719120050542,12.179845333652015
-9.728844996050858,1.3016417555684507,3.2952108754345573,41.272733497327884,12.224182995813019
-9.7280762151428,1.3019535615799822,3.29893787715688,40.45470771992348,12.270194679026446
-9.757819874391988,1.3014457589807693,3.3043959708705946,40.23918853306859,12.31539834854308
-9.721273185634361,1.301434322730846,3.304955583487105,40.3433669673983,12.219337857419047
-9.72841777437183,1.3019696284897049,3.309087909940627,41.12895226675991,12.223766239198495
-9.696218626319805,1.3034818313972996,3.2998527779227347,40.41151816870086,12.1497857387237
-9.703669569487191,1.3022742086565924,3.30195222606221,40.85040710436266,12.24968862742319
-9.667775980021776,1.303446307445375,3.2971529213961817,40.53059599354262,12.205368027539478
-9.691185897713932,1.3032059583767932,3.2899720602024893,40.1157044777149,12.232678680193015
-9.762461295542987,1.3013607048152551,3.2998413892094063,40.83559136883109,12.215964582226952
-9.768595109137022,1.3015218522617569,3.295384982985041,40.904011601525035,12.255746516634114
-9.640494395550338,1.3028122708120573,3.3025734288130386,40.4472837231221,12.173220289214138
-9.580754048487545,1.2981979014452762,3.292474426717843,40.823389076433,12.18839653985229
-9.747182494206813,1.3052422355384248,3.2970426684371295,40.544438526380844,12.368848267743234
-9.692982103372993,1.299046115985938,3.3010707168145617,40.79208570351203,12.198646897648551
-9.656964518090714,1.299194824088177,3.301489448669652,41.47458719275479,12.208805854875859
-9.809359482763464,1.2972984275288766,3.2998102430100955,40.25173291637921,12.356112897877681
-9.686706025801188,1.2971834245625253,3.307469380671724,40.49457023227554,12.410137636319698
-9.649525550478485,1.301321325458826,3.3062778545432363,40.63082285713724,12.206917959797646
-9.71837190440558,1.303739222747825,3.297262690027736,40.18637030990653,12.247690802114066
-9.703363594184548,1.2978899958541437,3.306437638671145,39.904408143369565,12.283782919992747
-9.757068875022659,1.2995448233051587,3.3070488057951604,40.53936749146376,12.35373683947679
-9.576275966859061,1.299116325175936,3.2995043905038304,41.05835880444818,12.21855082910193
-9.683074483135181,1.3005023836732894,3.3001816124914085,40.634832016837,12.2562164161835
-9.684614098122825,1.302765340127965,3.2997971137874935,40.605689231680856,12.307928701262894
-9.64838494452335,1.3011960020214042,3.2974200024473705,40.343738116663566,12.291376517613081
-9.70442449687974,1.2975030211858343,3.2978173292816417,40.69211198300466,12.251401668235273
-9.65186357720995,1.2988643133865176,3.3052772902895864,40.7642165207474,12.264084437079157
-9.613448849818214,1.2988894991902233,3.301749504572601,40.96305903586501,12.202591753217812
-9.749039816237518,1.297419987859053,3.2977832418117523,40.63139076682867,12.259983648912261
-9.637396445186567,1.295095275888999,3.296296015710578,40.88273364160195,12.259123577647077
-9.665242872088033,1.2955167813476416,3.296967558405546,41.197026785888,12.284596875744276
-9.632493258212996,1.2992380444700562,3.2993445791118603,40.96389229786338,12.245762252132176
-9.661313195744885,1.2992719934416745,3.303652679549229,40.869617505286115,12.297640563420037
-9.658924949683028,1.2961821270265999,3.296559675322305,39.98514554067812,12.325229234626825
-9.57030379692982,1.2969475159823378,3.303606810272546,41.280791156764955,12.28288948869896
-9.723731149987742,1.2986483484940503,3.300787826993285,40.43339566185545,12.29322518346463
-9.663539731197405,1.2926739840505437,3.300571367770128,40.70460496181083,12.278809223414626
-9.599208433656514,1.2950188162072847,3.3041031845925835,40.29242252035141,12.276664511155706
-9.58983754190021,1.2997765744597796,3.303373434871759,41.656274326299105,12.241085958076244
-9.61461558747745,1.2961690821092289,3.2943819284297136,39.78108254036691,12.293486864288935
-9.464163248587479,1.2931420068135357,3.295663945416766,41.666918483036554,12.273290826449362
-9.644840614922533,1.2954653261505895,3.299081934005298,40.88038299678627,12.383301281308107
-9.598393692051022,1.2971043185244502,3.3014238912921248,40.041095099205904,12.35779301551837
-9.652550226207584,1.2897994433316333,3.305458302620893,41.50945849868379,12.298894688412664
-9.662548852016544,1.295076531662248,3.3002602701034496,40.88040849057935,12.241921267464422
-9.61067729535498,1.293810983531127,3.306814785194899,39.835318821552946,12.224919989306633
-9.604274738247009,1.2911040835958296,3.297173297944456,40.622467865740056,12.340558804428962
-9.59696536003712,1.2943846289368028,3.2978496853828823,41.01987518280644,12.294594862034101
-9.60021466307764,1.2937809486512624,3.298777269981892,41.48486581298351,12.305914956405353
-9.579259412520852,1.2938393161164714,3.2967310898974675,40.67778191579861,12.195123505228201
-9.653242181696434,1.2930250283772584,3.304637617927792,39.63475131018168,12.329164371405563
-9.62740213937908,1.2915134056390254,3.288920676353296,41.32880396851327,12.305947723028554
-9.531650551350515,1.290481496930323,3.2979857242744655,41.135979760778795,12.228134038459071
-9.538285289394286,1.2918452478646807,3.3045928291207938,40.03040785054352,12.260502798476034
-9.665129299739343,1.294781172939614,3.298750726075723,40.80681985838831,12.297682956779685
-9.551385452841318,1.2933653785697838,3.3042915458812496,41.07665568439808,12.287533077778376
-9.62521349155914,1.2925980013448248,3.3087907365799842,40.6196864915206,12.27070839559837
-9.560419892116874,1.2904944748821847,3.300321538588143,40.548247111685846,12.280544326489686
-9.594036592651085,1.2916644100090284,3.304675737075979,40.568034284165755,12.273516216314123
-9.496368345347248,1.2937253615231712,3.309676550094765,40.8771217905094,12.294134108942279
-9.646064757916823,1.2931000105759651,3.3016083628288415,40.84975865058078,12.36046602543857
-9.507009111096528,1.290976044299371,3.299807747250447,41.30132574909917,12.158938486194879
-9.53728269839581,1.2865482512519841,3.3036098612697002,40.066302010373576,12.275803407234973
-9.6341651517111,1.2902626004765791,3.304736867013489,40.83405842410666,12.296840577384401
-9.586809396261236,1.2904887856398175,3.2998447388245054,41.021559799633664,12.30317820826585
-9.579466755423391,1.2894824925354549,3.2980646253657566,40.90872304144535,12.270140841870031
-9.55741982885939,1.2903135453700578,3.306869581273185,40.72321805442218,12.201253046838659
-9.602840046025118,1.292616864449356,3.2989175421691113,41.362244064033966,12.30583597133435
-9.54247559250403,1.2907537251649455,3.304774915081929,41.452809853308636,12.37614525859493
-9.561343418688077,1.2926529625036496,3.301051469092811,40.73082812251531,12.213420711428377
-9.549160638853582,1.2875027888172528,3.3073078606306336,40.86844752678678,12.333635692798342
-9.532241429984738,1.2897560894276052,3.296603816309378,41.24425323774744,12.274343011755882
-9.63940519791535,1.2863355915266297,3.2965960783918695,41.23424080206903,12.288022500591357
-9.497444541277584,1.2892086441629773,3.30341794560732,40.67890151348682,12.238757695408781
-9.629172703099048,1.2878194046188538,3.2954786427736904,40.323174954070474,12.274988167501508
-9.545353579975112,1.2923229138408743,3.3004665138499583,41.01895758715225,12.357016007273081
-9.59335907151923,1.2904303006148343,3.306193636931839,40.36385013156402,12.321443781534956
-9.588998762457567,1.2914917951954332,3.292860671444265,40.044003477731785,12.37921827642305
-9.65112555718674,1.288455502653928,3.301608557114434,40.36959850955791,12.351759396584866
-9.545516826954278,1.2871276379756382,3.3048469815572967,41.075831792941145,12.315123665885283
-9.527721795780844,1.2869176490154355,3.299896369339786,41.56600052975612,12.380641006528531
-9.596999833340496,1.2894061905111864,3.2962916286785364,40.52249446806038,12.31566329968229
-9.592612232559738,1.2923510190712297,3.298949567967624,40.76506895703326,12.335376820226102
-9.4986752357428,1.2894117030012062,3.2966459208541035,41.06486755022149,12.279407036444233
-9.504146469020968,1.2876945144417395,3.3002766329000655,40.73226731326399,12.29781544582726
-9.657777161548788,1.2879244997035517,3.2988931777585906,40.393580132633886,12.25986392815264
-9.430888256025007,1.2880983231086283,3.297946957910146,41.272217468212446,12.344455668998929
-9.463822284004266,1.2920739928423066,3.3018645895798464,40.59338278781812,12.236297028138143
-9.500665809963218,1.2903486210729254,3.3063164624884855,40.69170288331608,12.334559843024547
-9.524706491941128,1.2882629410468704,3.301311283515378,40.869551864220625,12.286134264842165
-9.65941002198637,1.2878250394877466,3.305374662281775,40.81016442085779,12.354448035134535
-9.495052488946358,1.2880677787298476,3.306315299591122,40.40379639096082,12.333642359404633
-9.594157177419849,1.2883220739633336,3.2976534387907273,40.759358903371165,12.387338810060882
-9.498338100140238,1.2863725419957686,3.3010994340159647,40.48698150667136,12.333047187697261
-9.484515862466491,1.2853771701343588,3.2983002094234055,40.75728795607904,12.218102746225913
-9.49272609848174,1.2889971437029633,3.2940713446352956,41.329998467513924,12.29354775740099
-9.523884733510949,1.286845038920984,3.301423043474875,40.92269232594377,12.23848006099273
-9.439877029715479,1.288567904758814,3.295791401527806,41.78787397143715,12.271345777097752
-9.611802477277116,1.2898331569090058,3.3019372131023954,40.74751603648099,12.37299488007598
-9.381954333085156,1.287453484371109,3.293776487667435,41.62329646293862,12.329478175448799
-9.347040608772133,1.2870018021129028,3.3006839719979104,41.62382866583281,12.262817324063459
-9.373536054850508,1.2925586858384535,3.293717067982908,41.24763977902637,12.247234668764458
-9.419191533291384,1.2864467889643054,3.3026954590654873,40.63535587159914,12.299710661346788
-9.467628990214083,1.283727267582642,3.298426479705642,41.02269153210328,12.237388893997638
-9.404277808632058,1.2852225963574324,3.298040827569858,40.97833610955105,12.264799554740652
-9.502708659745528,1.2887661843924292,3.3045060194049714,40.766015101914235,12.314091029052836
-9.609330127725203,1.2829533402476883,3.2987137193271456,40.84366814067517,12.356384461315487
-9.410371429761433,1.2839167167766834,3.3004434104082923,40.59942876564739,12.329179551883621
-9.358450774116486,1.2875155608325293,3.299205535172124,40.933560846117174,12.184293933997619
-9.491079830230817,1.284641656426917,3.3020295696773725,40.61301452581598,12.31418798720084
-9.55503991602848,1.2848477248567394,3.3041717796890504,40.788230338836065,12.302676878781568
-9.523394929927433,1.2870994179028326,3.303342541827565,40.645945612888525,12.319869569798481
-9.625707160768828,1.2834046316554073,3.2981333257217713,40.46761417099707,12.380079699160508
-9.365914902565919,1.2817878254719506,3.304836187874423,41.32235556055943,12.196195763131344
-9.553799200494558,1.2818351780496255,3.296334594547519,40.714127650076264,12.269885268267004
-9.468128636600492,1.2856656022779571,3.297030072346488,41.0656652415518,12.329062817306873
-9.479845233910282,1.2849105772081377,3.2994887970567515,40.594030286071785,12.220509140453675
-9.589472202198882,1.282898640209047,3.304187201808835,40.48968668117633,12.373451968348162
-9.460096803384788,1.2818588470606367,3.295319394322225,41.89613777199415,12.318132297109589
-9.504609862822045,1.2835291461446945,3.3035659365765544,40.71181837395997,12.342097910164387
-9.397090684348061,1.2861984021691428,3.299781011620728,40.36324726773181,12.27127006502964
-9.556304602039845,1.2821900279899712,3.2982650659056554,41.02424208105295,12.340548261749325
-9.53031371539608,1.2824338211514887,3.3043912254653915,40.6561849670789,12.353320775292119
-9.605512700676295,1.2812769081590871,3.296789316685248,40.88651335873273,12.31157250913083
-9.591632559563084,1.282823132124241,3.3091427046149997,40.780920883824294,12.311674353181852
-9.351868672834327,1.2841353746177078,3.2992934328458308,41.516213150369886,12.313491460236289
-9.304702424391945,1.2875920733288835,3.300599366816924,41.35074602831174,12.256821313682282
-9.440360921962302,1.283701083487256,3.306171620064314,41.02865725072806,12.292620710204202
-9.493550613130783,1.283063224093368,3.300703718714321,41.47206694488503,12.292373873377382
-9.473757482373696,1.284802794983506,3.3047554755136694,40.16522816651224,12.319166837433896
-9.417189146309653,1.2843769831008172,3.2921873661301237,40.635426620084225,12.349979789264765
-9.44736079733981,1.2817381563862877,3.298229611839316,40.77524043615654,12.247047494173282
-9.423941071555637,1.2874078269076255,3.3015869351136904,40.47498029352547,12.29370385703094
-9.477500188572112,1.28266647836623,3.3043256771904934,40.853244891819834,12.37400138550692
-9.453622266186157,1.2831008503225905,3.3030787862330433,40.8615235347304,12.26271778605204
-9.447493998964154,1.2836449744049794,3.3027041284317313,41.49489207078716,12.258747576386497
-9.422343288700501,1.2831495289873407,3.304244231369418,41.12000462278363,12.30993255769729
-9.513024764697347,1.285425422519218,3.3019000786136314,40.88874595280485,12.341987970396483
-9.404911487065652,1.2811129948729425,3.29142726389284,41.03824161517953,12.30028576925259
-9.491686917465342,1.283779110489537,3.3057688130100544,40.595827823701434,12.366102545467335
-9.442395393898895,1.2824623711219514,3.2966493400038255,41.47152677007252,12.342428559554698
-9.365085626101521,1.2840209294841376,3.3012545000294566,41.75385953700389,12.341608504511708
-9.449493517043207,1.2815491276011566,3.3007240190446687,40.61614656564812,12.327146264592765
-9.427034289008152,1.2812032555573811,3.3001893104762794,41.79395376338635,12.415740331988886
-9.524917256772225,1.2832945990870255,3.2955758372624597,40.68177245387021,12.289011130634645
-9.399162151191833,1.2824741881502575,3.2922452269446607,40.900669049939374,12.19899894092652
-9.457988592266807,1.2800467517389025,3.2959904843736143,41.27314028414655,12.379287918195796
-9.291227397839604,1.2843090982037901,3.3033049537489774,41.642362860334565,12.276084679201487
-9.536901113456167,1.2830148255386795,3.294213512549743,40.89769212301634,12.304252431644676
-9.45366669613537,1.2813347366186172,3.2964788761199677,40.95415271040197,12.364219012515425
-9.286257012266477,1.280481431117493,3.301672186615198,41.89642712865229,12.218505882457206
-9.42809553238341,1.2820823185754142,3.295890301300529,40.89448922609037,12.235908194769967
-9.383605714426873,1.2826126106311988,3.2978278072410094,41.2052809455477,12.218292671754538
-9.369702649921328,1.2780424981507146,3.30032728606428,41.93810968816155,12.258510086965424
-9.407985103271159,1.281922447618013,3.3011305709565204,40.649196486673475,12.320053387003826
-9.325838743550785,1.2824180665468234,3.2958110962072857,41.16486270206888,12.324129929227116
-9.385305572502478,1.2763513696325275,3.3005637716663245,41.63944295972526,12.311577554458824
-9.28895981850612,1.2813933984790447,3.3015954190114547,41.633280379597764,12.226963190709297
-9.366442795589228,1.2823364366053847,3.2949071979038718,41.624721444783795,12.181928286580511
-9.447046158840736,1.2820566250832517,3.300859371904223,40.57675395740999,12.299977448485585
-9.40167709896229,1.2824488702121488,3.297133667081021,41.32509180947979,12.273491618940554
-9.479642676311988,1.2801394041719985,3.3004956607227443,40.926631970980466,12.319864704631732
-9.385845173058451,1.2786667509104694,3.3028923160120285,42.13727644175045,12.331802440319638
-9.422622418906121,1.2771005677637857,3.2992949639175304,41.478506284621766,12.303420524743263
-9.454042518664792,1.2828394653213746,3.303653661663916,41.0829875180024,12.334313156447335
-9.36927232193273,1.2820175854359617,3.303163255936961,41.375814754769195,12.307559478673824
-9.474077338718903,1.2829063444309738,3.303631320381038,41.07356042426787,12.322388915741243
-9.327108613823665,1.2790784756905371,3.3016124397594053,41.6253887754749,12.26043315457393
-9.413929935344678,1.282097305902818,3.3044030675617573,40.82961989961971,12.28646175521209
-9.323869611157907,1.2774466315929753,3.301540381214121,41.89834771361778,12.305051014126734
-9.431361122127283,1.2786768554751697,3.293330958534627,40.607386839565244,12.336002896040057
-9.338324871645908,1.280633137530715,3.2968317173729607,41.40536778692456,12.275048060706425
-9.38714943340395,1.2816744329113263,3.299154971733596,40.895989213045866,12.320546517820905
-9.332436636439983,1.2836743736759837,3.299651107802468,41.35225771077761,12.2809436445252
-9.373015808317716,1.2798060507641573,3.301430955036983,41.64917588095279,12.288100303019842
-9.501939209525585,1.278526010849943,3.29677219249936,40.31118341258517,12.335189593846579
-9.26990125711014,1.2783960474034528,3.3080348348181974,41.39240616082333,12.193791261667434
-9.351974334937509,1.278828993670419,3.2995901667620866,40.7201485323008,12.228345715535067
-9.29358117782726,1.2846225870446046,3.2999692488157684,41.30108464958507,12.21877953226384
-9.277145037263368,1.281671637834222,3.2973170035714623,40.868752653951496,12.175921890160138
-9.405246721117063,1.2823618226464242,3.29598649295928,41.25422084520221,12.258397797427813
-9.448346313215223,1.2796391687077955,3.2994947873177245,40.932839413583125,12.32948547252452
-9.327208436193946,1.2800957376105915,3.3001102028967577,41.6444321427267,12.277466772800175
-9.395732565048593,1.2814809746160758,3.2996523836140184,41.69995811430521,12.301292125041071
-9.342590524107507,1.2790557755202483,3.3066206237721496,41.31907819516299,12.345549592718339
-9.414394990419755,1.279471202633084,3.2994947625944886,41.528672013329675,12.357153579525411
-9.306354667177136,1.2786923741269698,3.299656282902249,41.94027412303106,12.286987395377126
-9.376918006075066,1.2791362816088176,3.30326118191391,40.877322762941816,12.357793076152653
-9.352502243717256,1.2801202291785023,3.299315736684283,41.86898973881749,12.294384080808426
-9.36799628451403,1.2783713780276693,3.302157356274923,41.24923178179167,12.247566285957271
-9.336709954949088,1.2805808045152445,3.2948838210466262,40.93522941894908,12.259369118352652
-9.255968176966897,1.28057358072881,3.2949154219156025,41.60744860120916,12.214709745307845
-9.344651563934695,1.2796430133737604,3.300488234257822,41.281858819018474,12.243971816094813
-9.321842445116298,1.278345207332502,3.2990735296577123,40.79351038741823,12.270114121912057
-9.37904483000114,1.2802101925934468,3.2967639008737475,40.80149054067466,12.327825171429387
-9.396365444069668,1.278992119878692,3.3004874069361,41.86219484410064,12.373309899799743
-9.22196105833748,1.2800983027783925,3.3008364003766997,41.66750782591455,12.217782351020059
-9.296747113461231,1.2822060775065203,3.297160412491314,41.999223471938116,12.306147356750152
-9.327374591345837,1.2775101727944447,3.2979248167023827,41.17862156060631,12.234087888266592
-9.356287010644088,1.2843707780143119,3.3008664661977716,40.96677437454839,12.309453594316144
-9.395268538959021,1.279888031733386,3.2959156861947214,40.53613708882406,12.27876262235416
-9.320198021026306,1.2808675515995556,3.297583868530233,41.74679472248246,12.193364446568186
-9.359407098908639,1.2785506867423726,3.3021357405622345,41.44543871477455,12.330911946140285
-9.287785160025807,1.2823544426916333,3.2999046558800305,41.2614115912545,12.253829003208095
-9.294841985211997,1.2798341170685128,3.298091188624176,41.09325220576958,12.256960560761117
-9.392162545053546,1.2793140003788563,3.2963877227240714,41.66642274750676,12.229739085553351
-9.27659516352611,1.278969589238634,3.2959471545929104,41.37589722067719,12.250078283493275
-9.366827633516028,1.2796035314041452,3.299472978074118,41.19973264677772,12.303747326611656
-9.40453742676219,1.2809986186528048,3.308103250092946,40.95061686827867,12.272445569188951
-9.277339996094172,1.2805304646856288,3.3022631465696315,41.2823362107134,12.297890500890869
-9.269827701430755,1.2801295521365157,3.2946685430284206,41.68039373091871,12.299097749470961
-9.365050384104796,1.2788123642057956,3.302828864669596,40.70332313994263,12.346573645682213
-9.296056074372368,1.2787243006983102,3.2969644535684095,41.44018275112287,12.26293482040594
-9.26349205817301,1.279369842761264,3.2999805704935734,41.85524990719018,12.205759469942553
-9.28871424167577,1.2812425873026325,3.2976445575820645,41.3886680276226,12.332486391223206
-9.293140704318821,1.2816784987348941,3.3080910192514956,41.835409095616036,12.262068457256715
-9.45198260574799,1.2819815066027545,3.2954635683531404,41.63227444675482,12.333884778598906
-9.232809419321955,1.2804194172215224,3.3012544490245417,41.89581409943501,12.296831006864393
-9.275965056096108,1.2812258986038463,3.297258704782995,41.23316758013676,12.27060698324322
-9.381855713527507,1.280159785165617,3.3029553123175064,41.22211322975394,12.29409908620345
-9.452512154961898,1.2770514876997257,3.3011738152802512,41.233283764306336,12.373702084042048
-9.36300204492239,1.2801451094612886,3.305018210584608,41.08609601556932,12.379486389497357
-9.359216008539196,1.2798686682879006,3.302872471178623,41.08032555173778,12.278587079072176
-9.324423012276991,1.2785850655417068,3.297225864524506,41.125828635779726,12.282602973401689
-9.321964214267963,1.2795736745865482,3.3116648103101336,42.37349581188281,12.327875645166099
-9.35196483226447,1.2810254218793624,3.3022217045346043,41.18763404779895,12.23124556143476
-9.41388288988172,1.2785369871551922,3.297797352204686,41.59970446375461,12.289641899893875
-9.314276370235042,1.2794316133487775,3.300822161571385,41.02368634681646,12.271149809749833
-9.377418026764294,1.2840001499919076,3.302523334507077,41.925873961451224,12.287587746683872
-9.307474695292079,1.2777515491862212,3.3023711779157408,41.23362362325769,12.22966810333884
-9.377455295036127,1.2806446635970317,3.3019841123904667,41.26628017280871,12.19129721063951
-9.29943413756307,1.2787339213467246,3.3038659286156853,40.66804261621282,12.166560299997213
-9.264841546720989,1.2796202205008846,3.3034726840384105,41.916957298443286,12.21376900824027
-9.28740858126306,1.2807864111745924,3.2966097353350556,41.95847076864779,12.24612805821284
-9.374773909504388,1.279266557998129,3.308432216416029,40.77554354207621,12.253820729148169
-9.452912333617741,1.2824508246000683,3.3078755512702007,41.564097021596126,12.364755241144818
-9.36068584907716,1.2840679415865568,3.303203859580959,40.74371325807076,12.322601625751876
-9.275876414327339,1.2831130926755274,3.3001547868702024,41.70107404314821,12.21860058662864
-9.31759437427245,1.2835444728925445,3.3002235435308456,41.24962334147739,12.283488672576015
-9.353399012120434,1.278802694761437,3.2987049424208212,41.82770352631172,12.245142379421397
-9.307514722505395,1.2811443476506832,3.2992224631001537,41.48464714208859,12.250666085955674
-9.246644713968161,1.2826350543131853,3.2912528623404076,41.87929786742747,12.273533503932384
-9.334995828545006,1.2835137100905578,3.3061210538116517,41.825111010707744,12.29460368964736
-9.42101769784544,1.2853505385153263,3.304709814566515,41.04155199737362,12.246055102518051
-9.345612330840593,1.28405579864359,3.2932932528302703,41.29721403238108,12.315578488778536
-9.179732700731245,1.2837859606735769,3.303559951659478,41.19606189806326,12.20465189081472
-9.408043750198724,1.2873368098572338,3.299969141568472,41.06390276992907,12.261423661900084
-9.393536182117847,1.2823402375972524,3.299203815442737,41.98375681854624,12.390343330676533
-9.349283680661312,1.2816488628233356,3.3019713660342562,41.603745630634094,12.270961608266596
-9.359965442098133,1.2826624092572276,3.2930288512426515,40.86222929968052,12.330811376891628
-9.320295186095768,1.2805596490262632,3.299955003271249,42.01198668257609,12.263064757041118
-9.275570435154647,1.2826084242852756,3.300317924707193,41.60446040107974,12.286860778216926
-9.32274253231406,1.2791041892392623,3.3003217958582645,41.686684727735546,12.254311030491
-9.248165898948939,1.2815849207506889,3.2945300424065107,41.69987972819389,12.247953182143675
-9.31645926777148,1.2825006779864327,3.3017876638575023,41.53498483675632,12.216817929469958
-9.360490831850859,1.2847193183338892,3.3042392599842483,40.47993279930624,12.276620735446546
-9.347438524073771,1.2851322391624536,3.301629325856346,41.74790670418375,12.21183756938764
-9.454104493804401,1.28107413573092,3.2990832483552865,40.19005683230601,12.286997608326864
-9.33890138341441,1.287246043026589,3.310756162411677,41.728592521445194,12.307281783966161
-9.214128600654265,1.2834846168729506,3.296301700857632,41.61156943577484,12.270638274251178
-9.293457015570528,1.2837631339143394,3.303093805201883,41.74727167953529,12.237288733705844
-9.298166482411819,1.2801441041394304,3.3009730948227225,41.46702738507906,12.273584125719761
-9.34501485241222,1.282237089172397,3.3080492517986935,41.727471067179124,12.23473209384283
-9.365938890901353,1.285675822693822,3.3015469992636586,41.27458143927564,12.29621823996402
-9.22297977387281,1.284015953852159,3.30240462097998,41.66641112416224,12.157140967555755
-9.19889761554019,1.2839934913407876,3.3020228679262567,41.7641088077888,12.231196556332224
-9.188741042556734,1.2843349065696055,3.295766709884569,42.3739748265818,12.147697256830405
-9.242088618408724,1.2810980815160506,3.2965244781865044,41.75593279385065,12.171741039871288
-9.359771734398747,1.2838964205602714,3.298897328493477,40.75371539405942,12.313938724777392
-9.337597897598426,1.2870126575542122,3.303829531269917,41.09921229575744,12.289751715647087
-9.355054833419329,1.2864769748003186,3.300932386954765,41.52909193781857,12.208260643842657
-9.377201654264704,1.2841619187292381,3.2991730604532403,41.749495068910896,12.16834702178746
-9.321424455515523,1.287649600081838,3.3054887992044613,41.06828065045207,12.094478656420401
-9.311422766083053,1.2821151895288412,3.2920702809567515,42.27310551436591,12.214758605883613
-9.406109241647627,1.2828022852490375,3.2948167194793556,41.258023038664085,12.362177808797535
-9.427211906929765,1.28858638104492,3.290013600819748,41.3138031471711,12.2621203573805
-9.31653015126788,1.2861296912744697,3.3048332420196402,40.86531029984018,12.211612038711714
-9.359132426777217,1.2845117234083872,3.2996130954217078,41.727925779166746,12.262054611235403
-9.35987890726304,1.2850957495077089,3.303865167114771,41.10192851570683,12.15995808443765
-9.343454707823783,1.283711139551646,3.2995629666678705,41.014737451802546,12.222340703988271
-9.350579065626814,1.2859967197232596,3.3040927346741076,41.171964701061036,12.241377099732803
-9.363851336377913,1.285958552685216,3.2994929907353034,41.82540833190228,12.231290046673172
-9.29335901771889,1.2857248858596322,3.301639645700391,41.599579054042024,12.274322753140229
-9.452175520502987,1.283488034790604,3.3010540539632447,40.74001486444439,12.251197606239668
-9.46545037511243,1.2864605710345107,3.3013508291595515,40.856947661156326,12.26656008934249
-9.312409583748384,1.284996618943217,3.306738948880831,41.939007462496086,12.197899179113119
-9.346728303708439,1.284209332199635,3.2935023019470373,41.211990986498265,12.276378145436844
-9.346768332253609,1.288841468964758,3.299726466576509,41.530628359135704,12.312099397003237
-9.338642506256257,1.2907751666584544,3.300791948856712,41.64477460175369,12.181305856953122
-9.363713632903984,1.2904497371336616,3.3001931480561213,39.905057669947254,12.18458495814903
-9.364949674622393,1.2879945385023661,3.2984084591177862,41.77585702998845,12.294911006496022
-9.353125423552884,1.2862939321966074,3.2978611348623588,40.952808557877546,12.21770229598046
-9.27375655137571,1.286816203888945,3.3061200586216435,41.308251637257456,12.296603943670158
-9.34043923179258,1.2879009255618843,3.299717115645796,41.93484926119427,12.203425156649084
-9.371952643669553,1.2863830146785702,3.3097517861355894,41.83486459116151,12.297438995050236
-9.18749656818914,1.2899958924314359,3.3021130999454993,41.82211882503834,12.230391503358783
-9.351237665089975,1.2834225421667405,3.2988413777368972,41.588900249065965,12.235854888809353
-9.339219386175593,1.287039223272165,3.3022107153618583,41.71274591675948,12.300301339329545
-9.286035226003511,1.2893704365610523,3.3004357314817505,41.999972725775564,12.203094677170828
-9.266845791701016,1.286216524970937,3.305367997067757,42.089275859449074,12.173240648034458
-9.306087165145406,1.2875660181123496,3.295329110722438,41.43090656235724,12.196977900084335
-9.334773637835307,1.2893739846757255,3.2927952560663414,41.035518701095896,12.241127988496878
-9.290369591820923,1.291364517634545,3.301443924041933,41.3171997305967,12.13932435769466
-9.386480572479723,1.285882273302924,3.3033427835922438,41.277918881339154,12.248582733750483
-9.303446936336698,1.2858770493812615,3.3011436217984715,41.37187917869431,12.188863374220709
-9.243899728474455,1.2868650536196373,3.302689900715876,41.10731177283308,12.272281216064075
-9.204914178822547,1.2858268141221438,3.3021017474508807,41.76488931197535,12.09426211950123
-9.30001342878109,1.2861147459045434,3.294078399218681,40.772858073332635,12.173727323931779
-9.244914821522938,1.287248631487248,3.301124958815226,41.5443253471606,12.127808626794259
-9.370447385162228,1.2918082149686494,3.3052671226542856,41.31890529867558,12.169892944018594
-9.36131378357477,1.2888651599323047,3.3006870678192453,41.32346872693164,12.222656074345402
-9.278691165136864,1.2897009499065057,3.2947601672201805,41.78310358947674,12.200375806680016
-9.24504232985542,1.287876946397645,3.2986645715276204,41.79735776420082,12.195728632690297
-9.383455682386314,1.2912054019711068,3.3022270269188527,42.12215997102294,12.199494673165677
-9.375872414504121,1.2938410750217593,3.307182521131192,41.04117045746337,12.216675784739124
-9.186278069024585,1.2884662610624995,3.292174615675291,41.73917712773133,12.155128095000753
-9.35488371177561,1.2938437345831826,3.3014449284764082,41.37632728560982,12.239941990063702
-9.250779713228926,1.2912765351338023,3.2962711697734792,41.56571511941848,12.236773522179156
-9.341468424956592,1.2907355817227566,3.3020309083853547,40.81112145626499,12.221928959167503
-9.344048052361627,1.291656978835304,3.302351325035914,40.838513531554554,12.229536714367963
-9.371309526247165,1.2917933569103832,3.2990674111334823,41.25996753549553,12.215560081948091
-9.340569696191041,1.2948827699402257,3.302526396809165,40.68850304037304,12.301518164936805
-9.263291160495363,1.2923659323036567,3.3045595828659367,41.339735536993004,12.194431305912095
-9.402059650229575,1.292565295517667,3.2993417131783054,40.93686485934367,12.182449583613291
-9.350659289652185,1.2907983204671745,3.2946513589313398,41.17949044483218,12.159141329679283
-9.268365423417572,1.2934783498575786,3.3057022912843106,41.916199935405,12.144214792209924
-9.326476473479401,1.2900460015618076,3.303314779436164,40.91571280781088,12.132610825119002
-9.357949572019999,1.2923378157129324,3.3022550257265824,41.63202051618397,12.149397328231343
-9.288990229081774,1.2980470871772052,3.297236133403525,41.193504465532925,12.189302263823357
-9.294255694647577,1.2874334404265053,3.3039417434971763,41.23278751921648,12.208546457019061
-9.381150661461854,1.2930699900432727,3.308169702573154,41.42391693947177,12.193380569010937
-9.321813606755903,1.2933093809343452,3.299514758679005,41.24671338643916,12.15153483469727
-9.449519782773864,1.2924729469364182,3.300377970799162,40.743973327259845,12.233805345515949
-9.427545842165879,1.2926836149025687,3.2957392373852143,40.99679739391468,12.224747675270265
-9.344727812482322,1.2934395273955221,3.2971218319937963,40.599890906326,12.178771975620185
-9.338811144206145,1.2929172692505706,3.295701722454468,41.47485151950784,12.153082377559715
-9.429603481025588,1.2940303042067605,3.3005232901195862,39.90005302579958,12.212119838639188
-9.406411980130208,1.2927766807097822,3.2986368841891003,41.54238387294097,12.19306386338464
-9.387339881525596,1.297962720948052,3.3014912010266504,41.47142501739091,12.110222065731863
-9.331535690377063,1.2935804041858785,3.2964323966503697,41.97750253691069,12.178189183613648
-9.486058597092377,1.2953906013430692,3.2993297738009364,41.900713651304116,12.193646297549332
-9.400574332981883,1.2930806909632615,3.2961858550998313,41.57315971789991,12.13451264084681
-9.479829504959492,1.2964528588916726,3.300750286310791,40.78937897673228,12.187939005667275
-9.302742109022175,1.2962217303269328,3.2934707028002137,42.263564736113814,12.104651770246186
-9.506781656694361,1.2957619365893418,3.300606313230619,40.508863382673496,12.243144880688352
-9.395479158140427,1.293037753369405,3.2988850788848536,40.44796023058233,12.237672398944202
-9.262483022298913,1.2937569996971865,3.30072385635569,42.21601953213904,12.161585019998135
-9.276843000566872,1.2988038942781122,3.293390933306968,41.686937272175875,12.191316273903123
-9.417276399670483,1.2940746913247885,3.302618862695742,40.41512017801377,12.05157683261532
-9.323376050821837,1.2970538684664636,3.2988050284296255,40.81110421757834,12.113181645765623
-9.423214437654453,1.2940534688251908,3.300868450861447,41.374085137131445,12.155232925069845
-9.417048754984261,1.2981306342868852,3.292519702955691,40.81791655461921,12.115234827237177
-9.397987264398507,1.2949124253748268,3.295029066895064,40.91356591284211,12.203477695172758
-9.350621266714013,1.2945304794837538,3.2984393833555528,42.0853264401,12.266535896443282
-9.310070500996922,1.2952040752986422,3.3055020005540405,42.2391366440983,12.106750359622152
-9.398528240855804,1.2956933167848754,3.3021090853937203,41.26164847983176,12.122614798651714
-9.341243377893228,1.2977826740363843,3.3005195001655614,41.25731584910979,12.175164128920004
-9.553674298908177,1.297284730579992,3.2963027673362055,41.25363347364897,12.242848148835378
-9.394517799377546,1.2951285041950262,3.295574940201605,40.986321752588324,12.100071166877052
-9.43669812482941,1.2974359796969048,3.3011066207638615,40.23439368339043,12.172536160890031
-9.423022062790652,1.2953781192830973,3.3028027571927496,40.049344057101926,12.250040721810617
-9.354226398308839,1.2991256630108508,3.300835896405868,41.26210786843217,12.075276219686598
-9.36098584092264,1.2996659448646797,3.306838228832351,41.630779754501134,12.092696109072493
-9.385602636174342,1.2981379865592284,3.297270153107055,41.235194709485995,12.134451647125115
-9.37254750400484,1.2989030683638725,3.3007174797630996,41.57888929937218,12.128482001830246
-9.376022514631648,1.3020380150112834,3.293227301103588,41.61188840460616,12.1940179902108
-9.38641731295631,1.2983926776965737,3.3008441820826686,41.78158164117053,12.164344494879252
-9.363254706272155,1.2969935830723198,3.305877492853421,41.34799640775784,12.06238409013155
-9.380591582004662,1.3002147898678522,3.2958339644695522,41.349166961179606,12.175770520145042
-9.329060482908575,1.2969654641468402,3.3033685261678483,41.327159224072524,12.11998800673478
-9.45955580571121,1.2989840646139341,3.3057641589854616,40.9775272391179,12.211449428878103
-9.383485782431706,1.2983816986065517,3.297241148900674,40.604216450681484,12.11520699562724
-9.311271272989373,1.2983505471996342,3.3018677587763117,41.84625108996559,12.11361212191879
-9.477896203738016,1.2994285385617177,3.306318526979234,40.89070349739475,12.171353211216044
-9.310305984458317,1.3019030287211133,3.300921900649118,41.20296870092789,12.181293952194729
-9.49239085047111,1.3024891080984244,3.303146859990046,40.79857112135138,12.164400868352264
-9.380756532499552,1.3023046855477474,3.292904202562328,40.702331802628336,12.056561602966527
-9.473983752180295,1.3012994508572104,3.3023885461070894,41.0178152132225,12.166586078093946
-9.247746428964144,1.3002857306846842,3.3020689509620786,41.71107714285509,12.086809181386789
-9.442332243519052,1.2962598739334399,3.2946951517361565,40.83322050761741,12.1491259801145
-9.402087340592317,1.3018851317376507,3.296142685384119,41.61086576151012,12.065010428151911
-9.442425381124114,1.2967653445659706,3.3024160072087927,40.96778469469889,12.157345639688383
-9.384524684272952,1.2976513708985982,3.298789152382732,40.61788895886065,12.093529398717573
-9.399481112789594,1.3013487534894959,3.304447753555877,41.75051712471868,12.068554874552675
-9.4390850286684,1.3023750993038201,3.301242907722022,41.201215012768166,12.167202350860842
-9.632497042433062,1.3011174904445457,3.300225822266169,41.08031920005562,12.142415803305163
-9.397372480450379,1.3052642841820896,3.2993182038671076,41.55999890070336,12.098454488972843
-9.452821838651248,1.3032908198102982,3.301170728527738,40.715912399036874,12.20052956442149
-9.345750688252085,1.3020410150650212,3.3032117294900645,41.0997331152054,12.104752857443723
-9.342821583367709,1.3054854717343711,3.3021354027720835,41.728071263367326,12.127203304959774
-9.440040321723638,1.3060158929103605,3.298307965358364,41.85400636264094,12.137853645180803
-9.35909306526715,1.3040833782187518,3.304957748210161,41.30712846893755,12.092232359077613
-9.502945423971155,1.3016801072304547,3.3026307769578476,40.74323320107701,12.145577807592737
-9.367221417640689,1.3023021973816784,3.301540935566561,41.93849162397621,12.094151389599384
-9.452192150588802,1.3006811173797956,3.300366788709649,40.844964950570436,12.099042804566764
-9.534829656087222,1.303661345389008,3.3020001982573537,41.061928897591514,12.186555288905447
-9.416360450729503,1.3018173953225007,3.2926732842410993,40.996165952146434,12.06519003592116
-9.288460793965415,1.3034303293926446,3.300965237097525,41.530707521173284,11.995374271944572
-9.463801407968147,1.3047803689092963,3.306560731718264,40.69421633848537,12.195351879460123
-9.409922659908519,1.30046211603917,3.3008799467468175,41.0302902889838,12.24106098283608
-9.47237215395569,1.302072078480015,3.3003339092748276,40.804336797303904,12.092118514752306
-9.327899785951079,1.3037555423268872,3.29761646277811,41.609095705012855,12.014325329221942
-9.472181863524948,1.3048334979226401,3.3019709091208678,41.12092205324615,12.094426169207491
-9.42177227020495,1.3041197091942334,3.2992197023706473,41.50853576005096,12.094420263993076
-9.426342317034573,1.3047350041093617,3.305237199129562,40.8170113844898,12.098014192812476
-9.378221579934316,1.304031812967437,3.2965455212346098,41.16017644551241,12.050617909303222
-9.446855330824478,1.3027131204676794,3.2981907802629316,41.35630195750518,12.134040271501664
-9.50654997105112,1.3047097240186745,3.2975964877723776,41.33038011802464,12.130060485887553
-9.360593620325389,1.3055197538353562,3.3073383163548455,40.70049909711908,12.027885762006736
-9.366049120632077,1.305491723171921,3.29924093735355,41.39502016165491,12.136334851985744
-9.54052077214469,1.306502042219845,3.297807690148514,40.593658378908856,12.202776306867426
-9.570305611132543,1.3072817083980168,3.291637621818181,41.2231091623232,12.10750521020069
-9.419227970075303,1.3079723498562739,3.2963545120578557,41.905746054072395,12.080804188233722
-9.475678937632688,1.3055062705837472,3.3021115397735703,40.00387486648763,12.089331678870572
-9.484353999043446,1.3037857376806987,3.302095502966365,40.76891274088919,12.125954235269957
-9.38622742694972,1.309643954749127,3.2973951870701854,41.33305344434023,12.007415561669763
-9.496126895992955,1.3080345438275043,3.2976173764014676,41.00620850681957,12.100924633461348
-9.472781994975632,1.3055166641173246,3.3074394842722583,41.4302963773158,12.071936092235262
-9.520404323311594,1.308143170238248,3.3107855190502202,40.99081712089042,12.182602990499085
-9.377461148563542,1.3098849430600796,3.304599090360474,41.03318130160685,12.080253835802424
-9.511702983857845,1.3113679099994848,3.3062371195491784,40.56846153340048,12.171105891972797
-9.52017618984673,1.308570778513399,3.307085701052475,40.484233951066216,12.031271845551126
-9.56189282443615,1.3103482857197801,3.3088582861996185,40.579114431064696,12.114567561751317
-9.476929178159505,1.3059685001184684,3.2987922885583703,40.820102449258485,12.09991871739886
-9.525186747669078,1.308474019821768,3.2964869281490397,41.10312745847829,12.03923884435186
-9.579179559151141,1.3080332702906272,3.307333959132553,40.77895011200742,12.090301940691369
-9.47505633766918,1.3095452427670713,3.2961428239282333,40.78952972302127,12.140797454665059
-9.43558975386437,1.312238623677907,3.295885615623115,40.72509397112076,12.062719779123062
-9.466432310419817,1.3096714607177002,3.2959774612629538,40.78608403078851,11.993047581072268
-9.470483064029942,1.3074510481136266,3.2994744146489388,40.833420746396826,12.075502443137786
-9.45660206111392,1.3069535898516889,3.2920624965141942,40.78754559714385,12.029992846476707
-9.447664196583895,1.312925342581993,3.2942675623057602,41.373916720341754,12.056728940975503
-9.45597080538707,1.310813951076451,3.2975106448246665,41.6352761427626,12.068497180195646
-9.609938742258613,1.3108343634712991,3.2952162987446996,40.30969746341133,11.986023156897076
-9.472218040977689,1.3094018176934346,3.304249647256098,41.50326548554943,11.989250692190737
-9.481113365031389,1.3107753153953183,3.3000265928060704,41.31506796518877,12.092863459053001
-9.513661273665276,1.308415203584599,3.3023080876837443,41.04462490231625,12.041349381494674
-9.437786458142465,1.3113122605071603,3.3018701207171754,41.73509278136514,11.937972013415422
-9.480641148149259,1.3083360614223782,3.2991729076409344,40.97061041276214,12.104174086011838
-9.51001000097928,1.310114348940073,3.3039525261009066,41.140738827653955,12.077271789410645
-9.401737826314841,1.309693438698169,3.3018085915407314,41.24601387215318,12.026679766043504
-9.41153285014781,1.3046099527650221,3.2987263989075113,41.19667498259529,11.99525101478914
-9.542104035189489,1.3105757666640905,3.293264360555544,41.0993913887406,12.101600775140875
-9.536742983384057,1.309615328733909,3.302082633569607,40.94508275757621,12.07599462773286
-9.748751622183907,1.3111351703319039,3.2949547864878963,40.688943769679916,12.176372812747168
-9.55031181021795,1.3117014041871589,3.3015211325023635,40.63144833979363,12.076966640738867
-9.613164654539673,1.3153749401138315,3.3003155542346914,40.51823875033024,12.074055814710745
-9.50689704585927,1.3125887102723648,3.2945585232638406,40.7164623617084,12.045036667136724
-9.53766830063565,1.3127868213247116,3.301033588164139,40.77874437826476,12.092933246660118
-9.502383077541953,1.3132482046318688,3.300765277747722,41.40054766642312,12.082059111217115
-9.478095312560624,1.3141380414723478,3.30077979000558,40.85892744918921,12.112100532186462
-9.521249567922187,1.3134394869586015,3.3005879876691546,41.2184852123766,12.022156623749284
-9.387109265608345,1.3132299034240809,3.2973904472555073,41.3319599739694,12.025159965864871
-9.51101657756837,1.3142235559354067,3.3023664365364014,40.80139819158318,12.021681857311377
-9.6374548985851,1.3080814031292258,3.2972493768228532,41.24876321731821,12.083882909397833
-9.612394949232058,1.3172453999847042,3.2957016363439666,41.069654572930006,12.11796650861219
-9.554253203869159,1.3163783862295868,3.3026985348173254,40.89220642798509,12.018809905630555
-9.499369274155303,1.3137638226165347,3.303745722403563,40.96880601595027,12.019216592692462
-9.612368655985291,1.3106331476877298,3.302424792399791,40.81275331229104,12.054861718859506
-9.561590343286314,1.3160084459620762,3.29917122055415,40.26500425583229,12.025571615740104
-9.585502252533791,1.312327541848108,3.292242137184332,40.49901102280642,12.08416348567854
-9.524822505632184,1.3149094821557306,3.3059267606835476,41.13536119021112,11.9226723547064
-9.487076822269572,1.3114014400886833,3.2921796102368455,40.392676232739575,11.992625711784529
-9.500597806536643,1.3185444525996115,3.3023442455736753,40.69975456868166,11.993539245757518
-9.43285109953386,1.3113305196540064,3.308440947404556,40.977280077684746,11.915340738360989
-9.558849468169644,1.3144751571716948,3.3005978657917723,42.04376292024489,11.981874496265183
-9.470281570267195,1.3102139506227286,3.3011649321783936,41.328931759158266,11.98299591996377
-9.644365820658406,1.3144959191106182,3.3015172837984537,41.15020508891612,12.01739525287308
-9.680930535010058,1.3138467223691312,3.3007926693586396,40.31608004160519,12.08179501740731
-9.638762822665761,1.317089469075869,3.309402453935762,40.86729672568486,12.012589429694126
-9.54800424867342,1.314081024706124,3.2966273405890854,40.19992169925112,11.971997042704796
-9.50303490236593,1.3173245749031215,3.2961250934135475,40.86168432089568,12.019384819997944
-9.641241538816178,1.3131134848581074,3.298689995732695,40.91966329353607,12.073385623195305
-9.585376545335423,1.314711046418916,3.306963326370326,40.26221575815824,11.970822997963298
-9.57366882850462,1.3148632258128086,3.2976924935640857,41.00991711894358,11.972785817664384
-9.565372301796717,1.316489135120128,3.301721193007163,41.05968397002887,12.044935284232723
-9.611211408644893,1.316344435832338,3.3042840341649944,40.53657588911588,12.004623981086343
-9.638606298327367,1.3171606770742412,3.3031159344797003,40.38886549194214,12.046767673091878
-9.673126377762888,1.3163572309043285,3.304072295366252,40.367650529234986,12.012403476619836
-9.64692611137124,1.317252337258234,3.3056719454769765,40.56736819618133,12.046861127132198
-9.500901726282564,1.314238904545972,3.3012329268387677,40.87148693976698,11.958715943308718
-9.594021502763951,1.316915933436133,3.2981718044067128,41.015800494576816,12.008557321423535
-9.641263614658348,1.3194572226594976,3.3005888755622417,40.503711758556115,11.997318583774204
-9.499941672485013,1.312982063171445,3.2986437861554823,41.64096711281516,11.945749919305161
-9.602908964532562,1.3174200580074928,3.3100862079268363,41.432131780618164,11.927061824537752
-9.541212497751951,1.3178943429196017,3.2978693733881945,41.012055519209724,12.038214330435137
-9.51866632095304,1.3195606377401463,3.3019325640179185,40.82481371607583,11.985070341538615
-9.585136680601817,1.3181865734049645,3.2939965376034532,40.61641411933724,11.950194978703058
-9.703968067335856,1.3170300515804756,3.3005312735724854,40.718767310880786,11.995191053153833
-9.509702489577728,1.3177832246194845,3.2988515845782747,41.17728095051217,12.055091950082042
-9.541036787629357,1.3155453723337207,3.3027027415433774,40.83752467778464,11.883345147081892
-9.605736003508254,1.3163305858402634,3.3028070121414586,40.63127618870479,11.921241186833429
-9.54571302932441,1.3145248875598308,3.3056679938891733,41.04967126179123,11.948619955974051
-9.62298540320127,1.3202588139578706,3.305350277336593,40.781645792117224,12.066514477825649
-9.559450776863576,1.3182722149560229,3.29973478028484,40.65224945406148,12.006276264653602
-9.692421530566142,1.3156254978489437,3.2962224554299904,40.66037274791881,12.029204308060114
-9.588347611114115,1.3180849296732104,3.296691574601509,40.58119707711883,11.932522105032938
-9.681593093212687,1.31994406823852,3.3012109519040878,40.3361503498656,11.932245261508752
-9.612120676659758,1.3196927722997063,3.3006311444535483,40.77376776197149,12.009304869626535
-9.6462219357872,1.3159323767818356,3.301031706363125,40.47768838662342,11.988520277990368
-9.642736017700264,1.3115990881370594,3.297859558774654,40.42132851551279,12.011736154070324
-9.652463800407245,1.3187352890758743,3.305748949725248,41.11335800782644,11.973608614184565
-9.672890697779769,1.3162471622352305,3.29410926471072,40.49733649605598,11.995592624462274
-9.709434453363597,1.3193405687422737,3.2976381392733956,41.31847575940944,11.988285015476214
-9.627922407063492,1.3200700886644992,3.2956915715654764,40.99481077075128,12.01796142733101
-9.589219980570052,1.3204690645862494,3.2991641072412934,40.49327868292358,12.018117867038605
-9.653859800966492,1.3218021406284042,3.3049862656375915,41.15618424226539,11.895468671562057
-9.574098293575185,1.3208548402051932,3.298848984387403,40.56515561286161,11.862794109979296
-9.665147400302853,1.3219492908691055,3.3004059093430955,41.459044203095885,12.023940547058277
-9.697790744792341,1.3212749756868614,3.3026569714257006,40.69489573822067,12.031935769064077
-9.737218667649014,1.3215145418070893,3.298658734567874,40.74258962602344,11.920215123268266
-9.705299729080133,1.3185642069397374,3.3015305106570447,40.601781664552234,11.876951811189096
-9.725602047099553,1.31612970695439,3.301003023007328,40.655148939640476,11.973593202070065
-9.830452148311226,1.3237338922103088,3.2954767627441357,40.247451832779305,12.013881848861937
-9.641878692643683,1.3189548200974646,3.298142738421794,40.345919270836006,12.055918761991343
-9.67485174835909,1.3213444589859522,3.301418342452307,40.78616653677012,11.99055365936772
-9.679103093787505,1.3178431835054887,3.305128768102629,41.05171355876602,11.944853362149171
-9.798282044121203,1.3209268257235371,3.3051250411690325,39.92717897550837,11.917483778180008
-9.801518423561388,1.3141628550133266,3.308381948121733,41.01315268234756,11.961414706917516
-9.687068352811963,1.3182842447632757,3.301941828623818,40.86631817085075,11.94458148572362
-9.553418806697964,1.3189592043306284,3.298346741781262,40.718399114669744,11.90749467442554
-9.792783628655664,1.3201306801805754,3.2997441906724867,40.2325216882412,12.05938999594581
-9.695074316485812,1.3213974855733819,3.299544940726812,41.35551634208763,12.044915596764723
-9.762100918808349,1.3171116577294228,3.298368479147056,40.85128804305676,12.011165418320797
-9.681208129889438,1.320664917537602,3.3015318213738483,41.093604214589746,11.907027140597474
-9.658681953644408,1.3218418795049007,3.3017179539864565,40.58221140456159,11.994528196533716
-9.749584533208761,1.3241224565961915,3.29530497001223,40.72303728622839,11.982467038716692
-9.767961451114186,1.3208844975594498,3.3043526801910983,40.60382854280791,11.971322430055496
-9.664309071950623,1.3185913549794703,3.292652785579702,40.60152175761899,12.01038881005211
-9.73396800630865,1.3170044771888947,3.299110072188305,40.57576683209109,11.97838549350091
-9.676516086196425,1.3232425620031412,3.3045972610922245,41.09098829753581,11.982330054167573
-9.783201729520645,1.3210935007734868,3.302429565707193,41.07343315828488,11.975888103365989
-9.652964788044994,1.3196080310851661,3.2985721046960914,40.593471737984075,11.959796871787141
-9.670524019608681,1.3164440146313667,3.3078752940538036,40.13372945901538,11.852292346909453
-9.710226793871989,1.3178514532032497,3.2982397059907753,41.236983584816706,11.94437067354537
-9.715117617039603,1.3210051302840267,3.2919921961238066,41.232227935086,11.911097876715491
-9.737954308523001,1.3204773208891363,3.3018109587533777,40.68424637557349,11.873634444872671
-9.784474833729025,1.3159026513215997,3.292885945778226,41.14810271753189,12.020437529318107
-9.814820269185795,1.3210846916613492,3.2966742058862337,40.50140559169127,12.021517882862854
-9.724164098471906,1.316705236431607,3.3024910010602504,40.188048243972084,12.00175179950833
-9.769041290863182,1.3225712591915053,3.298156569336406,39.937065443040076,11.945275354539634
-9.876759515851814,1.3202999719476547,3.3023224380310117,39.71780566695453,11.998771138770909
-9.857000835167948,1.3189741221271125,3.295367602672241,40.28782105964234,11.93056904987332
-9.86734237667167,1.3218978630740625,3.303433920097048,40.07881698611892,11.938834096147037
-9.696994194539268,1.3206396255450814,3.2932362140349527,40.374469363006085,11.872749862797
-9.843168676617434,1.322596036810833,3.305274526431834,40.27089999660083,11.946003577316244
-9.750407038226175,1.3201191684672817,3.298098575052079,40.84237446215935,11.927905295204887
-9.728895101678553,1.3202463717244797,3.3061246340882726,40.32340648599985,11.858486809696618
-9.775016188051188,1.3194072271813087,3.296637950844133,40.163810241608076,11.919794430878413
-9.746878106272764,1.3205111360055373,3.3076990611268737,40.313839524093396,11.917104157469767
-9.813382812264326,1.323387055202593,3.296169355543891,40.741604567250604,12.009706545508754
-9.965651678519164,1.3189900544221704,3.292824205279981,40.04068948770802,11.963278531466148
-9.803190951500246,1.3212943996391884,3.3001724131044767,40.50558118673923,11.917881065209473
-9.766979658195542,1.3182389857903554,3.304935956156384,41.08725010034134,11.928490661280756
-9.691737435908056,1.3158662692691,3.303163154050514,41.75383442636304,11.917006015494033
-9.68557573629349,1.3204129884761446,3.3046518850766553,40.885003493662,11.903395420319997
-9.849355304737992,1.3207356964027586,3.303242080791526,40.517832054785494,11.858167128713765
-9.8146289958322,1.3197700748894017,3.2967189284441774,39.896931191288274,11.903484933626983
-9.875534884973186,1.3169919770298029,3.303065667580341,40.396336447879946,11.872483347316091
-9.680571940855359,1.3205847968087583,3.30037133580941,40.6636542350338,11.84602493334544
-9.757838338137244,1.3204995483513173,3.2971610747191744,40.84122262510358,11.932855992414893
-9.797385436709238,1.3181785656860712,3.300717416349757,40.248490382180314,11.925614091051537
-9.756819285358931,1.3172368299341979,3.2997746967875377,40.56664825482137,11.815473227510068
-9.728364843925924,1.319425204552038,3.3056639700612753,40.78536324272077,11.897433928534294
-9.769303545946476,1.3212204884861414,3.29794049042899,41.22080993803638,11.952114622957849
-9.776912614090728,1.3207310724651293,3.297753529498396,41.071683488863215,11.954053993365982
-9.820987439900463,1.3181177067231469,3.2972054454384763,40.864454062857504,11.951149784374131
-9.84749982128713,1.3201333347143207,3.30758739387857,40.595848065561086,11.900570644944075
-9.761253973585006,1.3216123288040522,3.29742925430267,40.30496143947136,11.85514169060384
-9.75519018213959,1.3174698252770989,3.3051873529297797,40.78023511656726,11.841979941508848
-9.854139321215444,1.3199170391333503,3.2958744499993538,39.9828141860873,11.912168030859677
-9.867486828457016,1.3224440749186468,3.3020264952887732,40.18253879572931,11.912676690318943
-9.803961420750921,1.317187488043252,3.3010500375945218,41.103424690539484,11.956856170716664
-9.770279560949238,1.3220194612556757,3.304933473833021,40.674633567904586,11.946267571031994
-9.887138159895425,1.3229163390263337,3.3043535152983616,40.316528908803214,11.883438199156153
-9.833033618081732,1.3192016099663049,3.300327560174973,40.47621710883819,11.826622474804006
-9.822161437547187,1.318926564553009,3.2978516962822684,40.31814597674427,11.871662692124682
-9.830291682629497,1.321643837829439,3.3064998465564077,39.47708927484811,11.897266974534796
-9.883211277155645,1.3191689645279305,3.297452210193319,39.72782258624997,11.875090808021003
-9.732330044335816,1.314797060023227,3.2909291049005023,40.78223525119388,11.855092006105071
-9.843654966844715,1.3192663271290386,3.2925657381739675,39.94447200611387,11.895424902201713
-9.82104915668746,1.3203638448960218,3.2935397546035454,40.31486739037736,11.856378956014188
-9.74717151016883,1.320860846168549,3.3023827821807994,40.014679730880786,11.848971975136157
-9.906013833302769,1.3175755857199312,3.308857870406578,39.900513290174814,11.894748634757551
-9.869419971362273,1.318751934823001,3.2918401573129916,40.25945544440394,11.8578793780708
-9.958348270831651,1.3211985754775244,3.2968697804673415,40.452847712969486,11.888989563664875
-9.89710225122003,1.319076522030611,3.3003561031791526,40.655526445417415,11.889252228345734
-9.94366812960832,1.3160893397204692,3.306182027862682,39.81880884725452,11.817430628684193
-9.828805525709733,1.3215709300584388,3.2968482499233907,40.46507024401617,11.849152465284519
-9.899343621374307,1.3186148161172637,3.3023631992899345,39.63114127238241,11.943918225025385
-9.879064782221588,1.321171409638117,3.298999643006346,40.26443467528371,11.812742695320798
-9.847497347423745,1.316142546530014,3.310428646531661,40.68633247344768,11.763833700330148
-9.805051857692636,1.318634532408285,3.300578161150533,40.36307732737544,11.775396398301153
-9.969061126095994,1.3198375864135259,3.301422755092581,40.58815264419354,11.868768890263134
-9.891610013227057,1.3185840000336115,3.3003370278370583,40.55154769455689,11.867686519968693
-9.861079679736351,1.3163310242260227,3.2983412537292254,40.37437045987183,11.859089924917512
-10.046186905867879,1.3138607530393012,3.303799481635608,39.807744276004655,11.924512341524562
-9.803885484815519,1.3216167938556849,3.2953638897869566,40.178497114425404,11.728996103809767
-10.025053310277528,1.3190008297467,3.291992150398356,39.36670663274258,11.881272109751032
-9.963713053108604,1.3207714359860876,3.299399221501906,39.554510969860466,11.938387553992646
-9.962142157936453,1.3202268485043995,3.30326225488265,40.47368954637106,11.802769492919648
-9.828076547974606,1.3194934814737609,3.297676892419201,40.949323226551286,11.83901377425505
-9.976966223027091,1.3175859970273773,3.3007459621772925,39.61365289192928,11.819207776060686
-10.005930154232065,1.3191357013211717,3.2951172147144128,40.01541446143961,11.810986067020307
-9.916037233858274,1.3209473544324093,3.3042506532411764,39.53813616541496,11.838244013674947
-9.995623014897667,1.3181730384303185,3.3026076385304175,39.6180405436543,11.92478789173514
-10.074244711477549,1.3217337833926435,3.3000789132764727,39.95544231139452,11.944142265743336
-9.901007544909893,1.3148535367930285,3.3006749191515663,39.99050609606404,11.834338087645431
-10.11099371733132,1.3145592030776565,3.2944256989468195,39.011535155186166,11.945253010703222
-10.009864537755785,1.3196684569791322,3.2946044267048853,40.667816831450956,11.850646630735573
-10.028080451451016,1.3159727595893216,3.2995120343049065,39.92418044185455,11.935423042446843
-9.902184639031672,1.3216135171271177,3.3020549392429017,39.75386850268738,11.84194714169421
-9.881125063143962,1.320116789115649,3.302257514683765,40.28896355676727,11.852041468829292
-9.901473762956517,1.3205311841896916,3.298548268503544,40.16470559711184,11.862641746183986
-10.050099511885671,1.3190375268605385,3.3029815134251654,40.06853120902547,12.002193114553592
-10.131281017310258,1.3153367850004762,3.305683166109654,39.6014960456571,11.884700101646677
-9.926156908034137,1.313771258726049,3.299645330333343,40.27338957796903,11.805660994232465
-9.906210167020978,1.3199892194779559,3.301238655626447,40.56503405532875,11.888365538739109
-9.890076915758195,1.313906887429314,3.2991685834786635,39.6925725126389,11.820718490641736
-9.936060478715898,1.3199819014593837,3.299494774764126,39.85057742110756,11.813220149444541
-10.073097849329562,1.318056185538181,3.300678257291833,40.18950908609164,11.882038357490098
-10.01424008455174,1.316468003582953,3.3068130571562153,39.7509657795903,11.837066310532583
-9.875812277495843,1.3174068914160333,3.303661105508982,40.21570644705848,11.848347700131972
-10.0731626530273,1.3173544068001413,3.3033007377350487,39.66551769419273,11.834028191187384
-10.068027041192307,1.3159187822960932,3.2981850285349954,39.7007359075454,11.849071285289046
-9.947745958900645,1.319073512581557,3.296407299404833,39.90733406983375,11.852406816563287
-9.974053321522563,1.3189022394927445,3.301558141763824,39.54841814241475,11.733229782287278
-10.087110664396524,1.3163268284774192,3.304974981255899,40.00945745247193,11.862329604651586
-9.886245393064938,1.3147103735595251,3.306893617594131,40.652430490007916,11.77882609810317
-9.941686374037218,1.3184159112451916,3.290189451242937,40.046030993219894,11.754741486210861
-10.029787958766402,1.3116513196835349,3.3097855531703737,40.32020925445126,11.822868551093784
-10.082118985337585,1.3164754676005532,3.3016679477929904,39.63932891923956,11.828924150474492
-9.874023507634263,1.3169568874833029,3.303635721456655,40.03190665138501,11.788989116083643
-10.039380776172772,1.313709909788066,3.2930402235624174,40.085517208834425,11.864158698374325
-9.902675796444592,1.3172018903961253,3.2990523766529414,40.365598266400575,11.754444405656052
-9.959209859600723,1.3150880919867614,3.303291391667589,40.03647678907288,11.800155432390175
-10.042564875052879,1.3139348547182492,3.295301008965126,40.18550549405231,11.790211786307736
-10.05847509487714,1.3168369485867357,3.2884467545201295,39.368259061826365,11.816082440070165
-9.951986148470398,1.3126222445028253,3.3013420214092126,39.97443887925522,11.831314785529747
-9.921774591725297,1.3164139848952274,3.2998008693473486,40.54237794698761,11.765940168508488
-10.168373840044554,1.310591773052717,3.3057653483515073,40.04810282022537,11.851515691275113
-10.009168200371883,1.3150076331008693,3.2993603260964615,40.31607387501866,11.817421933623786
-10.003481558470725,1.3144025714725203,3.2996531248276697,40.40133254631471,11.718648296343119
-10.059468471667365,1.3131130612452424,3.3027907100225473,39.73204683563752,11.71429338632493
-10.033346777241684,1.314848190923405,3.3041340817423857,39.25122721220957,11.810587918038584
-10.127735867375227,1.3137852179332035,3.297165006269362,39.64101370862557,11.799140035541928
-10.08060978349624,1.3159281045339977,3.303777995038308,40.09317872539172,11.80400552823794
-10.105339498725844,1.3148123179959237,3.297913064692281,40.10909569821464,11.806769176579314
-10.096678672402557,1.3144696645229648,3.300066086414906,39.596134058486584,11.818441709069548
-10.091952552478018,1.314019225531098,3.302683078971229,39.42888858700713,11.853545286599525
-10.100048163903992,1.3123613741120645,3.3033805453755116,39.45249992758522,11.749610340455066
-9.946119665734997,1.312571290545283,3.301273259625619,39.89029317566136,11.745573494616144
-10.015796188340389,1.3135395166262878,3.295677778691867,39.20955181456571,11.748516098408478
-9.975190610665306,1.312563559990826,3.2925189811630586,39.83876045578611,11.816642088828415
-10.119283715092978,1.3149993954773735,3.299248176047102,39.780583258049894,11.863461354467601
-10.103611405478711,1.3128286280678965,3.303885139434839,39.75362346057556,11.778668528287774
-9.91633077091439,1.3132579360602528,3.301798789765591,40.035230220287175,11.67417582588436
-10.079371070466859,1.3095639577520692,3.30096813202952,39.56555385164153,11.71309031463908
-10.080066352816324,1.314118166967203,3.299971893774134,39.61074442765295,11.755671101575501
-10.03595440749884,1.3109308085471547,3.3012364073738865,39.70604131736423,11.768473331965357
-10.16005825938288,1.3098683769407014,3.296023635292184,39.96207554717584,11.774981060618515
-10.05719339801777,1.315105674174986,3.303120807276661,39.885241629840664,11.796374159051137
-10.059012310216728,1.3130672636243959,3.303385225833688,41.14871165023717,11.777906310750751
-10.0547790668102,1.3134840415705271,3.2985789379666266,39.757507125280874,11.84501306379249
-10.037298302543869,1.3122957940090434,3.3017480305226066,40.100552654481156,11.757801623578233
-10.010939016368942,1.3110565844128759,3.2931338021425196,39.854108453621656,11.747546964073718
-10.13198502650576,1.3105389061607273,3.3007201916638853,39.60229591903858,11.813670997636068
-10.129646990129547,1.312510717555547,3.299467498956233,40.365654646888096,11.712013479166902
-10.002308775524176,1.3130710842018394,3.3050369316274817,40.39440179899764,11.807352550910036
-10.216216690500156,1.310522404631991,3.2992054289712596,38.865690694629684,11.792072046499326
-10.206839039022189,1.3146557721609595,3.3034746580535237,39.17731152657929,11.778652740757837
-10.133614350778656,1.3099671632063858,3.29843530995527,39.67827465572675,11.864523222330067
-10.017639162084338,1.3074241081990667,3.2908555971416993,39.7578765730904,11.753087687633668
-10.173703806976429,1.3066186266970343,3.299097854716759,39.04926153986224,11.886305719908277
-10.070848744647272,1.3065349022981476,3.3007870290204537,39.90462450443038,11.771116116234909
-10.227136257102757,1.3089308555842767,3.300603350014754,38.79447743067728,11.717637886786768
-10.173902291224712,1.3091417261167413,3.3006638020210937,39.702896522104176,11.78408986856399
-10.23057773484709,1.3108175129078934,3.2979741831905374,39.83083519564681,11.725890987153356
-10.082291073709166,1.3092409292053135,3.2987050896970196,40.18451220696608,11.74122900656629
-10.25352915447961,1.3108300108986148,3.2954946246216776,39.43521606325857,11.797786226754726
-10.2441850699149,1.3090774817527966,3.292013577337963,40.11595616123571,11.804835656789288
-10.110084701860496,1.3088584817501547,3.29957416398648,39.912481014856496,11.745074402468777
-10.120307114736098,1.3075194794119698,3.2970191876700072,40.09771588852517,11.82468354101562
-10.200655234800665,1.3113620957454108,3.3043193423159987,39.30418403834635,11.832323445657362
-10.166721567486302,1.3052957112997445,3.2912720652546126,40.275210783761906,11.845402213761334
-10.148834196620637,1.308802424996778,3.301164075196577,39.70114853535421,11.799201175041071
-10.217716062530165,1.3076770035674483,3.3084859490594956,40.19527630567476,11.840049645924275
-10.192202433169843,1.309443701461236,3.2992686142739296,40.158856448574724,11.676990337666538
-10.13453094454909,1.3076778211320448,3.2999890076372718,39.83399331430378,11.754291339632884
-10.120739889734743,1.307575467145434,3.3017053870798856,39.92079499297103,11.725997187561791
-10.131365203119342,1.306863024704779,3.302018077828823,39.66529508858964,11.774473918040053
-10.151837597526116,1.3100203777156767,3.2983659706537574,39.36865165783893,11.739109745815508
-10.253622135649064,1.3070756867487279,3.295966815159807,39.73083500392407,11.758548319465422
-10.196114749758493,1.3108466489985235,3.302610883190202,39.8253873485741,11.860143399082338
-10.189131731405611,1.307287786314056,3.292367754450332,38.9742675145209,11.756731563123257
-10.235408310160034,1.3066222438800952,3.3033289132802013,39.496071740256106,11.785094536595286
-10.210774333175701,1.3061230013311727,3.298432805903727,39.92565707821205,11.751983307421773
-10.245011052891018,1.3073765916779543,3.3000123406163486,40.09627273196495,11.76657879227469
-10.151318613934428,1.304905277943628,3.2978975685150065,39.98748937460493,11.762294831934433
-10.303585949622216,1.3062070531256051,3.3057235304940864,38.785921408607685,11.783615602538271
-10.298821002217295,1.305764895500396,3.300996042829698,38.98058020462517,11.81867472376317
-10.27377457493842,1.3062317322355825,3.298713048053551,39.31405201216313,11.841993556072849
-10.126558944637843,1.3061134878216536,3.298600388417433,40.30640688446438,11.774323945910293
-10.16990136871492,1.3060491950081377,3.2994073714613283,39.41736673716154,11.787543963021536
-10.290870242606944,1.305266393376069,3.309587760706135,39.841699482276695,11.699751676228237
-10.140681329722806,1.3080454629028566,3.2947316465720813,39.469384301512115,11.752133968289714
-10.169264499820084,1.3055833318540515,3.304331528723863,39.87451813008057,11.802779817737283
-10.321571277878336,1.3097804242700988,3.3022724211483596,38.98084605018213,11.798305965372355
-10.388814019053585,1.304498064076922,3.306159247009648,39.1448466050805,11.764834873353054
-10.261479721525333,1.3061457624588717,3.3025162671807657,39.024395948419134,11.79782561659575
-10.182656100253865,1.302605090097697,3.3000134520014672,40.21192760920485,11.777300478863086
-10.175005631165032,1.306687710694941,3.3040801105144815,39.37204780690108,11.81203838817481
-10.302694025219239,1.3023062120366298,3.300919075297397,38.775753362990564,11.765756686081344
-10.131931293426025,1.3044549007770785,3.303019824122425,39.08561062468136,11.732774200530685
-10.390741877538213,1.3028423853448357,3.3057128778552767,39.18434312159058,11.766626316226501
-10.200210750253637,1.3041030936160365,3.30037007989529,39.41635124024832,11.602584434453034
-10.288715240684875,1.3025570801997213,3.2983024600733932,39.682059001496356,11.767543116435624
-10.096472961401767,1.3012755310444413,3.2974247525430034,39.71300750667145,11.565267654849944
-10.13854692724206,1.3021379990655526,3.3018021616303868,40.189292629903306,11.660809395885863
-10.216275671828383,1.3055912865237809,3.2964873263642156,39.41328218108486,11.768870083535857
-10.35790433566053,1.3032694304393309,3.2986007801428774,39.69478411176086,11.769462038016412
-10.186808417121599,1.299583751659393,3.2961297249531905,39.24536036217824,11.686772893494336
-10.221969293380806,1.3041786263355455,3.3020333564736752,38.954728114761984,11.708602848599826
-10.407534887990057,1.3000310904030183,3.296991376917684,38.85559486671903,11.812053488228822
-10.38759511673618,1.3031269570182293,3.294853068350476,38.773312660818696,11.718648303210733
-10.272141182390298,1.3025725635052374,3.2955568983083245,38.959465199887084,11.854324092169714
-10.291772686059113,1.3025247372511448,3.2977156465563024,39.5819154993524,11.741415259208726
-10.37098839653211,1.3048242793599147,3.2980787967244125,39.15229656610845,11.761251157282745
-10.339245183687877,1.2992863187542196,3.3010058105822138,39.37821980300201,11.821036098789598
-10.2704172111133,1.301990817873403,3.299353506845227,39.67018533806009,11.74609171146293
-10.271541954391648,1.3031139746843847,3.3014812431750307,38.78263740487179,11.68877609218349
-10.384645405232634,1.2991336378980316,3.3018024500981666,39.45868137650624,11.732764825293446
-10.18288007328177,1.2987543059729183,3.302961998045714,39.15215791881682,11.735833551048676
-10.205160817399465,1.2994969111694485,3.2923687016927734,39.35895036181811,11.668744890677669
-10.31588226043824,1.300546220002959,3.2954911065146,38.61138524358848,11.723563262634368
-10.303923517799575,1.296901276930302,3.302219546891817,39.65398500442407,11.698623173838513
-10.308923764284529,1.3006505301601508,3.3008456493678526,38.706527284516724,11.781333610001694
-10.378632215729452,1.2965564838375552,3.303907731814218,38.762692035493636,11.73623430247035
-10.286158824546446,1.3017854978441554,3.293823929485926,38.97664986984157,11.719756962589155
-10.392372420500617,1.3000520097319406,3.298099381708022,39.16375115770682,11.72798576102315
-10.327580843482163,1.302676469993175,3.2988144802542623,39.2811306184794,11.743854143663798
-10.40588705255488,1.3000135595057303,3.3006662551519543,39.51298511548227,11.762947026961147
-10.365020209305959,1.2978923736462138,3.3001435094981417,39.22813178519717,11.681534080085925
-10.20071434887916,1.296730556928495,3.301876311128069,39.98487946276289,11.67885879590913
-10.352124046667226,1.2986318373015966,3.299541384155307,39.44748166661364,11.785595746880375
-10.307864786636191,1.2979198385708401,3.3054893450838185,39.00607870397273,11.709173684592987
-10.418430020058999,1.300179056184853,3.3067648371126883,38.89626217120293,11.658382310065198
-10.382628044054727,1.2957761458720292,3.2955284129864024,39.83897726590617,11.750854091832844
-10.322162087452908,1.3015019731223103,3.300180444841054,39.84664809926152,11.75127615419064
-10.290866020848284,1.2998367020394224,3.3031919771012284,39.74789940678943,11.651021284989639
-10.478285931217023,1.2967072865242535,3.302341311926837,39.42562382066504,11.738485704510218
-10.351786886100856,1.3005373809634728,3.298368625502657,39.48247643195083,11.763250541548292
-10.335703617588987,1.2952031212599158,3.301019459540987,39.46263543458366,11.744655685292534
-10.289616570587576,1.2970084413361087,3.293666166741555,39.44065280578525,11.757005630452236
-10.357548482405353,1.293872463091078,3.2999234324862075,39.964442728436836,11.654668522779925
-10.498633332030389,1.2999469593639938,3.294158785181992,38.81686995604706,11.740914644705141
-10.410559043743614,1.2927877481684484,3.302031915856129,39.27500192265701,11.708717555990745
-10.414550706797,1.2930306376764382,3.2955361682076036,38.48759041546254,11.699200200562633
-10.340829312766239,1.2944714054826918,3.3006521326990717,38.746054518547595,11.7663639207176
-10.565718493934433,1.2982151140261744,3.301276782361686,39.594627906251496,11.796301574328442
-10.43995059248115,1.2973101287551003,3.3003034555563735,39.366810920684934,11.81156334635998
-10.317962929726743,1.2954748628199002,3.297472188548273,39.27899473634985,11.787097527713717
-10.369907810424786,1.2970992997622481,3.2991585269991055,39.291514214011244,11.715388020523884
-10.330559256242552,1.2946616817568681,3.3047242866728386,38.79563263550534,11.738033647366478
-10.495627931982597,1.2955688175864017,3.2983015664005535,38.83749613737312,11.758267015640053
-10.47952028312432,1.297859264791624,3.3000857204277825,38.457704722188936,11.725518334559169
-10.299820782526684,1.293894842102295,3.2977728447821644,39.28223625663645,11.725536552621058
-10.399714605653278,1.2926880291849987,3.304081708398152,39.472698997106974,11.759730255817065
-10.379915311888022,1.2949946525434373,3.3003113231006407,39.42148978945912,11.71512808146293
-10.438843597289702,1.2953680452358498,3.2969441039661453,39.757960573504754,11.681182848604406
-10.375963207088388,1.2939424450920385,3.300028501034127,39.36596694020654,11.696483899380555
-10.479353817277625,1.2955628433703457,3.299035872474074,38.049899394135885,11.748468812768852
-10.325982759874872,1.2929885843250526,3.305570328443586,40.1283012875196,11.716494091880204
-10.244318351558858,1.293481719764397,3.299821249973976,39.17508595158251,11.732931459994886
-10.38955364718498,1.2938118184765892,3.2944690044464764,39.285734013607154,11.749006865548251
-10.432911410106954,1.293473960058405,3.301994532945798,39.17490846508681,11.696348188994557
-10.57745120656157,1.2959628912622956,3.307144349733461,38.94145707333989,11.752495453292944
-10.519396514030015,1.2933131236803284,3.3047877235581846,38.980430494718554,11.733223390279937
-10.28701988040708,1.291804435604894,3.295588265364859,39.45223076709408,11.652144260429958
-10.511307534876893,1.2933070098094388,3.2989250874226994,38.4487300577038,11.785609256222157
-10.42553849345414,1.2941081447315343,3.2998772672905408,40.18371611383346,11.688071336023244
-10.337410775372124,1.293478912921954,3.299925804565757,39.5857529718031,11.629973824599297
-10.305336974836518,1.2932086706972457,3.301523847428715,39.410078342044976,11.660101894060228
-10.409134276083455,1.2886161954498743,3.298623595969388,39.918478211753275,11.660932785650305
-10.45054622195296,1.286469149441358,3.2963375046776764,38.6701377149384,11.714230157151382
-10.416086948771666,1.2938472334881015,3.3038072013460353,39.51518195711435,11.697570903786593
-10.458728405390342,1.2920176118287494,3.2955057356709196,38.86047681614111,11.694069265655383
-10.481664922491369,1.290940609359735,3.2967915338358362,39.197603295946664,11.74154890112548
-10.417771363939652,1.2922169441264186,3.2954808759236753,39.334238312035126,11.727216020172914
-10.433006795970678,1.2945281902791717,3.3024488497418085,38.199393697889114,11.72568861185803
-10.320799981568276,1.2933465953202363,3.3004258852376593,38.78573432082558,11.730047130753002
-10.42974217701725,1.292290658689119,3.3035340144788186,39.775091328664026,11.740037460488086
-10.321112933955373,1.2884401844826543,3.296859226334975,39.25690800927688,11.603513615028328
-10.500248983946006,1.2885482176167113,3.29498794753186,39.80013410386908,11.690375466442799
-10.361261996163464,1.2851379101667137,3.298224396178119,39.80152618474071,11.599278520656224
-10.493742404168461,1.2910274351217874,3.2992700108529576,38.92440527481512,11.709789218801756
-10.427795788014912,1.2918281309980697,3.3008363852310802,39.021002690666705,11.707457331953211
-10.438634423465144,1.29184249229663,3.293270433466849,39.78209771949018,11.75967391758693
-10.482665266193223,1.2906650592470275,3.3019149234531344,39.875877441310024,11.766492917500075
-10.318747233520494,1.288858940453417,3.2964230450468417,39.247864911076086,11.716969420473815
-10.362071729213683,1.2878922200806922,3.29741033739953,39.891122524702325,11.681537665910014
-10.403887229153217,1.2872245823574633,3.3046948381245653,39.604232967367906,11.730544413881912
-10.40546238455352,1.2884038463845124,3.291267212618187,39.67009415015423,11.679626706747534
-10.360796763654896,1.2866312859093725,3.301290008108668,39.318864843735234,11.705694783306864
-10.579611642728866,1.291955958030332,3.3012749145202696,38.571809541913886,11.754818660813738
-10.374676730044046,1.2856972983076738,3.296724860092597,38.82889670405139,11.677376313382876
-10.552543585213932,1.2877668172183534,3.2982119827163356,38.373206273830874,11.74530745969294
-10.525802297766273,1.2841482708950887,3.304884187208605,39.71275095668803,11.738657859140728
-10.419524486778077,1.2884745136638518,3.3078516941758838,39.165328935950626,11.656818083239797
-10.429493801695754,1.2877382556190555,3.3042589034675376,38.68310215261084,11.753027888693447
-10.567871122398653,1.2868919948448554,3.3075434866710416,39.26522872562549,11.739042636807406
-10.51653675194189,1.2856035054170476,3.2972346723013297,38.77537761539684,11.708997384400563
-10.460360247414405,1.2873384462959427,3.293679663734162,38.81888930289175,11.665577324920076
-10.47699717530458,1.2861100161216912,3.299789513966108,39.87320966402638,11.660531245930894
-10.424627707261255,1.2867915922503788,3.3032194345444226,38.618463437042784,11.676412112146274
-10.29872691407205,1.2908475631856895,3.292580999575532,39.49656512504377,11.730234307118698
-10.444264997862145,1.287145427891625,3.296294172602694,38.87510197406627,11.655138321007458
-10.550352230169862,1.2877361833031322,3.2967384196279483,38.59909382166251,11.724615843214927
-10.544027587538643,1.2856119098600918,3.301426254249548,38.326402895008336,11.640478765143937
-10.5136633668711,1.2848433838835602,3.3009104782549983,38.99650667936101,11.692195085874143
-10.560365399440254,1.2862387897268655,3.2968993569059823,38.52970880219169,11.707718542236304
-10.53623430196844,1.291166051887124,3.300719244790763,39.164082559712455,11.824335970166468
-10.44354509034899,1.285457893317958,3.2954207792609465,39.0941070582326,11.633062660521006
-10.571620363979159,1.2866312368050645,3.298294300749537,38.73170913539771,11.775383826857812
-10.39359964161085,1.2841282497915953,3.294940842989237,38.86538292050348,11.709135552088883
-10.565268304044615,1.2801522708921347,3.2993990486888207,39.4417457766484,11.722068040425524
-10.522888287620777,1.2839620122843851,3.2967980429645705,39.24849558624161,11.707298536159257
-10.487423932703829,1.2901830550396969,3.302761500080274,38.75261511305931,11.723494862637363
-10.45917209915797,1.2864934878100418,3.299895251717103,38.53797378366859,11.693457335354376
-10.478106347698112,1.28846674611405,3.29909302899287,38.28859163043305,11.773732858323545
-10.483150411396991,1.2843727719608284,3.3070724974759784,39.48864053472989,11.678101242668825
-10.487375470058824,1.280239010055058,3.3015331527080742,39.388918233894735,11.757436673079116
-10.547764128682054,1.2826208559997903,3.2985273836654723,39.323099861116454,11.668512428911402
-10.469208075575827,1.285519079897083,3.2976650586116554,39.01346854948597,11.697629730708353
-10.446538939070876,1.2850881777132235,3.295275309576275,39.42932693227798,11.64696143285893
-10.450036561784017,1.2844811937979814,3.2997364644581806,39.5108045017243,11.72323368485017
-10.667470815427027,1.2833318149956034,3.3012304541695063,38.63714021343669,11.772667437419955
-10.585525813142967,1.2861632046092122,3.2923424960299963,38.68568912747663,11.696477675063472
-10.480500205706377,1.283173736954249,3.294544065892086,38.64848611683865,11.690441248590249
-10.667799144658947,1.2846859261353176,3.2979355888429325,38.83486126369391,11.644500440974387
-10.503091691022263,1.2843560239267071,3.2956072771364258,39.21750215144073,11.688718119216656
-10.436687684344113,1.2831246590109053,3.3001730299441037,38.9640107340482,11.62050020976291
-10.55359751741713,1.2819965970933147,3.300728608171627,38.77730831134073,11.654458903171392
-10.57504883349603,1.282803291120334,3.299510770528268,38.7629843334667,11.711410694181485
-10.642711834471989,1.2873052014678408,3.3022006972855364,39.03107275740214,11.765996351340153
-10.648521462263629,1.2856841123628069,3.297660350889728,38.15322680445133,11.840486244789274
-10.563587532334525,1.2854025124773611,3.2998163805581577,38.430723542406085,11.670682168827204
-10.62724026910232,1.2816925930480665,3.2959867456606586,38.311221349343974,11.771767863616052
-10.60242055218941,1.2802952017579083,3.30113847882917,38.73574612975534,11.712187624020082
-10.566213395689193,1.285269910203053,3.300303632621945,38.99368408908784,11.69244047344646
-10.583193127946444,1.2847940865180567,3.2952058600462193,38.40606344638692,11.721641145667057
-10.446139139900387,1.2831679759683863,3.2993797624991807,39.471324069694916,11.703121525911795
-10.5850866723912,1.2820626269855984,3.2998487125069316,39.41488643608536,11.705565477733694
-10.529444221106061,1.2797873557623478,3.3011240476128805,39.10663060566679,11.679654733734694
-10.56157702479211,1.2843629005706358,3.3012724740262844,39.32596199253006,11.630197319517391
-10.560306431850533,1.284914547460339,3.297115256244225,38.51331831459805,11.622958662622883
-10.68370846814014,1.2810995993951322,3.3030545786317305,38.2760391782439,11.732844996058333
-10.654062625864556,1.2808494279799896,3.302092222715357,38.89772433930999,11.686396284623498
-10.625788077873729,1.2847749362012202,3.297101681639178,38.73306275799778,11.670481088542635
-10.55902266545701,1.2809286170660448,3.2954292118199424,38.52466660636993,11.700770765390672
-10.52668530439219,1.2856913546468942,3.297407393418823,39.51664842988593,11.74015775221941
-10.684631091790008,1.2818373795781872,3.294113408209477,38.75025391064789,11.709500695984115
-10.590994152868419,1.2812059750873597,3.3008320260482966,39.09888168333786,11.667756813641391
-10.688639544541225,1.2819943022721143,3.304734239692303,38.35302032553403,11.761956970810866
-10.632811935581707,1.2810571886434454,3.305686184231704,39.4063395113334,11.779690060071134
-10.526789319085582,1.284010626408773,3.295642634329295,38.884049755652235,11.725552777236297
-10.631610981386638,1.2834589606227036,3.303147217041521,39.14440074442278,11.749607975447265
-10.615830293886415,1.2837940862164632,3.3003380035115004,38.53520828937527,11.763128349091362
-10.524331801774577,1.2819188462698508,3.2904162386155997,39.01879553888864,11.757646556392702
-10.572723086297051,1.2805704360029926,3.2986704114053906,39.07768823949325,11.731963480583232
-10.646849355677956,1.2813997653260998,3.2982252677472266,39.50446413407097,11.73129849284359
-10.59117110876347,1.2805026631985266,3.3048432715838985,38.64176694252883,11.72749247319205
-10.611352164591159,1.2842248332095112,3.296516181964084,38.85832072855036,11.646776547662167
-10.582828761882034,1.2832351957462533,3.3022522573887687,39.07108458048297,11.736819256376284
-10.527119540133372,1.280988039639253,3.299571646660052,38.37982490031667,11.634137744740697
-10.65548431964405,1.279260007228454,3.294216763986856,37.81929542318323,11.66234949015727
-10.616773015028398,1.2841379462088707,3.2977912587657676,38.36811903976804,11.76741440789801
-10.624114560212828,1.2812743874326429,3.306126525840223,39.13864283613679,11.744409523230795
-10.601909433345371,1.2806868834162,3.2993065178051957,39.4827438963973,11.77693645607215
-10.54207152281571,1.2839941738941605,3.303623468237934,38.546662760293714,11.68915651159957
-10.542618694498534,1.279824075875831,3.3034042171509004,38.42807280929058,11.64530713731369
-10.61356882485901,1.280156683553376,3.298206944595127,39.386760740391225,11.691082724100582
-10.54924394700365,1.2802850458830688,3.29486631009536,38.675341418453634,11.708396805853454
-10.658344788147776,1.278066918084033,3.295392726683772,38.53459412610617,11.707440982676673
-10.712841474039342,1.2812864895710905,3.305806668170096,39.15797064900776,11.760377521759294
-10.78922389829145,1.279086764959016,3.3006069496476726,38.939432511349196,11.685837568781759
-10.620806544498892,1.2794279231046948,3.2930647154760817,39.13201311634651,11.721716043128977
-10.63362152940698,1.279119887449422,3.3033358421111223,38.04816849263816,11.654901824810846
-10.597672686005593,1.2793154926509593,3.2928525949292884,38.30127253316523,11.727073537998528
-10.729855362010168,1.2787741645688573,3.29669550302568,38.988492511187346,11.704943218215396
-10.632801724048784,1.2809102709478293,3.300325177490294,38.86155262768605,11.66753286081659
-10.579805090648762,1.2800699969127278,3.310081676319609,38.52929592931546,11.693473412573603
-10.672291780681038,1.2804440339280898,3.303264004313414,38.51759288230633,11.69630305763994
-10.584973998189064,1.2850239249331143,3.298070441061533,39.274446176461396,11.692256659412177
-10.695153710730999,1.279975056532756,3.300113257184041,39.22073666405386,11.794589650727135
-10.618109959794715,1.281467405537994,3.3036788368664087,38.76139076546631,11.70136405813923
-10.577937738119532,1.2816678443577876,3.305687453163332,38.569357321239586,11.694360914270991
-10.511270736880924,1.280078972311739,3.299009442012964,38.867261304379376,11.601958120180688
-10.594088494116656,1.2807281317147445,3.2991255322653594,39.349049240694015,11.662400830265046
-10.665363553209607,1.280199287052478,3.296679805977643,39.198686242541875,11.69424363262463
-10.634530471578103,1.2805418757371223,3.302660634722446,38.80864094900392,11.673396346755597
-10.621602626637715,1.278944106303459,3.3041038879710474,38.54499892651187,11.777071602130755
-10.6834999266836,1.2791106123562292,3.2922452603314807,39.06610608429298,11.700042135110886
-10.670302230795953,1.280116290110725,3.2984127759445334,39.308573355877876,11.773019591521933
-10.653149818295221,1.2761235657441081,3.2951462159129155,38.112297569350424,11.71199651381972
-10.636621622368393,1.283045963985708,3.300603627827704,38.63378408306162,11.711092118909052
-10.688849338369963,1.2843634987954957,3.29504821510219,39.08468492510776,11.705115885500941
-10.742734939534886,1.2803719675281813,3.2947194357977887,38.543999047093074,11.71007603090689
-10.644247741239418,1.2813532103079976,3.3044940771228437,38.51606996875809,11.796162002265772
-10.517671278236602,1.2821769136200982,3.299337623458587,39.03873268726492,11.594583266513794
-10.691976233241178,1.2773595070778292,3.2997603753515996,38.764329254305395,11.610833576815478
-10.599732406889837,1.2818609731282764,3.30172674050794,38.34980024662303,11.684104887511099
-10.571770239399493,1.2791486310706044,3.3038832758479555,38.89277756207822,11.712347885315383
-10.61883461887417,1.2845815755032624,3.298325628669699,38.90926416879645,11.746490264922421
-10.675090581579592,1.2796237473555456,3.298414741585331,38.45348073328609,11.736008439440916
-10.686181193507787,1.281818293450939,3.298431733891303,38.31584233727203,11.693516296114527
-10.660697165931843,1.2796482885834601,3.304326035581316,38.46345063216656,11.764060757873178
-10.6518575529309,1.2844032080843744,3.29972745948161,38.307919848643174,11.76500378682048
-10.640700576375917,1.278991352594575,3.2988356067523705,39.0588470678455,11.72308780633911
-10.677587688410554,1.2823539829151798,3.3015635857274725,38.251368577165834,11.762414138731359
-10.715341760020012,1.2812864346818655,3.3073250167991146,38.644933799774435,11.72831530828306
-10.6050092529553,1.280852492975072,3.3002971325770476,38.64030190708433,11.687016110800293
-10.634430609937844,1.2805142017249458,3.298922211101285,38.44866503849972,11.750393745388141
-10.636769007316593,1.2787359945571564,3.307771994071961,39.27499303525034,11.721451617280403
-10.640231132478595,1.274913257386546,3.305319206569005,38.66722434359247,11.71641141965793
-10.583718058058455,1.282251021215378,3.3047393000259917,38.56480411317645,11.790420972491644
-10.624619714576886,1.2791429410604966,3.29799725298313,38.444713091049664,11.594663946245342
-10.536867838162609,1.2824797157430876,3.297600688863624,39.06189021517579,11.64676298691511
-10.664315653549002,1.2808653195427304,3.2926633821865328,39.00200383711862,11.65873869244551
-10.575074919150367,1.2825853568664078,3.303859667551417,39.3581520936364,11.700379566844815
-10.571056347864204,1.281813056642955,3.300307988601486,38.79082480126406,11.706267934737179
-10.632041269352756,1.2753058166807367,3.292796448491874,38.64482504981189,11.644093154705544
-10.528559921690286,1.2814924388786562,3.304807390408315,38.995261898368724,11.670667970435296
-10.603876348713326,1.2796042403551944,3.298650596183055,38.859097168412575,11.677355555288983
-10.768291938340127,1.2826520582528476,3.299143678237186,38.154593450782194,11.843745934209188
-10.722380924209876,1.2815363939736268,3.2939481228119956,39.140202943554684,11.81144423152578
-10.577284028204245,1.2815933562848898,3.3019687937624256,38.85432064632701,11.701257372745731
-10.591713079199073,1.2798778654171836,3.302007080103107,39.03046984515487,11.70415868427939
-10.691569416433055,1.2786335623377951,3.2998080497877758,38.786642992902756,11.665375940387198
-10.618087314540814,1.2796309126574419,3.2983270482644587,38.92539856240937,11.6279331878376
-10.6429072797559,1.2769362991585205,3.3105058705540147,38.31254673426498,11.71800453464384
-10.664143638243145,1.279396275571274,3.295186529056138,38.66915253048496,11.67447003779313
-10.515624875447145,1.2776910033395372,3.297114252031213,39.881047965276565,11.720639451101363
-10.605757060485592,1.2777876743430494,3.3028330269513733,39.42335336621027,11.64539626381199
-10.644996749188426,1.2809414206325063,3.295942240253347,38.77280956589089,11.687837639791708
-10.59314476992324,1.2818233369297882,3.295647172333789,38.66696467974748,11.733902741692015
-10.692478401029723,1.2807398937662118,3.3045260745857172,37.72793136162454,11.745322098626234
-10.611919092825303,1.2798556032969324,3.3024207668997634,38.57722734226089,11.748430645789576
-10.729484668969816,1.2790095296363242,3.3019365519083768,38.50966301903139,11.662083214681154
-10.711511723443365,1.2803225758532526,3.3007272993961503,38.450049969022814,11.771397742870468
-10.580455586331203,1.2793665818337905,3.2972313864144525,38.74001585905325,11.689213829864949
-10.58548182463543,1.2809408785940102,3.298989315584858,39.078008890672265,11.761433423933589
-10.710458512856773,1.278080430548379,3.2996837007389486,38.17894068453022,11.72982985227934
-10.683748196850821,1.28258452079024,3.3033848654126214,38.74156429274995,11.662118802586297
-10.623246050645033,1.2801076479992353,3.301703429462346,38.7094043529231,11.715709806290333
-10.712130434848739,1.2820554771699,3.2962886261378332,38.222817724499734,11.750374504079847
-10.697456973362605,1.2831400843382743,3.303158168911035,39.274727962557854,11.76334631176722
-10.610300341022617,1.282085478167184,3.2932859758002593,39.078523272078435,11.726245462682058
-10.737728431789142,1.2830935002362989,3.2987183126042625,38.209983220347844,11.810485694576586
-10.810266936999291,1.2774288875937865,3.2954318064916652,38.5863665598255,11.784879247310416
-10.739155428220764,1.2806447763669135,3.2965715862221168,37.96590425109383,11.722283016322335
-10.686002809150871,1.2839063655120566,3.307706345112158,38.362602710725035,11.773238869145231
-10.828324994178914,1.282789787338961,3.294117303414314,38.87437792932525,11.833044540460818
-10.735331456263992,1.2855407590612096,3.296723223776028,38.66994303757919,11.835006203326898
-10.721617731145805,1.2853264804202662,3.3020416070852727,38.66524346424008,11.676214093817057
-10.547521757151573,1.2825921676951304,3.298119988960378,39.29974371798771,11.691924542320303
-10.576572589129675,1.2815656614583855,3.300622230923072,39.091366065704534,11.813139230554723
-10.70665698120689,1.2802307420079038,3.305718198530741,38.480265416555845,11.686626303111376
-10.621404389751682,1.2812753625687483,3.3026185114306537,39.13175307827558,11.674065322200084
-10.715581313662852,1.281491199632928,3.298125270599771,37.89325514413891,11.71653964190373
-10.699402293029472,1.2812032561528734,3.2994651220823967,38.33420554559437,11.762522587341271
-10.559782595722199,1.2806364812182578,3.302122424039143,38.84165442339307,11.737058241219009
-10.682488112995523,1.2833610468018612,3.3025399590646414,38.85411537691454,11.710321628769087
-10.671245274280349,1.286037238180109,3.3000830109594417,38.52750975252458,11.70981581571189
-10.709856341260918,1.2845978592870246,3.3014424360002295,37.86666305722759,11.708591097473137
-10.580515805185193,1.2821752076356425,3.3014463297615184,38.06917706845687,11.700918851068385
-10.924260849262245,1.2849381157688822,3.2996310937839795,38.12424121511599,11.859667215016875
-10.70556597492218,1.2836946715941,3.297579049574414,38.39775783095935,11.761157207048086
-10.696606048989436,1.2830125674567883,3.3029703823920866,38.242797022048265,11.791320518976372
-10.699232370306435,1.2829816244647767,3.301167181846321,38.17062674423377,11.723234422704737
-10.615430990059906,1.2828831637063012,3.291676081136891,38.822648439061155,11.73910099575707
-10.582017329248709,1.2846816233548815,3.2966966579212524,39.356869851330366,11.713436454177154
-10.690479863099778,1.28375654411719,3.2980773135589336,38.67258447174867,11.617248836633891
-10.51205035956425,1.282119329475603,3.299195474573011,39.502140314784434,11.681658652466844
-10.712286647183516,1.282122692708532,3.3048157796789193,38.42583003695579,11.660757794234467
-10.538628146490113,1.2843896698508452,3.31280930361499,39.10012062937485,11.639533886364264
-10.633338145147766,1.284737864659821,3.290164716088702,39.27413940897328,11.69299419469849
-10.735566140863286,1.2833582248375892,3.301217625438531,38.465717888676586,11.819753702586434
-10.695666898171112,1.2818256264215817,3.300278344481067,38.61905512533417,11.752032578328086
-10.706473453592478,1.2866979270777872,3.299278040845309,38.43725959772983,11.819535721567556
-10.66993809262494,1.2863807687752418,3.3021717581814483,38.89712631043248,11.776314473338148
-10.746899042337601,1.2804375646115222,3.3005991549623177,38.86711075577474,11.795655746696253
-10.66358419758212,1.287201428579742,3.2985542640974446,38.81334365659871,11.712250051922286
-10.731340987377788,1.284215434947712,3.3001169706554383,38.4455412365986,11.78426416642939
-10.763041496820447,1.2851256547388044,3.302226266658932,37.87402758076226,11.795278653518553
-10.70644922198164,1.2871355824107107,3.301845885058058,38.56772963915629,11.730791491580998
-10.754706931550997,1.2882788226111108,3.3007545292304785,38.41380462526784,11.78838636551662
-10.710964386657649,1.2870952286626829,3.2976662094889884,38.67246966423914,11.789508787168355
-10.631780755372787,1.2856884476376804,3.3112765715329,38.78315538251797,11.734516366856125
-10.636011116688527,1.2825731204052944,3.3014380532447527,39.35694102689426,11.706654706263297
-10.523101156344467,1.2813910708716751,3.303049852909344,38.67523373183897,11.70439035732307
-10.805784195093263,1.2873200936706422,3.2979687901885555,37.75832638885097,11.76873019783185
-10.650825714183688,1.2883691771313956,3.300758294776651,38.24133441088129,11.781568046383741
-10.650416343805606,1.28417825749935,3.300726432307202,38.44571811779978,11.726408363549242
-10.622130127773762,1.2853914988828954,3.29235220084634,39.18854261308594,11.768185478629213
-10.64145947577374,1.2849411100312902,3.2971333569586148,38.19818401636353,11.796209058582269
-10.69530372301303,1.2850134865736356,3.297059426588338,38.14387167583093,11.799422160716949
-10.698140109187511,1.2884579063494672,3.297598172934728,38.76928226619623,11.846941456384087
-10.746010839829264,1.2868724702082912,3.2957206434593553,38.847700757217844,11.83403570867421
-10.607316319428511,1.286106140253231,3.3001754241452037,38.16567186540506,11.720965687427414
-10.823706120113124,1.2920093330158622,3.3055894344555936,37.643765868595885,11.856057520796892
-10.608701665967764,1.2839562605567505,3.300521954798936,38.467982028264,11.746181679456999
-10.695786926112138,1.2880527372171457,3.295274918177312,38.8713710008972,11.82583076655589
-10.698874398326772,1.2849917644646154,3.295876384387204,38.65954188850974,11.777847389058861
-10.67126286234562,1.2869086364395041,3.298491795403162,38.357484728263785,11.75470581484045
-10.631624841436048,1.2876555490801165,3.294337573941752,39.032522460409325,11.685797944492743
-10.584776330712696,1.2891831885946679,3.3012178283358433,38.8801694680675,11.768478326845965
-10.43353495177666,1.2871083105898178,3.305412395479067,39.08989188246432,11.69996539998867
-10.617132177504248,1.287034397381324,3.2976963831490695,38.11999607391297,11.8271817607491
-10.737581420859634,1.2873486740698696,3.3003045356271157,38.21662974365286,11.855542880026256
-10.607619809539676,1.285886410522103,3.298284157249315,39.567531405059434,11.740748340049414
-10.632053781865675,1.2894513174474225,3.2974814885948924,38.601375186046326,11.796587246161243
-10.701841229280971,1.2888906481620332,3.3007583042716897,38.21360009529666,11.746118112595916
-10.723951673800403,1.2893404872098868,3.2973467780115535,38.39919610452016,11.751866574875233
-10.686711875884143,1.2884741123517052,3.29676639819004,38.67421008012979,11.822922795091673
-10.613650925090235,1.2883713580755367,3.2935228344722822,39.1260357066209,11.783182503880434
-10.802788096121489,1.291253086499622,3.3002583529109546,38.642857823792546,11.873007267350296
-10.693285405599518,1.2910910757556804,3.304268037579811,38.34279078551316,11.762832763377867
-10.65219799258229,1.2920235550550059,3.302829235154169,39.204234748328865,11.83783478226776
-10.660979351230221,1.290086416575149,3.305967973322994,39.0039166418396,11.793666253311098
-10.595426626212603,1.292194641757753,3.2973019381810817,38.631093316864224,11.829516121197257
-10.733460284387181,1.2888060344147518,3.3034032375494933,38.48180012923665,11.768304979180998
-10.517024332367631,1.2893861713388706,3.295589469525951,39.20621896852961,11.789124546984722
-10.748208740786607,1.2923285293283417,3.3028370345829114,38.93346391508566,11.786771139300374
-10.759075985335317,1.2917763900426142,3.3065767491159614,37.87438089528947,11.751690771549583
-10.677712787428508,1.2896606200167486,3.301993526012448,38.67275438971574,11.827549179631179
-10.741335615094949,1.2883017213689938,3.306647246467775,38.50487891441601,11.82791294226017
-10.67354942488402,1.2901397579534817,3.2976050720076957,38.42464756638033,11.826037511085396
-10.698593838533485,1.289332117841625,3.2994630757379464,38.37249184850001,11.874171220411185
-10.70307453952498,1.2943057381356309,3.2963372652193046,39.015601484914114,11.870757197831415
-10.695601421718225,1.2925323851994888,3.3001391593938214,38.82266840198973,11.780513583599886
-10.637120766692695,1.2896367159473257,3.301078695281752,39.56841230001475,11.818888116121459
-10.656515041864658,1.2892355089186833,3.3001041402505296,38.45905279244069,11.770033951072369
-10.58672739377809,1.289926454627816,3.298103444210776,38.88139900213242,11.803364021275707
-10.647478152895832,1.290523669630167,3.2980371369571744,38.82892379475872,11.773194818846905
-10.749303901455924,1.2914667947970555,3.3013806823679333,38.859825825899996,11.885175589717987
-10.760539736966807,1.2941887884908152,3.299362852278599,39.022285623779304,11.823350493018092
-10.65430946094551,1.2901867739510673,3.2953927879793246,38.728825718859746,11.795261349701889
-10.754662970722926,1.2968595945553367,3.2924108558161076,38.05276388597913,11.866844645686857
-10.674626817277517,1.2905552197921406,3.297618046052276,38.36639506275164,11.699637528916055
-10.565106412021827,1.2897856005884125,3.294470925053134,38.92687822286845,11.708471404173407
-10.772862189679376,1.2961427447432343,3.296657720045882,38.903380346196634,11.849980334192235
-10.56227342758385,1.2955716362210665,3.298306778996024,38.296890757778996,11.814227305090919
-10.641346503713153,1.292727955829191,3.2994156033084376,38.24930586793788,11.82474527335782
-10.613301721182658,1.2940193724794482,3.297335976672343,39.076257953107,11.746925803842787
-10.704486658584225,1.2942344140397035,3.308764804432646,38.07357580825923,11.813110129664532
-10.646345179978454,1.2938597696066056,3.294955587865608,38.257300502988485,11.91547702792237
-10.662025081551219,1.2911589430444752,3.3048368498317613,39.130564818138,11.857544796979457
-10.68576806137938,1.2889540009452252,3.2993497279612285,38.53993515155712,11.825856898554525
-10.616495382256815,1.2923949793078262,3.2973698944346372,38.64788444320392,11.796459108081885
-10.729653456040625,1.2978836873505617,3.302350304041565,39.08801061655406,11.799726850460917
-10.682517611792482,1.2981295901684013,3.2981884897949265,38.20977411429762,11.714042725368802
-10.710345248372478,1.2940628989018856,3.296772141254242,38.07371568810507,11.834435185020656
-10.635911534270367,1.2928388663071828,3.3071592396089944,39.37986193793415,11.864881260915018
-10.595592024938329,1.2954796585557362,3.291222159814927,38.90214487238267,11.744883457953726
-10.55434166133291,1.2959703864727763,3.29902050469803,39.16319857742125,11.791654255693429
-10.659095378722947,1.2964632448169018,3.3007602864819763,38.55737561242709,11.767915881675046
-10.57322346870375,1.2903774909409444,3.3056320901327103,38.81091369218287,11.778588883248393
-10.638999279149514,1.3019171511078602,3.2984062764086177,38.44049514836138,11.83060115043578
-10.634283339383417,1.298037013462126,3.31064406097734,38.85868133495909,11.724780863471686
-10.62101766784072,1.2955470840780743,3.303036476245393,39.09051383690774,11.860791650840403
-10.650543169865738,1.2946769125553599,3.290530828756982,38.77730642443928,11.868851275188163
-10.658150431878465,1.2982598314779805,3.29418526908413,39.10806183998562,11.819686999556929
-10.56107601916044,1.297447644488903,3.3009477360031667,39.14280622727714,11.709293504594893
-10.607395956070308,1.2968130552281052,3.295424534970572,38.36583117640759,11.784597973106262
-10.663487462214658,1.297717591245479,3.3021913329785666,38.61512747144969,11.89715712784916
-10.577646523446353,1.2967478881180865,3.2981850808669404,38.66534908980101,11.697708575459064
-10.690834931745995,1.297949687699151,3.295215894384485,38.919703785532135,11.820331487979926
-10.586113646299578,1.298771542056759,3.296141642504222,39.012407693539465,11.77981007857259
-10.687238390873246,1.2981785074726666,3.303407654420319,38.676476284948,11.880144160304559
-10.662153050230398,1.2982469658943234,3.2919081858243686,39.0811294057565,11.807268523122865
-10.641190141970826,1.300624268547271,3.304181099300662,37.9713475946671,11.862333523941219
-10.585570612352306,1.294817924828098,3.3042981474912314,38.587606685719486,11.87152345154367
-10.649059206002299,1.29659011667921,3.298674372784822,38.49456678654292,11.936179314538345
-10.639888335124002,1.2984128829298491,3.2943822294286376,38.820917085200435,11.835341480343216
-10.655566532257339,1.297074031624096,3.302223456836396,38.909991015023266,11.865414292658015
-10.535389135763555,1.29791581860487,3.298054562731295,38.92869861750061,11.773485717155417
-10.782996836482242,1.3014575825382018,3.2939395292770515,37.90802238107688,11.90838848505103
-10.541334160725818,1.298758457448061,3.307636560911784,39.08004039358515,11.81197455759643
-10.705355724681993,1.295572349622943,3.2964623468163112,38.64051328403753,11.82309734069305
-10.69003520778383,1.2985585190818116,3.2941113964530797,38.03244410044765,11.851160542226499
-10.59617253424003,1.2996959050469865,3.30114020327923,38.689494176290935,11.775269410283922
-10.47861075329765,1.2998335659309646,3.2997286102548653,39.19238831308803,11.865995615372546
-10.525339222390409,1.3010407886356996,3.3059447534769735,39.61060508458619,11.904076682970434
-10.565419126064354,1.3010520232181961,3.2984779188996702,38.43353339836336,11.871499063096982
-10.538045950309474,1.300000118324724,3.298520174733193,39.23995627509638,11.77855922163561
-10.706466796960619,1.298066194305075,3.3013409129287843,38.15647690496898,11.852968066447751
-10.605623741432119,1.2997444641756783,3.3007980716848855,38.28050912135063,11.897417089051443
-10.581123821896282,1.2995556106942159,3.300920150859616,38.35311585679361,11.767575977731195
-10.615881670673403,1.3004053163188674,3.3010878059885376,39.01024223435384,11.808899524774025
-10.604995172617977,1.302532146821612,3.300658465179582,38.84196690360888,11.907630030282212
-10.625996583382591,1.3021322135146158,3.2983340681375126,38.62213111432134,11.878475239398634
-10.547715491440764,1.3031461168790275,3.3033307103870753,39.087701811103045,11.886739235173394
-10.750804183935506,1.300903922393864,3.2985604103888417,38.5147201949569,11.960288133315466
-10.593946817142902,1.304862666351129,3.30321740119041,38.8563139375809,11.891916294888588
-10.654489701461953,1.3033653372773977,3.305551048353114,38.56961012325213,11.902560823300334
-10.67619529727009,1.3024176912485856,3.297289836530652,38.23659058103572,12.006383947318428
-10.558766536164065,1.3035733096640172,3.309617933674676,39.55898977415224,11.861339150125039
-10.628010276030068,1.3011883100493498,3.2971495483792976,39.30415209458455,11.833320383296865
-10.58027843318223,1.2984953434120867,3.297178447285393,39.47550661504814,11.895791898651128
-10.601660066199114,1.301672273477093,3.302159963325975,38.58095391303741,11.897541578672573
-10.602908868591157,1.3045531747462868,3.301766249617579,38.52141117779721,11.850448574618646
-10.577351533862316,1.3033910546293477,3.30028726090204,38.67951894738828,11.826359156099517
-10.640420957141897,1.3031290692983661,3.3032730043519085,39.148800863324,11.994668214146882
-10.626106716817361,1.301878914664227,3.301010520170013,38.747709737818134,11.896717452841827
-10.551585454941078,1.299834527496776,3.3082629679900006,38.6795524106586,11.844962574014616
-10.608349073506885,1.3067671694470193,3.299787098328508,38.92884652421776,11.928577176567197
-10.601139674364465,1.3036726894474144,3.296582025513655,38.50314107796607,11.878529453930886
-10.463899114511177,1.3034000923393916,3.297793162812553,38.53004555230878,11.872550897974582
-10.553163676490119,1.3030862407889943,3.3018852975269177,38.945366630093226,11.914519058389995
-10.55308575448861,1.3071086059723107,3.3019438067466216,38.68739920617241,11.823023908563643
-10.560872251008984,1.3065319400613167,3.300825904127671,38.87277545971244,11.906464128942908
-10.668618717704074,1.3030040737316646,3.2966019857117166,37.58881870786805,11.985697372369298
-10.595413173721328,1.3074365767237968,3.304434592479776,38.45234229446197,11.914577471624757
-10.565707961652015,1.3049858991342917,3.307747962626753,38.850561173367744,11.873679009947237
-10.616384217566074,1.304223102983714,3.300116901287581,38.16067530896386,11.868357424579273
-10.51908951832946,1.3050246953777014,3.3072424197725763,38.36886554508691,11.874420786954904
-10.574901480805917,1.3042126310724282,3.3034650239857677,38.86570478903085,11.883466748974364
-10.561110658781462,1.3033043366797192,3.3088747486985866,39.158411448620136,11.878503630364385
-10.604562379575038,1.3076647653101505,3.301890576362274,38.43418881070008,11.94444055665273
-10.324948894720512,1.3058370406641893,3.3005464123030914,39.24525154755043,11.813197487069418
-10.605414232035832,1.307678338324357,3.3033696049319183,38.693562465188805,11.944192808941771
-10.657008180876343,1.3071833240647397,3.2982656600026425,38.06105795335756,11.883345227405725
-10.646061418550168,1.3078704544774766,3.301628469551438,39.18143159471903,11.92241554969382
-10.465160736371338,1.3028453576777241,3.3053228657864793,38.996495547174035,11.848459207568428
-10.490163732738987,1.3053672415189557,3.303278041822875,38.950776696330806,11.972482411397348
-10.607415122857685,1.3084023815070858,3.299876169367713,38.93436311586983,11.96957664969611
-10.480840307534043,1.3048763274314006,3.3008016623763927,38.41432139133143,11.9565202365791
-10.449434203643111,1.3083338902928876,3.303030707125207,39.46910531083059,11.83405052135904
-10.56209613144805,1.3049675444335063,3.3028977864391593,39.296052045485816,11.952493581060631
-10.553938184390455,1.3079424449159953,3.303000257532514,38.94833630994763,11.932531242964965
-10.475386712794366,1.3112895387489558,3.301357752421678,39.23410995354272,11.833277557203143
-10.471286579678898,1.3097781446757435,3.296701821442248,38.92699504166177,11.913580527400283
-10.50797772142583,1.3046862223682163,3.2973393885447755,39.329362176672966,11.934278020242365
-10.575363131129262,1.3102425681335936,3.3018446670590937,38.520097854891084,11.945112556946057
-10.533877509925533,1.312347772042599,3.303325837678036,38.91928564989526,11.927430933387921
-10.40552945193344,1.3144541350839862,3.302807744896059,39.199846490541795,11.934390058018892
-10.537013006324901,1.309966387281972,3.2972991331345956,38.91050019980013,11.994771205275264
-10.49184813751938,1.306442842081371,3.2993953305240695,39.44395414747729,11.983655981964777
-10.407388834759498,1.3101957855482091,3.295302885342455,40.060504265369694,11.780266667849205
-10.485212634353733,1.3126725342081396,3.2944342852815804,38.98563991240175,11.909014071041783
-10.496993907101858,1.3092596060969843,3.3003259172013055,39.19415523932714,11.917921460714105
-10.408058604296743,1.3118725820974455,3.305432625458809,38.862911815990735,11.83981850268375
-10.4630033099298,1.3082589947795937,3.3003992160028193,39.48676197220632,11.933403385213763
-10.517205773677807,1.3108339869768046,3.3076325417154946,38.758594590117134,11.992404279463754
-10.514325609609166,1.3052604327956423,3.2993435841153085,40.22940002688663,11.876911489743746
-10.483174649527163,1.3084884526331793,3.3001248688325875,38.365354781093394,11.949334730631334
-10.477047664212105,1.3105256225011892,3.296035972435923,39.90488273841096,11.887999595628727
-10.495635507953972,1.3099590882343735,3.2986110240666515,39.40521785931184,11.901472514634584
-10.368152011263732,1.308231690841577,3.295240247065522,38.8147992444019,12.010216380061568
-10.56871927100983,1.3099799125993177,3.2938186508628635,39.790340813088186,11.910498601749081
-10.441971760120683,1.3117839981472914,3.2953082748644467,38.744692315781656,11.962018099108478
-10.49088481515036,1.3110968487429369,3.300341100359864,38.8924980295542,11.846628713871793
-10.522559762097709,1.3115349367225766,3.2970531748790575,38.436243453456555,12.034588781464905
-10.342783941207529,1.313019887705857,3.298000508730551,39.25585135550939,11.972889923702361
-10.532962680186792,1.3110116331847288,3.3016394822788984,38.91299572772398,11.934917797064866
-10.53554507959414,1.3145574319939721,3.293804806509914,39.260922117055614,11.97410666785235
-10.44146132187338,1.310000750145847,3.3003241442350095,40.09240283712898,11.876125964910456
-10.553975139378869,1.3159746011648634,3.303392301743916,38.68686546585695,12.007032083787553
-10.410349706683816,1.3144830542224188,3.303738237964318,38.07824841907948,11.932995910070472
-10.4963676126242,1.3116824288868412,3.302066268199013,39.266664032698245,11.940282242489376
-10.415761556109105,1.3119522906424301,3.2997912709192296,38.94835260004877,11.927194449570578
-10.530415631692028,1.3130799485584561,3.2975050444140916,39.66655009803847,11.924037090350652
-10.5888354118656,1.3139984039580244,3.299670564987038,38.80849533294736,11.989096514724444
-10.481064898057163,1.3151237685213548,3.3066138529116933,38.73423389361654,11.968452519166327
-10.569192898099297,1.3103861143221163,3.3010922648101877,38.456426757456505,11.989539620472797
-10.365324583817511,1.3140738117842825,3.299572472518703,39.51850552023069,11.9578083352377
-10.559101958287297,1.3090965226078906,3.3022547710711887,38.771701418214334,11.985204711471741
-10.504108251287327,1.3131045596168762,3.300198896995429,39.57886639867745,11.939899705137732
-10.48107027508869,1.3164955701046652,3.3009031718027155,38.953623650253896,12.073626901329728
-10.443945082235432,1.3108800767818003,3.2990131313810744,39.67795789960741,11.885042676156932
-10.568397021842804,1.3106433245505174,3.298340248983701,38.311152273882,12.027785646940798
-10.355370465320432,1.3144088414913502,3.303984001040786,38.59381120062419,12.034434408405676
-10.480156559846835,1.3168664971300104,3.292198601238429,39.37136192846874,11.92473199724613
-10.506653280763942,1.3148657440803944,3.301914406946993,38.800923200262865,12.080105141547502
-10.474359889867804,1.3105279492372988,3.2980929880539946,38.94585987544692,12.019718095663643
-10.41634779883036,1.311092068225659,3.292379150144677,38.762426814618486,12.019803224585079
-10.40540579517263,1.3147738568808696,3.29610156231019,38.7549878566782,11.973950623752273
-10.474374078649234,1.3123388079408163,3.2998558156428084,39.30551868505229,11.962991969264769
-10.442253174590551,1.3150884748758682,3.3004059169166813,39.107954732896545,11.964687096394359
-10.449051317682372,1.3153237737958416,3.3029600178220537,38.67781690487579,11.99598880109762
-10.413490634092998,1.3140678127161134,3.3032320729381794,39.4892362836067,12.047826766693076
-10.495748496896283,1.3187912345811825,3.293813140147091,39.47846839516711,11.988138768769833
-10.27495336457579,1.316455904034874,3.3015100143454053,39.40656042401914,11.934806880074094
-10.482689556523098,1.317810231766238,3.302914175893691,39.43590085415698,12.022906791258793
-10.437775467247144,1.3173391221254054,3.300875690483728,38.72372710910092,12.029049701050727
-10.497873561255899,1.3153075398556242,3.3020097659408267,39.23513643739527,12.017032189549505
-10.50611284977692,1.3153273322617158,3.2922699167741074,39.05247438492726,12.022881506769846
-10.4529486695344,1.3152283296240916,3.296039140042337,38.77747822427316,11.973367777282508
-10.439925410383216,1.3172919121100084,3.305464188009528,39.94137261176167,11.94177259691575
-10.405724201373571,1.3147339020486146,3.298881166711434,39.28166159395549,11.94612047945721
-10.418072140972011,1.3195884019864395,3.308892415658943,38.92752762713501,11.90906528361416
-10.362050975608446,1.3147490721972614,3.294886310353673,39.28374766852033,12.003994346084935
-10.440385230187085,1.3167709988508143,3.3062550889645297,38.77135178509442,11.989283095328302
-10.435746133888205,1.315983880473463,3.2975571775480614,38.66575637416929,11.97276489284233
-10.340421554599379,1.3156391967349523,3.303449743931793,39.13938904857615,11.848292180111343
-10.297590181353371,1.32098295869013,3.2988184703380328,39.25213466517824,11.935016165865779
-10.401074060642978,1.315856370855559,3.300462712591621,38.87618235463142,12.054733039784734
-10.372906152675034,1.3162199773341732,3.302382173229673,39.75463301537753,11.966768699996843
-10.476125423074803,1.3155948110315527,3.2975465869542404,38.741438525110084,12.019338576668266
-10.412503574702916,1.317097529234221,3.303204425579499,38.80210123405622,11.93308368915075
-10.488953484188755,1.3169039092502934,3.298936505013114,38.54780493585765,12.075862152789366
-10.291835369819996,1.3149577869778262,3.3007121997348547,38.90353603766026,11.99803433892845
-10.346823123769646,1.3164360152004868,3.289419314419965,39.717334426275976,12.021046485334544
-10.478799322048713,1.318591273403689,3.2986506589023055,39.14566822330001,12.124142074086446
-10.438275568910456,1.3195116964684368,3.3050541679534065,39.39957987999682,12.084983558992418
-10.405893231183331,1.3175902169738163,3.3027787087484746,39.595575570084655,11.995141567946398
-10.399891892081328,1.3177433623998376,3.303546182457375,39.06689631179712,11.982116935484202
-10.323337915352877,1.316985197505267,3.3002132707114455,39.94222007404441,11.996808565633625
-10.38661127412279,1.3167827706042525,3.306705098011564,38.976021380450455,12.039888350980231
-10.22662122942801,1.316027619709054,3.301153754866275,39.10846713082476,12.010439580160341
-10.266722715153865,1.3148312179976036,3.297359599671166,39.61600123371303,11.997245629018838
-10.30723293545662,1.316616008150694,3.3034205635004303,39.443353280266166,12.09167362439591
-10.303475728408582,1.3199040194649936,3.3036903934379533,39.45023244539712,12.013910444180151
-10.426945236338943,1.3173207140024323,3.3025183648990697,39.55223806399645,12.135906396775104
-10.307974095296103,1.3175497609965345,3.2983882644501463,39.4265361952087,12.026769675246229
-10.404606422235656,1.3175816892570178,3.3011258886882793,39.31600787913443,12.112803648429589
-10.247623984767094,1.320871541700704,3.305573299443999,40.04859306187569,12.042708433389192
-10.333782468507058,1.316593428070475,3.3019101999779847,39.439107453141744,12.07429475148677
-10.297559616054151,1.3190709616771708,3.294088949853231,39.602584381595435,11.991219933023133
-10.29989316055458,1.3184451743919046,3.2974849451501216,38.83312793877868,11.986065764626696
-10.233376890056585,1.318781796868523,3.297298938638963,41.02090681215511,12.053041716234372
-10.434471591586563,1.3191970606310877,3.296982706352477,38.494719896214825,12.080786201103562
-10.21186823365174,1.31888368158188,3.2915548627910196,39.36053179205073,12.034672887555612
-10.297588721692993,1.3204149580003344,3.3075623101111375,39.17699564349311,11.969641297376187
-10.366355976584371,1.318828528202078,3.296494849547962,40.110494254390915,11.967248300922886
-10.322855825545727,1.3224324859543886,3.296784206761828,39.11404859959772,11.965203982912232
-10.365661722435174,1.3190879407163796,3.292233166179758,39.44542833028265,11.94947858509378
-10.27171783928264,1.315645847898206,3.3034657159387746,39.23145800483018,12.04463212563837
-10.396014187945612,1.320381752261565,3.2996365405884425,38.79193279980085,12.096707475167518
-10.292519643084376,1.3199402201079324,3.2985963455796683,39.64310285502549,12.041081140941778
-10.175790523624906,1.319270552707489,3.298807994590211,39.36083241150148,11.93002704873046
-10.33327901690685,1.3187342935889375,3.3023512175690675,39.416477927303276,12.034804800322156
-10.307110689406684,1.315070705439764,3.2980799139572996,39.63645562997436,12.037497066025345
-10.4230582199586,1.3154512930352302,3.292044395749263,39.91658551918604,12.151730277023342
-10.276685477243532,1.322683583992622,3.2948338562360795,38.941759060884905,11.97536587403517
-10.122954867257297,1.3182596282244843,3.2946261140930573,39.69296418687469,12.029980401628244
-10.280478811141032,1.321402482446879,3.301101271365642,39.394454618689544,12.136097485181935
-10.308981610145267,1.3163043003959518,3.3037200761621324,39.38240801745957,12.074593370367406
-10.329966912004881,1.3174542899123747,3.3058632225194806,40.3675867051566,12.081548717317974
-10.281934578940996,1.3209414393011742,3.293460422330928,39.36679781667246,12.060399879498839
-10.274281404501554,1.3194138148309036,3.3024810803690103,38.44320135197899,12.072454387735483
-10.315738965303108,1.3207273166923053,3.2975397152311823,39.289149724624274,12.096123175126891
-10.2164273559578,1.3196563860879509,3.311693832311262,39.51979440296314,12.018052780660199
-10.344934789366725,1.3192984771770326,3.305534216522605,39.21371376942915,12.103713309270569
-10.286258010380335,1.3183824020501291,3.306807581648538,39.140026300099485,11.992442374497776
-10.246375638353562,1.3173816495290245,3.3032097592809864,38.97872806883393,12.078791905886904
-10.332258579679218,1.3226007170189977,3.3015275527859007,40.19927925650976,12.07259034981125
-10.195811666239155,1.3229540847606054,3.298389668117184,39.73569405629684,12.034117229771827
-10.252533357637473,1.3177647034185584,3.2976027167566992,39.418037174418714,12.065074966740168
-10.34363352388873,1.3176550828502869,3.2967995796521694,40.163783338862864,12.036358308669882
-10.213434065134434,1.3191873138330006,3.3024703026322477,39.22566879579777,12.015175050933637
-10.336334347381452,1.3205818350543375,3.306241611196674,39.568294669313765,12.052352872076089
-10.172129207926368,1.3195539179799278,3.298572768637108,39.156117030111915,12.016106335929269
-10.261583572103312,1.3209316670986853,3.297110604760068,39.77713624100378,12.088716441884564
-10.096029174333225,1.3198476836986002,3.29406598637943,39.35414353428647,12.01634171320108
-10.18661811834654,1.3197289549576041,3.3009787666735737,39.814948985744316,12.110712852365886
-10.264448698026788,1.324794890465208,3.3049170699240658,40.25239691550708,12.017306631065217
-10.334673418788944,1.3189273215433137,3.305117309290879,39.36803300017675,12.049330967751706
-10.254515332629976,1.323265095505652,3.3055137549610274,38.613936749004566,12.047679193926633
-10.328462189068055,1.322884879578376,3.3016616264519802,39.35738421412575,12.146428849267219
-10.118000402688317,1.3210037697754617,3.3003607545493194,39.95618000253533,12.097946632240351
-10.211838233421147,1.3161462256676282,3.3051290090480587,39.936717125474736,12.07210451661788
-10.170196694281431,1.3200619879370972,3.2955597549513893,40.249043208830365,12.108884676262782
-10.175372950969043,1.318970343989666,3.2982366202938582,40.259082355225345,11.979844986044691
-10.217865666647489,1.3200382523782854,3.306843392321469,39.51189273149432,12.08430220095818
-10.257268521938068,1.3178689519710438,3.295701577907634,39.2216875370163,12.187587220307059
-10.139494528730918,1.321502693326387,3.2998621674688087,39.27360672627975,12.095579797812805
-10.182779891321738,1.3219539170255694,3.302525322422831,39.41846031895173,12.09360739830975
-10.274120306264614,1.3223162432636089,3.300330794221299,39.642371593712674,12.118865708690514
-10.119210117535205,1.3192025636502693,3.3045976700264785,39.22212063923793,12.137485360478202
-10.158993169194236,1.3178372767441628,3.3061027126753673,39.311269555440134,11.994075807300632
-10.17382038056908,1.3206471759100855,3.3019186572811163,39.877278874099666,12.011075072831977
-10.360757774527825,1.3234421290517475,3.3055602509030297,39.01988960215582,12.106946404145257
-10.126973587498297,1.320053409261813,3.2962852981421444,39.894047318446276,12.061926618242271
-10.2068251707581,1.3208023571737695,3.2993698430611227,39.26062558016165,12.164508456689832
-10.163382790441489,1.3194095338270508,3.309620764719708,39.788353740358026,12.08438333827587
-10.150232918730078,1.318852544132485,3.3077717216846856,39.39078336566394,12.004648478615342
-10.174405125781577,1.32115462787031,3.2948922431307097,38.890399191589374,12.039205347155502
-10.122187757980214,1.3196030231609548,3.2999489503659647,40.13800723268921,11.966351316141719
-10.13227125887912,1.3205977742203225,3.3005442985060935,39.4570996855119,12.093355937513694
-10.120013437968558,1.320779806672859,3.3016661028190026,39.66052104122342,12.096868105036096
-10.163473388423643,1.3204323860321177,3.3050961706468365,39.396596383829376,12.086287249374495
-10.127408690099879,1.3208241193123522,3.307356636331751,39.9629737278996,12.162675363436596
-10.189221317320149,1.3179719526561688,3.30014966470238,39.754824929943155,12.169876359843125
-10.177657709977142,1.317817962303953,3.3044879431865213,39.861521973246795,12.102647810085145
-10.083532636758896,1.319527338577827,3.3025927843324245,39.613117512254824,12.005647294650931
-10.242938381997787,1.3195405263508775,3.299915476887955,39.49423189629524,12.144458664230344
-10.142999530432057,1.3184965796245505,3.293207367302541,39.88081385782871,12.142573041134956
-10.240477080727105,1.3199853140174467,3.304073894480156,40.13712742755874,12.131482866998894
-10.223542048928548,1.3212803511800857,3.3024207748488745,39.675528410838446,12.166293326012187
-10.226469677260514,1.3217980607079396,3.301558356920453,39.145720783401636,12.060181752092229
-10.192319694662249,1.3222052022066784,3.2960749363799415,39.722518170907314,12.220062489986832
-10.0081524691024,1.3167072407233207,3.3078365490930906,39.917695955385234,12.072852619300528
-10.15159129956594,1.3169655399145295,3.300609887529795,38.89732381638272,12.159482139282783
-10.042154857507784,1.3186654701623364,3.2954344976980683,39.17762756096474,12.038848271063376
-9.955673426665994,1.3193570923554525,3.2947907184807823,40.06205729965882,12.07789473843337
-10.13084766208144,1.318669979700677,3.3027098896018554,39.74542424894498,12.201416353597494
-10.153682712042302,1.317990375378833,3.3028289989589608,39.57473467982183,12.113740487372167
-10.170053178411875,1.3184342016816235,3.2981479593734133,40.013566357673675,12.169966752227078
-10.114391780606967,1.3199555997286192,3.301850500645321,39.39715813111765,12.14100109847845
-10.140961438636714,1.3162742150281632,3.3026704253701507,39.16359907363381,12.125085669421317
-10.170295506677085,1.3235632202486376,3.3005597008839875,39.32913206835702,12.199703860283357
-10.03478268260995,1.31886010145294,3.2971946355162225,39.6865242097936,12.120853665833106
-9.990825017141189,1.3208599845450708,3.303845423796669,39.99508866777653,12.044822438554768
-10.172742007114623,1.3175370268407358,3.3033505252419646,39.33545993665084,12.094867527713646
-10.153974248791325,1.3197830588380377,3.3022707201601973,38.83536097370923,12.16375673635695
-10.125925364888653,1.3187704457423353,3.296665072492888,38.72042711811584,12.157137629853212
-10.010166991353136,1.3202183701306738,3.2946758700259826,40.02892968079334,12.060171671458738
-9.995685472672031,1.3180405400448578,3.300306095641623,39.55702043996752,12.103467230127123
-9.90280567940048,1.321472637439858,3.3037182845064574,39.39224677665023,12.111755401375655
-10.095357152397348,1.3153156761265477,3.3041614915238475,40.05926221547693,12.123722420449743
-10.064184625436818,1.3201274193980674,3.3023375273363995,40.48970316318579,12.074351948647804
-10.01969910949267,1.3183936069809594,3.298198183287546,39.92281836550682,12.112878075269842
-10.090522828526174,1.316045627142922,3.296783170400023,39.926330395514995,12.109012361810924
-10.092632339179174,1.3219111483138652,3.299932532680013,39.92550168047505,12.185163035437181
-10.107096588431244,1.3216277767569802,3.299970464034833,38.86054676553891,12.188183133580551
-10.212699036376842,1.3137046390763154,3.3044291811727944,39.93006297012429,12.14157442819812
-10.038927743061414,1.318126589074873,3.2980811424147154,40.418097221254726,12.130398010206465
-10.067639097882962,1.3191036316595548,3.2984134028935026,40.599441476071426,12.158128408715612
-9.953586679739955,1.318493655078999,3.308219964401091,39.91777871624188,12.111432753515432
-10.018349324691316,1.320557902502817,3.3062048889455475,39.50925314498444,12.096046321714743
-10.096202598962112,1.3200573717882123,3.2964688782353435,40.35101781010046,12.10750036202673
-10.041111767299386,1.31788641588881,3.305875007595788,40.11734062241214,12.123891319249584
-10.13494638311964,1.3218228614742593,3.295512473013724,40.079972716744564,12.098575879425171
-10.11234617583712,1.319053645293232,3.2982637651367614,39.51647710495332,12.165967155048705
-10.012822831199376,1.3163871129359634,3.2987190260087202,40.08297930429157,12.195461562959148
-10.004943324259704,1.315893934949921,3.299689633509008,39.56875338371346,12.080729439734771
-9.972127569756397,1.3193927068472853,3.30247902534879,40.0536489322046,12.162446318064848
-10.136433966297973,1.3152262216308677,3.3004258932731436,39.58797699655455,12.151295551647081
-10.04407275150589,1.3158974794588054,3.3024589094175414,40.84927607437329,12.180467144781348
-10.046262756060917,1.3161413651076834,3.298392636549759,40.1269263719673,12.163841030450795
-9.921432359487131,1.3172341028339152,3.301496890495761,39.29633275388265,12.092901131597037
-9.940265251037756,1.3160369082033199,3.3003158673539126,40.11884732767704,12.103551604963023
-9.971458471046175,1.313689661280307,3.294446679702257,40.20435145293158,12.169229049820471
-9.939560016173933,1.3185462975876998,3.301932040834764,39.9312958468092,12.220280524295795
-9.97012260212925,1.3153106404739752,3.300384221473945,39.6186511223678,12.0592125025253
-9.928997274027989,1.3200553804113764,3.2971443616752145,40.40621188248765,12.188285357768969
-10.089918769900898,1.3165183423474456,3.298300631486282,39.43560749609575,12.231554031169695
-10.055619806965876,1.3183384181251874,3.298398717020903,40.11893787357908,12.16549226320086
-9.96025009811052,1.316958163472174,3.2990203261023003,39.66114895267897,12.201721011514604
-10.06143474718133,1.318217794929444,3.307035832482528,39.66356998153641,12.14012144564634
-9.948444351732777,1.316618415259414,3.3083610177559293,40.48557132882412,12.170367265723899
-9.936260499812741,1.3158369511256056,3.289095845266621,40.32314864610079,12.096347218593667
-9.8570103942182,1.317440787604963,3.3019526975872955,40.298547675682144,12.06122967060446
-10.004134316931324,1.3201128079385787,3.3038198054740366,39.97976982607296,12.226635670232461
-9.946079555302747,1.3144866610849377,3.29913569288795,40.14406215862641,12.131294760559392
-9.929192594563181,1.3165003558828583,3.303712360339127,39.82499812892915,12.158811804162696
-9.97330448144158,1.3147831235152003,3.3066166707548508,39.44671213267891,12.113306316039106
-9.97240018044923,1.3156877162630858,3.2945126320392637,40.28286883639468,12.113166698856142
-9.929536476566126,1.3146407825955084,3.3005350475448996,40.7529670644291,12.176006557592967
-9.942937881872,1.3101207384359863,3.307826988708452,40.35581740780013,12.149249325086167
-9.99038078346802,1.313914510124617,3.2950489387960067,40.12090739930227,12.20565294089102
-9.969846638555367,1.316191562924591,3.2995390706355137,39.57689709205731,12.210403962604198
-9.862988145439868,1.31253852794109,3.2982064108956233,40.624893417477544,12.20483859963118
-9.980261881316903,1.315786251078082,3.3042075709603185,40.23203399234755,12.201741638115177
-10.012557416863379,1.3141859316081672,3.304764983788785,40.27894376660637,12.269711876329923
-10.017626173080728,1.3133090349566083,3.300649309432574,40.378304058099026,12.138452012141931
-9.940115604068911,1.3153759068277828,3.3001288371876405,40.75417157867964,12.190089539595816
-9.924931632226475,1.3147975662111062,3.2931234086179146,39.704247995288675,12.25047168491887
-9.914549821579998,1.3141468011675546,3.305692010084578,39.65530958328445,12.258061404965957
-9.888153155378639,1.3152066980507953,3.2985873347385724,40.28295530947149,12.124739743271588
-9.86211482078253,1.313449281585023,3.2994306997661744,39.906763090881256,12.181199936614359
-9.914437727594855,1.3096209468990623,3.303886399210478,39.73284287263134,12.265709799323384
-9.867369731366303,1.312020248070243,3.300790398701929,40.753298837698495,12.224189969724675
-9.864355922761469,1.3090329228432491,3.3040153678016457,39.867663116433434,12.20952765137424
-9.815980987009736,1.3138207324970197,3.3024136405438616,40.363611172699734,12.189854947235924
-9.913299259211604,1.3141617252984463,3.300815148243343,39.5208311897776,12.182519995945013
-9.996634209552072,1.3141151109073486,3.301241770913881,40.03194720589911,12.217088015439215
-9.860767047938202,1.313071345132963,3.295508909013694,40.751592926628774,12.191021517410658
-9.85609791654811,1.3138895343640733,3.2994040794820023,40.77304147316204,12.202470576966526
-9.80885869301914,1.308660095480226,3.3043361881997213,40.80027949051635,12.20948483240366
-9.804363997960314,1.3114568867359422,3.2964054397904317,40.359923216506736,12.172602796283451
-9.79186979136628,1.3087000181551272,3.2971388956852072,40.860862224830534,12.234060385428752
-9.92806347202428,1.310670142417617,3.2964815028504835,40.315905554845294,12.35410974355847
-9.831351031972046,1.3144753894765486,3.300613522387624,40.161719416049785,12.120487805986201
-9.977811476372052,1.3132845885415492,3.305610115411084,40.19705765506704,12.226473405499455
-9.846231632958405,1.3122770679975826,3.302188639977512,40.66180613962545,12.173194912905846
-9.928419658114082,1.3104428056601616,3.291292149680561,39.61207352730168,12.241002163231926
-9.86642221205157,1.3086715825589514,3.302594500000563,39.84298869524557,12.21538348635338
-9.890841261634765,1.3108847417991267,3.2982316397816533,40.16087244401135,12.252067873448377
-9.873268518551258,1.3125831519694524,3.302037529409904,39.76475971296377,12.273665911852834
-9.87995685940917,1.3110318680673652,3.29940199929866,39.745674513357045,12.225422995990005
-9.83863069229822,1.3068902906006532,3.2965581737750447,40.15450378671241,12.273311803038636
-9.968339058567683,1.310119674828138,3.2997141136334305,40.46011749468117,12.100397416614252
-9.889048188359736,1.305931822785289,3.2982341195985003,40.61116401573679,12.298033905860521
-9.795045563079182,1.311214129825179,3.301230859792888,40.538340943423464,12.238159218080368
-9.769696176959792,1.3080662981364004,3.2964559798120847,40.53272004194827,12.274188920617965
-9.777675798677636,1.3068519024761152,3.2955009205821146,41.279639774011045,12.16018941380096
-9.727368329221033,1.3107791301548108,3.3029283273899073,40.329522952572056,12.180526944165782
-9.839885910671406,1.3101064517619188,3.3044353580054655,40.41665783265043,12.230240362350456
-9.842921891546403,1.3092962368227294,3.3023202311716657,40.078561034557694,12.222965318051637
-9.81598032887558,1.3130579250542889,3.297404908661308,39.85307080771768,12.2388401456372
-9.865125081640329,1.309786918497127,3.2970397202599337,40.74370226263673,12.279777700290193
-9.837786566379739,1.3070687660330458,3.297270043067289,40.20234469412753,12.138151858301688
-9.887393739985967,1.30923821215032,3.3035615797190014,40.50314130791604,12.27596044890108
-9.896231488952042,1.3074681498041536,3.296699804567434,40.10908542616704,12.228535885177907
-9.789662762883951,1.3104137099100208,3.3035361620385175,40.919329340044776,12.21878064787853
-9.786166517712466,1.3082814343480174,3.3025476126298297,40.02877229736648,12.156257571216448
-9.854992621125573,1.3083180263078031,3.304950907926135,40.755579842884,12.25580498304088
-9.791622308357887,1.3045115671290077,3.304252612315952,40.77443753114721,12.110781982464765
-9.801058656058222,1.3073565681464185,3.302170622329125,39.68002768194158,12.264737493786592
-9.728204376387525,1.3069583432700769,3.294125275266533,40.336848076942196,12.158538496663443
-9.878686500170204,1.3048589196648754,3.3024405135034276,40.65095845662382,12.236638240558737
-9.880989997750918,1.306300289178023,3.300461893568129,40.892951054306415,12.22882400518933
-9.775868600774206,1.3074502290856684,3.2985069850449054,40.73446132590759,12.294071986628918
-9.879138698891788,1.3064049560521935,3.3054488969909377,40.08309936699305,12.227470467631322
-9.748094535953335,1.3034238984954158,3.299394657321961,40.11647514945286,12.20249994406587
-9.685821557020688,1.3055356310230484,3.297882204332201,40.855018677677826,12.21267586728881
-9.727377017057192,1.3049795187494473,3.304496224671708,40.374837549309,12.302444739198119
-9.759055911051366,1.3061356485182427,3.2983796292388887,40.32846371526204,12.266405501473233
-9.73496732762456,1.305752301960841,3.297682027117509,40.44040256375703,12.22109464473116
-9.643330899004646,1.3045902010449064,3.2954913835910644,41.066041050136064,12.229334737186939
-9.882464782999392,1.3043438783609231,3.2967192959143503,40.9576484648377,12.163574526750972
-9.816380588444378,1.3052110290596917,3.297062442637669,40.77799055638197,12.262128808355062
-9.681136022754671,1.306833529428131,3.3024841900892614,40.641548524912096,12.15548140920473
-9.81230965589939,1.3052954752671029,3.2959237107785917,40.015703044690895,12.281824478798669
-9.699347278939312,1.3074145903439618,3.2925686444963924,40.868349687574366,12.251423546173067
-9.829798759110037,1.306664743217474,3.301212919202246,41.00657962119834,12.365093203265394
-9.729605404341337,1.3072213008663798,3.297464194831343,40.94220451923312,12.191487303696434
-9.77618153049173,1.3067944438180528,3.2999349323284948,40.530729360036595,12.242104752034573
-9.835834157154997,1.3070120312178,3.305129663903065,40.132726251456575,12.33789130978431
-9.819400928362505,1.301408494289236,3.3002861789846345,40.49926706082217,12.308280753781084
-9.720382223305215,1.3048379972969872,3.3060384844616912,41.02106619295264,12.214630281111768
-9.803403181292822,1.3058078808536917,3.299727412515872,40.486117199702655,12.261364118038822
-9.6914651180807,1.305997132665516,3.304027825925426,40.575696653459325,12.250985814575081
-9.713744884086383,1.3014852350474364,3.2978102910716514,40.29761237581309,12.265698963753335
-9.659744499114595,1.3041687978821466,3.300430762601542,41.71628164441236,12.217377682090076
-9.80597079090848,1.302831589775049,3.296268127989518,40.03168586523335,12.248551413608828
-9.799782407294405,1.3062022467415129,3.296743203570994,40.00709223650687,12.173815727747357
-9.738696132330503,1.2995602946535316,3.29910133428151,40.588246708062364,12.261170601440332
-9.569696201488943,1.3006228725563056,3.2946858637817455,40.77983653955218,12.27760670116976
-9.64802762545484,1.2983665932831405,3.3006374398869553,41.113263133270124,12.244421078674034
-9.719893206087853,1.3021033513377391,3.2987889600712217,40.983058432708866,12.175721016672645
-9.723567528208012,1.3061679189806523,3.3009383197244677,40.067146435699954,12.306576783353208
-9.687110379521728,1.301377549972979,3.2947472360618977,40.32355361695245,12.276048175350077
-9.78293819267168,1.3014941829636906,3.302806929242604,40.08395890291705,12.222187993247408
-9.627130870124189,1.3022183785688248,3.3067904546618854,41.059549197905014,12.245120629219416
-9.686195704536823,1.3007110196340088,3.3059461323970236,40.798944462856376,12.18477415099624
-9.690821599406767,1.3015012803599173,3.3076156261181393,40.469759922984515,12.209189137957846
-9.693498150466176,1.3013792207981756,3.3001697239783323,40.69956347206463,12.234216141464113
-9.667768689611103,1.2987292079970942,3.2985906885866534,40.21395810487979,12.323169842735847
-9.732419588819527,1.300057719710849,3.30195033415948,40.23813971033138,12.230410742597444
-9.818891104926509,1.301555152099974,3.2990471209233494,39.842209604039304,12.295028709678691
-9.665009362233102,1.301753906164441,3.2930382514035665,40.72817713426722,12.236729323655512
-9.82404553339631,1.3023192327906126,3.3032771980548903,40.40858667024575,12.27666459950421
-9.707147264116903,1.3002185983119996,3.299062392481697,40.191958471872624,12.257814502750488
-9.640624322480392,1.3000848287435354,3.2941305888970205,40.88723500135524,12.30914912124355
-9.63929477786666,1.3006992059229698,3.2979668709389776,41.14425656384724,12.23936268304254
-9.582962407251886,1.2978349356486176,3.299153359389998,40.421881810513256,12.188078729945598
-9.61045945229244,1.2975786321449254,3.3000473300729487,40.64855280221617,12.198204505688329
-9.521730585753202,1.2984263962692029,3.3000953799891097,41.16198729884338,12.241299808326204
-9.681139902309365,1.2959518591493477,3.305476078980378,40.63517280202645,12.206027309946704
-9.660870003259706,1.2991417127423301,3.29484583804347,40.12944496158337,12.289572423243783
-9.68658240421207,1.3002522192577775,3.2993914233083994,40.45051971504405,12.246349805646847
-9.671339489990388,1.296560252458119,3.2964841446296917,40.46772925977251,12.388939799298099
-9.627083346975562,1.298677076494869,3.305024673004973,40.677666253774504,12.183889855548102
-9.566247515892217,1.296375121402855,3.2977541835743773,40.81637114985329,12.281518202571801
-9.665399562312125,1.2954270181173984,3.2986246806499424,41.295603552911565,12.215494684935711
-9.562455296710862,1.3013982702435118,3.3041987814614453,40.7916876399059,12.247772885128391
-9.624640015951664,1.2951098675127333,3.3052990992897753,40.06348703198966,12.280059354929989
-9.597987795983792,1.2943831005320219,3.3058904941515217,40.8404768787229,12.157260044329412
-9.625036628138794,1.297198808244141,3.293427547617366,41.44902717755654,12.285904943132183
-9.68105406991964,1.2971343047131998,3.301931656410752,40.57104553882059,12.369738816849543
-9.613965419004357,1.2977598694765975,3.3010804677786867,40.596834372369436,12.252446107397107
-9.663074255858458,1.3002562769584107,3.299795095417813,40.551801927130576,12.288627755884946
-9.70940006015937,1.2945282621642211,3.300266272444396,40.81485784114056,12.327397540692003
-9.655208871264074,1.2947546473930147,3.305143095755833,40.56583214506915,12.268462616499786
-9.723196738766061,1.298958442691428,3.304154356908178,39.94736263239084,12.248115850326812
-9.52685725409114,1.2974487142078337,3.3035876529066237,40.67757471644404,12.163875331019183
-9.721944652803618,1.297000601658466,3.30082765679393,40.53023426444695,12.310204692339786
-9.639589151717189,1.2940510241724272,3.3090823631136654,40.935071527929104,12.272984445375133
-9.562716288490876,1.297313223780738,3.298397508624048,40.64148957905001,12.228491077825199
-9.57728085359347,1.2964988748466524,3.293536154332302,40.72695272327463,12.285932196298724
-9.713937647115156,1.2951030345641044,3.2989390239405854,40.590094964905376,12.25089011010885
-9.611928767636165,1.293385957019845,3.3002309509794223,40.46517314780778,12.254119256350029
-9.604786371636179,1.2946014709574805,3.3052127363908714,40.753728558977265,12.311316214579955
-9.578225773859357,1.2975177482035087,3.297956087745935,41.030433165604876,12.214538280210553
-9.557944544920215,1.291865973609576,3.301964920296116,40.4095122941858,12.33427355053946
-9.624379658904292,1.2922878984847397,3.2940910229024833,40.873822910584146,12.21246849642099
-9.71400299513123,1.2924659447476066,3.3043256716117226,40.13587115385406,12.249657376909889
-9.604704290111677,1.292734438430914,3.3002732776578236,40.36247506970881,12.379374015821163
-9.66328888168896,1.2933596292244776,3.2988777757139696,40.40830384363042,12.340023310761916
-9.708469590938305,1.295143769801634,3.3085266096963597,41.129228154418456,12.288959238473304
-9.584159358696615,1.2939854969402969,3.30427962831844,40.14560956509283,12.237470585786799
-9.508749050224898,1.2930209200833371,3.2958406324858283,40.79692269099799,12.258446122525568
-9.67110153729226,1.2932903349538787,3.2995624329013755,40.64721667344979,12.28898072061783
-9.45192072150064,1.293821993101054,3.310945278160017,41.56302947761651,12.287594901509964
-9.636819204990056,1.2890488279822776,3.3079152671461647,41.505538413177085,12.28157153874317
-9.580510131399379,1.2943942147899659,3.3036918525211365,40.67016971576793,12.284964357632946
-9.651981548181354,1.2904376171652212,3.292611807452184,40.91178079852817,12.276172671303655
-9.543346193260735,1.2910434212965614,3.30532860108792,40.87548720130112,12.215172471459445
-9.574711645213617,1.292451926198327,3.2974592593489267,40.81018814521097,12.261820383352417
-9.689550045658953,1.2914614840808945,3.30529407173672,40.730207725543075,12.33374615901512
-9.371280147617611,1.2924280355572255,3.29710932605778,40.62325396186998,12.21996179390394
-9.597750869231676,1.2915803602477731,3.301955318184919,40.78534473565763,12.279258795359132
-9.579682969636085,1.290561232362214,3.297438869494329,41.02093741643752,12.248101439524046
-9.512898386817005,1.294041280531718,3.298546878765802,40.63029700922894,12.295003718618549
-9.447441590510554,1.2922444491348786,3.3024887865444317,41.28808006848102,12.27034608883338
-9.533125539269468,1.291277805058111,3.2947244063066483,40.242366967419656,12.363983464922917
-9.646284797707775,1.2919045726702623,3.3094896721363183,40.744857015223715,12.315773449822945
-9.51370064097057,1.2889555585581,3.2958911141311518,41.509470292025455,12.225179114623165
-9.686782548848003,1.294563179231953,3.2956673990957768,40.53899886412406,12.324650118463484
-9.481448569064877,1.2878865248204847,3.3025005350717143,40.645832140500396,12.252670028130876
-9.636409693849874,1.290137056846036,3.30516776454649,40.1571255519049,12.262861157550427
-9.60657552971678,1.289187555616782,3.298705188933671,40.94305869836861,12.30770472854349
-9.536259596630313,1.2889620478522932,3.2957141231303155,41.29868737070507,12.267723648449065
-9.541814009257319,1.2885536226916177,3.296310484365249,40.89393421666914,12.337245486968701
-9.5403267888506,1.2877707783024768,3.2958799217160037,40.73387008009679,12.25416329906031
-9.435263914978574,1.2915437585794878,3.3012327185207946,40.357109161720686,12.262222004309237
-9.479936810434646,1.2866113694153467,3.2997200555196673,41.08973812383139,12.260625735542735
-9.484782624737951,1.2908424397470124,3.301703330435621,40.7547280557671,12.265431704327623
-9.636726345978946,1.2900277715522848,3.3014594777104294,40.473840543939,12.34893698916364
-9.44712460448275,1.2878251561538065,3.303297249153308,41.75231716571525,12.325675398801485
-9.622192430550319,1.2895092644679025,3.2983602239205223,40.03497166314757,12.379985352734902
-9.481600558345042,1.2879862433784117,3.297047181044502,40.36969581836635,12.408117329512617
-9.37997341027326,1.2859589110951128,3.30062517627347,41.33258347101263,12.243440620672569
-9.495994169836392,1.2858398404126086,3.2997800399624,40.85388726141276,12.29873316566025
-9.431596377373102,1.289192286974195,3.301011808057438,40.92928697711163,12.23663231007149
-9.686395379168742,1.28895016368594,3.297153148235895,40.73626974124033,12.25678652133001
-9.514755716309582,1.288089598380773,3.3025688691578097,41.07285218692142,12.264381554948386
-9.42420527765446,1.2866860388704267,3.2952865068845565,40.76213451983419,12.243241166261155
-9.43296194386352,1.2869526595575054,3.298238461362419,40.89739677080592,12.24371213853362
-9.582280925335757,1.2865478315873917,3.304516165333065,40.8552612757911,12.289294234214315
-9.497894166574472,1.2835714397587585,3.2954747401639084,41.071041943857544,12.235868838089255
-9.681917394841687,1.2870552096823662,3.304200972182637,40.82946668557453,12.339001764002782
-9.458961721595463,1.287845983182259,3.2943636025075533,40.84881099027775,12.251192743751595
-9.68793629066139,1.2868056664847405,3.293659096502803,40.76294709964695,12.437738217720884
-9.423605742236372,1.2900791377554912,3.2940245509598953,41.53292761169828,12.274864235863923
-9.431587102737947,1.2844031306132495,3.300467224668982,41.15556950282169,12.301202366999767
-9.494869266838561,1.2849624977199752,3.3029183830017717,40.9691300845834,12.232996786269094
-9.508216702265452,1.2864242378687867,3.305170376415556,40.88934925721791,12.38322512499286
-9.53591416057965,1.2865202823281308,3.304851483028547,40.681216720347656,12.35404659074312
-9.485878485522102,1.2821059439482823,3.303450794339689,40.65305133638907,12.3130626950035
-9.526214619586906,1.2869904428215275,3.2966728661925684,40.82831543245028,12.231016441171503
-9.457054947608901,1.2861594486480494,3.29663798586416,41.26620967362169,12.309023899361504
-9.557671611950854,1.2813028890605822,3.3031511692860778,40.52899488975392,12.242547307209291
-9.63169916912426,1.2851882174472193,3.3056852337598976,40.70644146284715,12.371859241446067
-9.51100804690314,1.283685624176715,3.2958754364803586,40.90140926116968,12.339318146020183
-9.496650888284602,1.2842782511833155,3.3051759973575563,41.71782054787671,12.303741602673714
-9.402480525843508,1.2823920148613366,3.292318650126843,41.484150169297685,12.177256416957572
-9.492260682146082,1.2857850496199184,3.301559700375741,41.29810435504338,12.250004256596894
-9.38008571197716,1.2883618267678556,3.299584770928896,41.60784650518285,12.333657271657941
-9.494886503573431,1.2852550775233351,3.299183241020652,40.79194925937566,12.36000186155774
-9.486134586688815,1.2802941817878233,3.3001250845227985,41.57843430816945,12.354898930101166
-9.418931473038999,1.2850732334658035,3.296585079251034,41.225805864499236,12.219916851055132
-9.416127708563288,1.284003035436078,3.3017843124062214,41.149878476454646,12.314666475767018
-9.45779810484058,1.2820817481660973,3.300242673923171,40.598512017263886,12.350430276769632
-9.397209730541933,1.284883677965033,3.3037412459293463,41.04493501548857,12.216797688195445
-9.419060640880971,1.285829821851247,3.306361561586648,40.45550316079742,12.299373485103555
-9.577978560392172,1.2826283806328556,3.3005076676508325,40.74476925131974,12.313509368021151
-9.559595938080944,1.280574198276006,3.296725126535846,40.650287793914686,12.284821848008677
-9.416422526100984,1.279735844716308,3.2954484034907168,41.00781440994756,12.207289104722607
-9.460150197872483,1.2823265811066091,3.3067930072726393,40.52531735655866,12.283643702620285
-9.411740509906673,1.2832469509639255,3.306281491962538,41.4579603763278,12.283589037034167
-9.44809881220629,1.2824272055089996,3.3035494864419324,41.34081542865985,12.292570678044815
-9.402303268953528,1.2819951708294726,3.300239415608506,41.871305093790475,12.271815005647998
-9.51327312362439,1.2844013195158723,3.3032606622411937,41.638040887418896,12.277846536554147
-9.447585967653549,1.2840962323961338,3.3052178615242385,41.16731034251852,12.298014685882652
-9.537790469637159,1.283476108577056,3.2975281720915217,41.33378016753606,12.322119874464706
-9.413785847152376,1.284617527565845,3.300119181208981,41.27695063675196,12.284767238776418
-9.545416737532548,1.2815808633094306,3.2955750578523033,40.738225322241064,12.279491851853802
-9.422734574380035,1.2806145882906483,3.29948375349749,41.04328285984073,12.30457201045964
-9.479815501558209,1.2816705777223631,3.3061770941860096,41.295937210438176,12.203882811829214
-9.473020757475467,1.2814454941385154,3.3043141911536975,42.68912771337759,12.32374895385399
-9.382768945721871,1.278439698318313,3.3005400272056398,41.70121164248642,12.299831922394866
-9.422234425054883,1.2813666469730207,3.289227067533355,41.25409407568689,12.301801924435606
-9.556059817865286,1.2845843282918334,3.297376829458251,41.081396987625254,12.34780542625194
-9.423252838844482,1.2838945192124382,3.3004096238594642,41.34344169937587,12.202073689972144
-9.4709050299076,1.283262713705744,3.2991363463212724,41.02207430745177,12.200962822452537
-9.537148188723025,1.2823964703176556,3.300131090325153,41.22829163124931,12.313279052692549
-9.419840166453133,1.2849532801462027,3.300970359684972,41.09813429404534,12.29916165841078
-9.396185604762678,1.2798587627113571,3.297865276963628,40.80302411212703,12.307949286686156
-9.386041689788767,1.2799744320257616,3.299969876200755,41.420581322755154,12.276251323212959
-9.40297556060406,1.2840790426595505,3.2994022264513325,41.44018373534233,12.332486898789943
-9.445059049802987,1.281813411429755,3.297187189329395,41.051559798485506,12.345806997679402
-9.448046520967228,1.2803449837294645,3.30738535064808,41.22785016560038,12.323274314817516
-9.475933172529537,1.2827217228844745,3.2980941657762752,41.43248952906352,12.285928227829098
-9.390319522966667,1.2806728728650865,3.290983163149153,41.19863692187169,12.193473940046804
-9.51366714562079,1.2798080940086638,3.307133063440344,40.79386408576847,12.337203288674255
-9.49496798013098,1.279687189715221,3.29661489606197,40.726337598312966,12.359705292821033
-9.423063836493366,1.281997155503719,3.303599633396576,41.0523581406639,12.330718476074473
-9.395944638797571,1.2817032711764067,3.297276454283971,41.82206748410282,12.254374447242107
-9.242421573843302,1.284264141831968,3.302277112542371,41.43581316804218,12.331906621150083
-9.510325679893436,1.2805909072797645,3.299807410560019,41.12312867603497,12.341098042101049
-9.453156605452618,1.2804986582444005,3.3040013233492544,40.96389543959569,12.375861349476432
-9.468828325190184,1.2839355338935168,3.299145183046781,40.898250955288724,12.253958349280998
-9.421551127278876,1.2829723127481094,3.297378720369713,40.805176871441006,12.286278755676708
-9.442102272271946,1.281237014944119,3.3010280794075846,41.155905027018925,12.334797060969317
-9.351998244742925,1.2777728430095598,3.298470033074132,41.089168977086395,12.300130272787973
-9.398974910523865,1.2792202639380208,3.2922833085864043,41.7115160099682,12.241214040519907
-9.420456429546054,1.2786863477612596,3.297593997081426,41.116086243308295,12.317626230297236
-9.437592652769236,1.280819467333619,3.3114750759041014,41.107002411450594,12.325637840699333
-9.482275873391046,1.2796833741982334,3.292714508429838,40.96337562790978,12.300906597956878
-9.439347623018831,1.2838608286259232,3.3009641992920837,41.26973041152614,12.30728574853754
-9.409910097519997,1.2774685800208248,3.2990284158869336,41.776543710508804,12.283163614883783
-9.424730194788927,1.2782466871354916,3.307345679580725,40.73462918364161,12.369799627246973
-9.334901436400452,1.2810180159779851,3.295555846743097,41.441321023385335,12.250632208531789
-9.38911274889455,1.2815325051570956,3.3004052137451207,40.59426237354243,12.266076287765474
-9.403901209064205,1.2752777210350974,3.3027447907354404,41.68148087921859,12.295761484970262
-9.51250629574982,1.2769450222742589,3.2992828213214205,40.93173233612974,12.338924173654231
-9.316264580657254,1.279853975711418,3.296929787782281,40.7695057721011,12.219866460812927
-9.393890448921887,1.2830601049146435,3.299911215332345,40.70190984643027,12.228973317546027
-9.28794611167358,1.2840918705506235,3.2987620150245505,41.74966379948983,12.192349158734233
-9.304382159789856,1.2794571839146283,3.298750789997559,40.725382901809404,12.295612172648912
-9.364714644905806,1.2799162163386804,3.303722849386218,41.38188617972487,12.237798350885049
-9.43204030283653,1.2785566136445465,3.3016117983330915,40.96450079871437,12.274216774719246
-9.396661539324374,1.2814710983602398,3.302207067509257,41.1287735349261,12.326238241433389
-9.34104608950393,1.2832375926206423,3.3013211847313313,41.048369414046704,12.260811666096838
-9.401613479515095,1.2826699321467134,3.303839521598328,40.81563306211361,12.30416679728972
-9.402164400129227,1.2800787577203885,3.305217038802296,41.00069654636588,12.277344124047985
-9.357713666647077,1.2784400764718848,3.2988531470592144,41.513360734041505,12.325619493292956
-9.3556753491425,1.2801154289840087,3.3032778756234964,41.17161584210116,12.315467379486703
-9.37607190725068,1.282844019013026,3.294815246817706,41.416349267506405,12.256805936135247
-9.466573519538358,1.2792663388351169,3.290987776129461,40.96995702679066,12.282656130212777
-9.369221674361528,1.2764229603474817,3.3073056201357813,41.50605452352032,12.342956442798052
-9.425361755555024,1.2793217642528625,3.2986665662390657,41.315253388335,12.310113135626137
-9.320692111922382,1.279473215501355,3.301009891359852,41.1423274364475,12.220265678786626
-9.374798594507794,1.2763796756309567,3.2950991368164146,40.86893175109746,12.32255865094529
-9.452712148246954,1.2804788729439938,3.2949146251456076,41.476836757490375,12.235205666026832
-9.395963546282077,1.2810208558834963,3.2971482244337382,40.88271749172326,12.359714789460638
-9.359283272151744,1.2837242024673443,3.3025715909192868,41.481747445615504,12.339941512928146
-9.332619974737566,1.2773367567457867,3.29793382879755,41.34719719438693,12.302872782577415
-9.359552204959316,1.2814611699062062,3.2986568382003942,41.09567054831616,12.295876598487588
-9.475142165327947,1.2819339387978947,3.2970219556850657,41.22150253346131,12.277194307659087
-9.301160675909049,1.2810411708664662,3.304663152357241,41.944829903613396,12.321197605811447
-9.325989427349096,1.277991511178492,3.303474120036336,41.598225905768835,12.268352518315808
-9.437118635145332,1.2778799692102283,3.298063407008952,41.17747860477981,12.298284476869151
-9.427216560308999,1.2802104465332205,3.302736465061561,41.7941591386332,12.32971180355044
-9.329368212562862,1.2802041606602177,3.2990190519916838,40.6715566698847,12.257628412716704
-9.300241604915493,1.278914211267704,3.2986498030184954,40.954634461726016,12.254507317889011
-9.355011008259346,1.2826271470788104,3.2998011569012053,41.10419785670029,12.22519146382434
-9.278620198276446,1.279254683757872,3.3025729358595015,42.01048895114331,12.231273459255553
-9.415803120180149,1.276282618104312,3.296431201940424,41.545528857666284,12.192659273276456
-9.433936005377006,1.2796372569784045,3.3020095784702024,40.445613527359946,12.32014701213057
-9.52143551612411,1.2810627836949462,3.309991283892534,40.78257892133549,12.373672433221973
-9.441048741442955,1.2808045415853073,3.300732484721421,40.588371875305114,12.354058894501168
-9.219667208447694,1.2808089606300035,3.3001428723677724,41.544485310725186,12.201048580145585
-9.24470228665873,1.2831499020356125,3.2996633293176245,41.87132837509705,12.318150519813582
-9.370783760937288,1.2779552621609633,3.3019128466466756,41.64869399738633,12.352562718272923
-9.375461897804458,1.2793618549060348,3.293558384540375,41.356279745307226,12.258161157737586
-9.363693241474339,1.283325315117716,3.3068043372248725,41.10260538154582,12.285612934438307
-9.268555624538195,1.2763279478722318,3.303924747817216,41.424728882761244,12.179679475408927
-9.44690771141658,1.2801842024320178,3.2974219365140116,41.379496577607526,12.29293916918367
-9.35354096775321,1.2827798781087851,3.3001261889204825,42.23183944257707,12.22594728392287
-9.264009311127928,1.2827820114852215,3.2977706072006727,40.99794157175386,12.288624616757152
-9.368169029092222,1.2817076509546512,3.301196940095568,41.899201668675396,12.200095010260593
-9.402326405998291,1.2817932296121235,3.3002454034539532,41.29296964492372,12.30480506242915
-9.368004105246776,1.2783767284759002,3.3009145342239394,41.592093089825674,12.328389493524721
-9.305996831746823,1.2832430407432411,3.295886713797913,41.462072718679956,12.237501298415378
-9.351036514854004,1.2781359602590108,3.2980738259759774,41.85960444774865,12.21930532696521
-9.282847898461425,1.2782961370016206,3.3045842316516003,41.56617677673918,12.167836210917171
-9.297649167482577,1.2813950698009435,3.2978648345640096,41.145196965977206,12.261797345611779
-9.207991010901143,1.2796771269591307,3.2894260218606033,41.764063624453684,12.245513747021755
-9.308461798265386,1.2811218563361333,3.2993974784592717,41.833786418559534,12.196512666675378
-9.352923152632084,1.2816167732093409,3.3096459644418474,41.294239343435436,12.296179550888736
-9.235693250699818,1.2843597002053133,3.3033955106511264,40.698981198354026,12.25048986216973
-9.344128602037962,1.281720633462742,3.2976634167762247,41.265769274422624,12.218656154215264
-9.403163921985957,1.2796672773524849,3.2997975928915815,41.232892278434456,12.244163715828972
-9.348842337518459,1.282309937754354,3.3027194374799715,41.28434410048414,12.324901770582791
-9.28709781823972,1.2793475195160817,3.292974992888359,41.22761326136909,12.30092243249272
-9.31121428034493,1.2828928511270048,3.296575764020277,41.90677818494648,12.263708168721852
-9.356971827922585,1.2812527499356754,3.3015933875013186,40.33686922885188,12.300593464812993
-9.393112217323772,1.2819829732661425,3.3063779462952434,41.25136648792343,12.211016224640469
-9.339113628152488,1.2776804022891572,3.2982427072733036,41.36496543321398,12.27009881351696
-9.2640794550811,1.2768014721789724,3.30626806949039,42.309782389419176,12.275259799547666
-9.39628294839447,1.2783627918821852,3.2969827056186656,41.20165991187221,12.243810131831573
-9.359161948884177,1.284921278114719,3.286457949352997,41.45992766371183,12.288478059243593
-9.336950418936118,1.2791989370114085,3.3029752433609993,41.3761041675046,12.227081577221245
-9.387454169300181,1.2830267857234725,3.3021615957720427,41.2628629509461,12.290987326627718
-9.331414374022735,1.2803466740965,3.3029447371338714,42.0423548386832,12.292477216434243
-9.232625589516548,1.28122015198004,3.302788419488293,41.090087405547195,12.118409227426762
-9.335613260159311,1.28168188775219,3.300767000217712,41.06189156171497,12.323160418974096
-9.313928055476511,1.2851313893857297,3.2989647392673467,41.67381248930218,12.110636398444615
-9.41456585882939,1.2830867305219151,3.299117246490679,41.27360442890773,12.231583460864012
-9.340808969322161,1.2827630497068698,3.298158394393316,41.20509056457107,12.313016203834726
-9.353064799210378,1.2846630155603775,3.298398436945572,41.26564731013477,12.245242372519348
-9.183424426319748,1.2808812257065145,3.2927558609709635,41.99872099892048,12.187150345223266
-9.189712552809938,1.2843636656537216,3.295142768212269,41.81461077069741,12.205120768049499
-9.236119312983735,1.2841102986402242,3.299346314807496,41.2425762548593,12.31049593887735
-9.33803135162903,1.284169553264124,3.291036532077289,41.419047835272686,12.162413521605025
-9.3235119592547,1.282163123307917,3.2919686407079225,41.33305507169419,12.314271478498537
-9.275614405846778,1.2816832638352622,3.2986628713061528,41.63693987008364,12.254395085258519
-9.25375052463704,1.2809043115334857,3.2994866763347797,41.36406778753495,12.196853794679763
-9.33557298800649,1.2811169810206309,3.298746578599875,40.84553085641854,12.226636295691094
-9.226544588732983,1.2809860214500661,3.2904803706745875,41.81585923040242,12.204244450443586
-9.35020310566057,1.2836437535973328,3.3062095808930954,41.51904145968233,12.297725688889855
-9.339063968897301,1.2825446972338823,3.2942550773284878,41.88799166609279,12.290339736999334
-9.37760707177854,1.283956776554022,3.296727355718099,40.718294274594214,12.167059377050062
-9.279429631644284,1.284163633955377,3.294952928060802,41.41298785519313,12.232132097963351
-9.32215242380231,1.2811635318737011,3.305196123452198,41.26353507508049,12.208441887266414
-9.332473201664257,1.2811999540451886,3.301685680488162,41.176567399324234,12.315561345177295
-9.280090499358577,1.2830198831862907,3.298107027515406,40.82341104272179,12.18266079071383
-9.357139742305604,1.2820259336235296,3.297825376416261,40.859206671382935,12.329652338925014
-9.329753861138261,1.2819155726476803,3.300718372936311,41.44870079729527,12.247046534790664
-9.251565073921418,1.2871692359064315,3.295013782795103,41.29697007623785,12.189880204419152
-9.322789916195514,1.2808138526846997,3.3015229576085847,41.02385628288407,12.21337414738614
-9.395051191096051,1.2880306189807789,3.297805420650393,41.78205596083116,12.206413139344226
-9.261781416984004,1.2846673904337924,3.302078556727787,42.425925605672006,12.182014693185922
-9.37871241089313,1.2861684734096528,3.3019428900459467,41.220003173193064,12.249733809535023
-9.376589221879385,1.286040225190848,3.297625553526562,40.64595035738813,12.182838877972303
-9.33469963421767,1.2856462359680012,3.2917891539232444,41.489162496571446,12.134453884152595
-9.30143792046335,1.2878459263314013,3.2990126990462283,40.56297594259065,12.223721274770076
-9.28871787912793,1.2824685531654245,3.2942021078024433,40.88249695431863,12.15179057145935
-9.437236290734525,1.2844329238231933,3.3003145387435735,41.290986988858535,12.203549014781789
-9.32846508222807,1.283153442465604,3.29897371253248,40.78957615472409,12.19492099937715
-9.236345780377002,1.281581585975788,3.29764802048048,41.408894897529564,12.196029849412897
-9.405501419867509,1.2837670158554753,3.294817750877962,40.59554615373475,12.338848755839894
-9.33987081715575,1.2889514821962271,3.304747156716129,41.342762171502685,12.24082658044585
-9.272231840239273,1.2849774683830648,3.2981852708202872,41.90483251622514,12.24947542257292
-9.236695635857608,1.2894105659463118,3.3094134034551272,41.28146925325452,12.147583311264901
-9.251351480677943,1.2897354301194794,3.300139718437826,41.489530471271124,12.202896922582378
-9.500924856914954,1.2916753771672989,3.301406357446739,40.67181190264494,12.2455475785528
-9.199760690992138,1.2896185332592227,3.3001568487775215,41.302162884786476,12.182738899282215
-9.314111830179348,1.2906473225430406,3.3013662869194005,41.03922809249904,12.278546930612992
-9.152060038382123,1.2867059768901725,3.3043707493322456,42.01025197647485,12.172182963929604
-9.36983095831154,1.2866379431879869,3.3044169053229817,40.69493730283048,12.217169068223058
-9.421453562063693,1.286897662704114,3.292933569151376,41.024351247723445,12.20134996762326
-9.334232742831832,1.2864358483520046,3.3034219895984545,41.49546126492185,12.238029365904788
-9.331340683980352,1.2868638231463574,3.3019885576743584,41.70123798526438,12.196945237341987
-9.285123918559027,1.2881986581051483,3.300143568797015,41.60599511313055,12.214577108326463
-9.261015382129752,1.2858934666441726,3.3068502036939025,41.4489158524257,12.215462990726316
-9.318603255611375,1.2842016665785367,3.3070110672734354,41.13523790552113,12.189693486197266
-9.358618819055566,1.2878169586301047,3.3036183850795564,41.652888900619644,12.24980663566855
-9.30698191535973,1.285837900514843,3.2978258640490856,41.03914643880999,12.236606134978572
-9.345898882455101,1.2861797253162486,3.2952300674761643,40.96732087232084,12.219386515255852
-9.342733798620326,1.2872084906947692,3.303017600528667,41.85553205484909,12.20142053097012
-9.291156351988274,1.2868863879410721,3.305438134234203,41.561791992158426,12.26189263977205
-9.252375526433228,1.289988378561951,3.2918853689538135,41.653491532021036,12.20939148885233
-9.261552535894797,1.28757336118645,3.3043451789215994,41.71631462547537,12.204961888439408
-9.347381539781525,1.2903672151704588,3.298980537850592,41.26729493681655,12.224640611980158
-9.505897743073321,1.2885987303411233,3.292763988662342,40.41312728500244,12.303340625113263
-9.310917085998705,1.288150921416598,3.30187758462092,41.47863246239997,12.150594500902626
-9.400709388866424,1.2887865908398302,3.303637546613895,41.19128751142271,12.255202033270693
-9.29690156955718,1.2860299386287297,3.29859460537013,41.06256782675341,12.12114338203969
-9.382620444720365,1.2894332683742582,3.295770581473587,40.7991383380153,12.225754240938826
-9.378033063001027,1.2906002644157901,3.306848363707577,41.22531900384633,12.29272927612669
-9.41248590535775,1.2910292036690587,3.297325452054744,40.63190831258973,12.237489038910352
-9.419534986356746,1.2864896057118815,3.3046378892696735,41.10356682860869,12.220663288282953
-9.251579841623156,1.2863032674676715,3.2939477986992505,41.391224396643004,12.183181943896637
-9.398447043609337,1.2884156765182806,3.3016640201906147,41.15544601915293,12.211825139314383
-9.333721353523687,1.2924075244101783,3.3015500286306336,41.493619654636284,12.196733997182337
-9.263686494692157,1.2902298256983138,3.3034936640260355,41.72140882870186,12.169098680741131
-9.279078195884447,1.2883889373414814,3.3059719335729363,41.15724481038951,12.192960135960936
-9.299041046643973,1.287183668032233,3.296745481153458,41.74983451212887,12.216425430739449
-9.305021600122517,1.2888735422216713,3.30208309908754,41.30220851252601,12.167194043671376
-9.279390901709942,1.288891135584007,3.294533730460766,42.14253875077634,12.164285416984514
-9.227223408435139,1.2924189218047568,3.2944883401981095,41.31138481821353,12.135628051780275
-9.328520685564236,1.2927269432229531,3.297686661673757,40.69842661287697,12.222213313589142
-9.468770755590398,1.2887569274262718,3.3016373090904247,41.39591531593454,12.228976205328754
-9.383073126442275,1.2925186360356125,3.30670747128058,41.404102112627676,12.212322204119483
-9.328593230128268,1.29247007489945,3.3074357823593354,41.82347813936543,12.248023024436684
-9.386757614739498,1.2889661292104875,3.2985804346836973,41.350342293797276,12.203179396318758
-9.260230501946111,1.291315443777729,3.301222137834371,42.415542559493936,12.217404291398308
-9.35973717135882,1.2923229600834143,3.3037720218611617,41.20497045388065,12.21200957997903
-9.341673274877452,1.2921266664220845,3.303061530753902,41.735174196527346,12.191250924767907
-9.269060152265023,1.2885386133554362,3.2993221730257085,41.25169674127547,12.168293323092573
-9.416891185972135,1.2923821726428064,3.3003044201518206,41.36292823858933,12.304544824682486
-9.329454371215212,1.2935530498485066,3.299559276313218,41.61230023372799,12.170238733913287
-9.281511156899928,1.295601008603533,3.2991665042152967,41.770002802030135,12.158537815038153
-9.452080067093993,1.2912661136503074,3.2986343582926954,41.40637049646927,12.212523957255833
-9.377108230496551,1.2916752287795294,3.299521366039953,39.95108954082161,12.202404319333505
-9.269637694506105,1.2925113914896473,3.2983767436737006,41.43325370868835,12.118556539934435
-9.379462618193172,1.2936750852673373,3.2954583293583943,41.01103170766268,12.243910954383406
-9.265774040987456,1.2934507433844449,3.3034503211321904,41.317297824502496,12.182044662223744
-9.423800579188375,1.2946298917774337,3.3020650309356467,41.03903493171517,12.130181630032164
-9.488999926436621,1.2913359716646882,3.3075063749726743,41.412989747111354,12.244137648315391
-9.328214903252062,1.2945456095000092,3.301478072081077,41.42460187868309,12.214948962590142
-9.276078418118974,1.2924335045501063,3.298332159405176,41.244833858726025,12.11940132910522
-9.416563359607819,1.293797763868362,3.2974942584798916,40.579567368647695,12.270447338425754
-9.353895620195415,1.297667405782332,3.300189464269398,41.90543182369022,12.213484375363926
-9.317404747321955,1.291622277545416,3.302211500653502,41.1062633062417,12.178987574389945
-9.451894189760267,1.2940276378939914,3.299021157583239,41.043929041915774,12.257957776306492
-9.410647254483797,1.292205503207609,3.2941189701258504,42.0342530449148,12.185357783700557
-9.353127343561255,1.295229552065381,3.2970439587497675,41.04570228180299,12.174931421932541
-9.295431319931899,1.2971888899126223,3.3000721000632476,41.2988656690661,12.142259893890131
-9.451671073165487,1.2956011160160021,3.3029611346392778,41.18952956719931,12.203303408678636
-9.391954613096352,1.2951981165999484,3.294056704953153,40.57371217313245,12.19697370537737
-9.384191196064258,1.2982584433983138,3.3010603338024866,40.542898047642026,12.1728069378998
-9.325362113277071,1.296433068995583,3.3008844781210307,41.15663049267053,12.13149971108551
-9.374990781430112,1.297581943598177,3.2981936940188237,41.07121719214085,12.176418363785753
-9.403271963761435,1.2975443825893718,3.297652311122995,41.247146558600114,12.165351539020413
-9.265068350255536,1.2905327392815078,3.297054705034488,41.0786655665672,12.101084155104514
-9.369946462975445,1.2963035176475919,3.300563225213461,41.433699247022574,12.093080452339672
-9.407120017687408,1.2944726113142735,3.304507274650991,40.32307319820761,12.193838764534107
-9.406999020527847,1.2951422881898835,3.3047911379579635,41.1578853989491,12.03439355310339
-9.425612024314866,1.2999224995411864,3.295504078611126,41.292846474240996,12.17366223685257
-9.335857254258597,1.2963963520770716,3.299252087277324,41.45966318769153,12.138388188522706
-9.393370457075754,1.3011039527464638,3.291225960790728,41.1481484899626,12.226602212848043
-9.332731004456868,1.2946764968839608,3.3004367372440844,41.07040255465991,12.13541094431699
-9.365617001224217,1.2954977805371248,3.3023905916805245,41.1920178358809,12.191949989982557
-9.248165010985067,1.2993632496027527,3.306283844742216,41.99725367349813,12.138018485033673
-9.432239538960557,1.2973293960274177,3.2928541704507017,40.895733947799116,12.162436977089092
-9.501295967408582,1.2988005359095294,3.2956477603120775,41.38865236025435,12.192473803994158
-9.438375935641746,1.2981351479051475,3.3005765472075024,41.57814599507588,12.131383636656787
-9.455248322717656,1.2982486143140226,3.293526446534101,40.39514662406148,12.203215670048037
-9.422952850796284,1.2980994115438937,3.300688848603405,41.102833900793286,12.102576615032886
-9.392312818972204,1.2992410856932373,3.3024920101802815,40.82427767277679,12.165861835241577
-9.339717917456706,1.3003396759710326,3.2948748491041875,40.71983062341312,12.196131986139394
-9.317187760628196,1.3024596159803161,3.3005303414801936,41.68243681394141,12.181866825692078
-9.411985683651908,1.2990001774697943,3.29515115625994,41.36535780026954,12.243549311867811
-9.24804899114226,1.298792402107447,3.3055017034757532,41.60928578030658,12.108414406583552
-9.383804700959994,1.2987092637531334,3.3008265843698408,40.798191829365905,12.076485423506472
-9.471295037639628,1.3028682814630717,3.297439743884132,41.141595629910405,12.09457987525106
-9.35283533426567,1.301483895862913,3.2950474344788,40.77014405629516,12.176169756405304
-9.523602804750007,1.2964797036688998,3.3015565987741207,40.98369916736939,12.166892046868922
-9.45003118661506,1.2965660324159733,3.3054317420084094,40.83531729113807,12.145954301818138
-9.344240831196482,1.2989666269199573,3.2969139843631923,41.73183466514003,12.083536503642176
-9.430194321204318,1.3012614546955683,3.298241421335712,40.9943533612599,12.176867948636962
-9.387088885329545,1.3009085836458023,3.296991437197167,41.31831909350605,12.07612693565256
-9.507451373614202,1.3021793668547836,3.3062219702842084,41.07844446235391,12.194144629040709
-9.48110650698364,1.300973121131122,3.2923654381241296,41.007467141211215,12.277901453468225
-9.359367354694294,1.304292942994302,3.3051423728912006,41.32339812648221,12.15218190126152
-9.42522010071112,1.3032163115586177,3.298491207646211,41.271071894591564,12.161842013848588
-9.450758375535068,1.3020010980287906,3.299713539520535,40.739925637856636,12.106868355591946
-9.444300306818388,1.3043103391132724,3.298637461401131,41.27257512274777,12.039822911166985
-9.449659181546886,1.2988954094362712,3.3009584035259283,41.44622730216537,12.099017360890977
-9.36674835854259,1.3021964670699306,3.297080804980241,41.42544250028916,12.0733258599155
-9.362289876484118,1.3028148554908678,3.3042335325463505,41.13375088260403,12.05443524970146
-9.51165197300083,1.3039169248439126,3.3043959881711764,41.04645671952956,12.21171591836101
-9.561522130117734,1.2994553342095752,3.2960663638408927,40.73145127084161,12.138051098698162
-9.407849882215823,1.3025374470180535,3.302669867862136,41.136804266059954,12.142200034814742
-9.471209774618076,1.3040315441426718,3.2985740245590676,40.58250552021971,12.106569874662927
-9.380932741079567,1.3043570624965166,3.3002065339602455,41.79016092472039,12.11218045283545
-9.49761490627978,1.3059468544886907,3.3061006035894036,41.77896520249452,12.16785225478954
-9.488147341257141,1.3052691898134225,3.2973038633282066,40.74213299719751,12.11680630098052
-9.435316815365113,1.3037957861066456,3.3037061977593183,41.44383474552235,12.14375403544802
-9.286446587822812,1.3054384264289352,3.3018285007158092,42.01025409944158,12.106213073598797
-9.380892693561405,1.3038564410320765,3.299223887442196,40.85516378524726,12.097697385172925
-9.392632737861648,1.3047230812287036,3.301469614270115,40.35136143133423,12.043248876925636
-9.366605104020937,1.3061891657173523,3.3009936476932675,41.87350952637419,12.013494524906417
-9.537719707401937,1.3046786368501817,3.295366586751581,40.92043073550852,12.098089136199631
-9.509567200240616,1.3056625320191502,3.297573104625521,40.773069322592995,12.11277520261695
-9.56095004522543,1.3070301083323437,3.2958189904601634,40.89703567093526,12.044424909649672
-9.33943707747923,1.3067003696936126,3.298893524914045,41.17349417523075,12.105786641611857
-9.35544643734323,1.307911131071451,3.3053801411842727,42.472890212550766,12.10897493954884
-9.369941427732865,1.3102688167472023,3.302324111206506,41.04783413166254,11.997261814074871
-9.418101191727619,1.3071850811201717,3.2942696436899985,41.29472778146815,12.058078884149273
-9.554049175439667,1.3050235057824073,3.2989065292516826,41.40880000238259,12.122969237684474
-9.475303063849163,1.307136149474773,3.300934499443677,41.56436475083673,12.120727951870785
-9.317790056646446,1.307216087215233,3.3029763539212245,41.80281502627191,12.042458311950144
-9.451968919605662,1.3076709406440872,3.297396931848328,40.92579185729568,12.106829596103822
-9.517059241834968,1.3095989298969553,3.295050272704943,40.90504205935492,12.148790807605172
-9.584269257924737,1.3034051492368022,3.299774628384902,39.9616756253906,12.135285487540493
-9.375905920172716,1.309965007271198,3.3022761186841256,41.218389985106874,12.090427107570832
-9.455370502659814,1.310801595753786,3.3009393859465326,41.10238167905313,12.07055032627891
-9.554304001722393,1.3083997933228226,3.2964612900778336,41.1880812780002,12.06123787409576
-9.533563910928617,1.3086102589821187,3.307018475213921,41.6510671233335,12.114850278853886
-9.549731407341557,1.3071044705107442,3.2996047378404256,41.18506104291675,12.099966938508427
-9.493640414883041,1.3077616015731768,3.3007748410936077,41.44097723200016,12.120432672797781
-9.46266647697793,1.3093054612673023,3.297352130393111,41.06768063027243,12.094305202072878
-9.524291415057778,1.3093366627466245,3.304426031993458,41.465136195333955,12.127397077957598
-9.431200653932342,1.309670363905087,3.302287387570204,41.14205162366036,12.089934230059061
-9.492187050339247,1.3096410414063044,3.301258653716642,41.47186837889628,12.123183140015882
-9.437179074967077,1.310342605273246,3.2953933807067517,41.44744169394125,12.126232345263432
-9.482324925998991,1.3102765929291111,3.304376120906473,41.1924404428005,12.041205803448282
-9.254952389511992,1.3068114057331426,3.3030276118919075,40.87380361292173,11.98976431047994
-9.557211095452457,1.3106807718940503,3.3040597335901567,41.32291660920182,12.156084007138121
-9.54725945238859,1.3128888551619742,3.3001481174307603,41.056735348094804,12.09047865006637
-9.50725757777932,1.3092731760882494,3.299700555344573,41.26651484919194,11.990656289686852
-9.485260893298252,1.3124794269074216,3.2992716284730115,41.154894743096065,12.039423026355397
-9.61483690596983,1.3077991918566618,3.3091159917772432,40.96469828875068,12.112439702527189
-9.469629802457593,1.30972683901246,3.297830214928311,41.581001989462706,12.058592727123255
-9.597749423098277,1.3086558844737293,3.295255020626306,40.61493173798863,12.045702696731896
-9.523501353016155,1.3128477229753985,3.2985069753363523,41.140052720519996,12.14007770217242
-9.555028871420129,1.3135205449348002,3.2978674920180917,40.57896824961182,12.016395759957534
-9.505025616106112,1.3101907311566776,3.3050393873458903,41.220620821617345,12.027577648415418
-9.473089462971835,1.3128799868410768,3.2945760304055343,41.154335926346015,12.076778554258864
-9.377581158403506,1.313987054951333,3.297754836607869,40.99245018853436,12.084454630784126
-9.58514487819794,1.3107670881142053,3.300762092656955,40.86717581917757,12.08847045336397
-9.541859860029653,1.3112387282190816,3.305073171418539,40.68879655284662,12.107935409473775
-9.560462766564704,1.3125919187896093,3.3028525292263886,40.72787409493122,12.071021456376128
-9.578521806430453,1.3095842279541168,3.306476069402462,40.984879159875966,12.08427957727208
-9.552544615891854,1.3116332567732638,3.301383171603151,41.002270312065036,12.045566633639083
-9.47029058784742,1.3158415243120893,3.2991855220796875,40.291227516867544,12.060377613774799
-9.552188669791558,1.3106979315456946,3.3034222261126884,41.04381817525512,12.061333919805303
-9.392694633944716,1.3135467287092812,3.294531356269914,41.09327749878831,12.065425564438597
-9.518698756467906,1.3130269011703237,3.2931604599030226,40.796879310641806,12.09201005402129
-9.600900428341895,1.3117910642413386,3.3039050543783253,40.347337179467246,12.07985173739732
-9.551615028873567,1.312700287147249,3.3008422673038953,40.87861342165551,12.053015701299715
-9.55848508544226,1.3158996642969445,3.3038560152457777,40.67382278672712,12.00905798251115
-9.486394137382565,1.313638122344051,3.296590510247942,41.53662084295681,12.051606332584283
-9.63244576591886,1.314086114621755,3.305139135216431,40.03533598750291,12.045529450267283
-9.622227865875841,1.3160027866907837,3.3026814355088514,40.36997483222491,12.055296094847636
-9.629727771736086,1.3123558510968918,3.2998755184739372,40.32789166828018,12.154669088695904
-9.487140148666205,1.3109734669984707,3.3008293916671683,41.1291827993902,12.016859147670292
-9.479933023168192,1.3167356213233405,3.3013877115757464,41.50938513945485,12.06286638124429
-9.489395266654071,1.313602594678053,3.2965730713206804,41.22245818129553,12.093878382444332
-9.518343688030418,1.3152463622888453,3.2984599417944604,40.52545377620989,12.044057953370984
-9.613275327978858,1.3120630867258516,3.3013244893897804,40.60175692937893,12.154751946699358
-9.494909963325398,1.3144923474567296,3.298299464335671,40.68650938505158,12.01765883843497
-9.631001957042232,1.3116479345528569,3.294122324501913,40.94108861547584,12.051465680353354
-9.647138661041923,1.3140947309717104,3.3011795550581553,40.52589458183055,11.994020676885723
-9.523651125153826,1.3127957924313087,3.303344136695709,40.3875785435944,12.015083825698424
-9.627418080738597,1.3124596445083985,3.304274138515695,40.97904644628049,12.043805234500129
-9.588154923899813,1.31373093969233,3.302129242254154,41.328993565627485,12.07237162159901
-9.566111877120438,1.3098715437658153,3.3032732290034263,40.79630726667898,12.044708467457246
-9.584144309545426,1.3122585591394558,3.3039500362795997,40.87987153224503,12.090406228065758
-9.511161704582841,1.3162621210919285,3.3003186232695394,40.3751561072704,12.021398457294664
-9.513832513236576,1.3155104350671523,3.2915243332706723,40.14863991332571,12.008234035761712
-9.630226916890049,1.3127834096753825,3.3046391248667,39.99991269959145,12.158736984082324
-9.61297831095515,1.316143074876359,3.296426726832629,40.75615465830528,12.041944429530721
-9.554430909471725,1.3134052998489811,3.295476492471422,40.767961382556216,11.98495286482431
-9.599589942384723,1.3167188973658324,3.295586370186735,41.019313158342456,11.984907750656639
-9.571690860741182,1.315155771861726,3.309938311728344,40.777557008865244,11.97118056613389
-9.452102093699713,1.3148477123080773,3.301762190745377,41.490900547296484,12.063836304061853
-9.568051478961545,1.315425559732069,3.295833534366909,41.21280368129101,11.997481922228221
-9.5665835244538,1.320835283677726,3.297266334270206,40.7378489811452,12.020761562339228
-9.633484953837174,1.3143059666587045,3.2999971000968307,40.33165454274273,12.009910382487687
-9.552164158711106,1.3163828249375407,3.302169615110825,40.12920714241484,12.048352565124768
-9.530641436627793,1.317597369822343,3.3011171693517283,41.512144748008254,11.968132644366548
-9.526848719109488,1.3142135104041925,3.2962855742358883,40.56929215981893,11.955382939655797
-9.594853552276883,1.3130522951297943,3.301268586174713,40.21171932193525,12.019067949851442
-9.557480160322845,1.315139852420296,3.2975552487615025,40.93698264058881,12.036592429745363
-9.538895299135024,1.3179609684997726,3.3041876600828566,40.32719286746154,12.021862337586066
-9.57204382825064,1.3158567764602689,3.300225186409139,40.90745285972064,11.963454192216538
-9.6354704117748,1.3161760531224809,3.2969626636087117,40.59453483943482,12.036492202754083
-9.541783602641202,1.3185560188409682,3.302755816505028,41.28590437171715,11.964115946430642
-9.657668621390563,1.3152167335371683,3.30153297987914,41.019341290026105,11.973923067760682
-9.638350833783608,1.3167455676061721,3.29810053720199,41.16462737385059,11.951493330978476
-9.657018776428924,1.3139877659202097,3.302920368216887,40.76846713827879,12.06243995678309
-9.744035711904576,1.3177479601064306,3.302516468441256,40.168592580297435,12.027744198379963
-9.591621983236461,1.3176553073883714,3.3048072887936377,40.402001698344755,12.025013946852757
-9.717549217531053,1.3188758275255166,3.3028405541286245,40.352622935650714,12.055816105546755
-9.729648095779853,1.3150813880547785,3.299144212478391,41.33841374814501,12.132779377919574
-9.603563855376851,1.3170739476080482,3.293237880629078,40.693197063382435,11.905377140841544
-9.61514341504257,1.314985275026969,3.3007465863793866,40.834119368474894,11.952611321945394
-9.643644095760775,1.3171331594462197,3.3013672169003985,41.32015010463182,11.957413301063553
-9.62367716976042,1.32067076379968,3.3002047877674188,40.85449091203191,11.944373202671263
-9.620026432089514,1.3171461484962204,3.287956502390979,40.46048659986892,11.93172739906341
-9.665208633414114,1.3151349261203287,3.302715319833416,40.96164580310191,11.969316559924348
-9.66435116632612,1.3165847583761319,3.2963517989678843,40.4999073439133,11.922161977966518
-9.594365399110202,1.3147989978320727,3.3027428912461767,40.92691930455609,11.998437556516414
-9.780944405971804,1.3155043679726983,3.3068027389006365,40.64297392875375,11.982963977302388
-9.680272661377083,1.3195115217828173,3.298988809676171,40.441732597706604,12.003124491114946
-9.699254195329933,1.3153492318891984,3.3017539361299284,40.676040235784114,12.003153875523292
-9.65090418142376,1.318937316837157,3.3001311111451797,41.33821011789734,12.00661261395298
-9.741414782127515,1.3184336117208038,3.3021023343194136,40.2665565422519,11.956487090905146
-9.749050488381638,1.317387136713351,3.3004137804186198,41.02865605643246,12.079910447307386
-9.680585848093163,1.3189715549605063,3.2979320787553275,40.4026295845633,11.984271070225084
-9.560371963697115,1.3167067836403503,3.2963802311287314,41.60008359591264,11.878122036612693
-9.628709281525257,1.3203276320199873,3.306361862880631,40.40038705735888,11.919824794228067
-9.703763977431716,1.3173116792197102,3.301754211938892,40.43492976408954,11.881616311568314
-9.70852287809017,1.31799661792413,3.303322059674441,41.18625655376651,11.968206669001976
-9.625212461616186,1.3178182122162385,3.301596251611289,41.370468177114226,11.95994877466696
-9.744342352315234,1.3202659899868192,3.3039030724561975,40.83868595941028,11.941317495867676
-9.741590157210556,1.3200326209945548,3.2964161308709565,40.0840798848363,12.06398550259848
-9.703467959508254,1.3137555785065984,3.3003327257778783,40.62602777617205,11.989589452963097
-9.733099332599803,1.319561267535963,3.302021944458501,40.534300795823185,11.9971470604063
-9.50938754295139,1.3156159458816263,3.3051706783831487,40.63889967702978,11.912991046520778
-9.6968101675538,1.3184733830730346,3.310692304398002,40.8851145310733,11.90829082514543
-9.673580313547053,1.3189891146004717,3.3016300744881697,40.342162134080596,11.958792488357494
-9.752576233003216,1.318549319761116,3.297355597039391,39.97861177900373,11.964307533643728
-9.62683288856114,1.3203015820168813,3.295217427653195,40.097987203562624,11.861547405787302
-9.650788814009642,1.3207851342919206,3.2963807410655224,41.38334048585848,11.944054309345454
-9.745817145747154,1.3178416139659885,3.2969035222226424,40.304172398959366,11.952480834462527
-9.710740154930154,1.3178110394256886,3.2883956702707247,40.382717601531425,11.93972825995324
-9.74887354191074,1.3193993024844697,3.2972973799517606,40.08998500999349,11.90852562822796
-9.773327522696981,1.3164229027813006,3.302866962805352,41.00051484649981,11.920928787603865
-9.6541879912146,1.3185940505527358,3.3003015989567523,40.13952392357003,11.937773976679209
-9.758998093067259,1.3222803130741854,3.298965501598784,40.00035030020262,11.949869343532859
-9.886100668107506,1.3166062157718794,3.293512189397045,40.09906742347981,11.974282368324907
-9.649945491116751,1.3189717476296996,3.304201639918341,40.69148229157113,11.99680011163458
-9.772298960619187,1.3184990495939501,3.3020472531636815,40.71885617893925,11.9267555172188
-9.737602002231602,1.3237243568678214,3.299948273421586,40.25455791409378,11.917381809869074
-9.649407176205282,1.3186667672931396,3.291189923150478,41.318919171745634,11.960790258334663
-9.763397482105741,1.3188100330701673,3.298036909985528,40.205689941711206,11.968168738575216
-9.741273634917443,1.3177337845839292,3.3017348735400973,40.11402035216633,11.914636676690122
-9.838490190981476,1.3198381101554801,3.2998857304907965,39.88150951311902,11.974587789666877
-9.870336002729758,1.3203824434380942,3.300767752272681,39.949771495505765,11.982770036551349
-9.792752862934899,1.3180916013590616,3.3027417846462725,39.94707729425346,11.997099006979774
-9.775892890383865,1.3218603057192886,3.3006189559014194,40.748576126965226,12.020155928059266
-9.715942153594414,1.3204430921931882,3.302598700131968,40.1677789984676,11.886645583910257
-9.787892475671466,1.3216213529333716,3.2966258036388587,40.371083492714234,11.929389142768773
-9.760475698708705,1.31927635591251,3.2951089129743876,40.06722886566372,11.927987316151032
-9.871934395828923,1.3204325502556056,3.301909442729093,39.78634677793046,11.921250333664677
-9.723060942333897,1.3195320242507544,3.3027296338461523,40.99649272043467,11.89242285280316
-9.722832474881924,1.3228840960906505,3.3020758951833105,41.195445281893555,11.849341315376789
-9.65631093265177,1.3202102563212466,3.3005263447148865,41.19497861813763,11.926988258770693
-9.755517987297686,1.320002709616633,3.2987038362478667,39.90042968780449,11.882672852685213
-9.836651993471095,1.3190746694449726,3.300843944028874,39.79366110218291,11.924128161213904
-9.763904860242329,1.3189636555013482,3.3015171997546617,41.26354190988301,11.878865687955535
-9.775663830426893,1.320473933490175,3.3017571897904894,40.346939251129534,11.862325875962684
-9.766041150377522,1.3216390478751168,3.3104285582265147,39.917999588309335,11.927766213809546
-9.791208609567402,1.3186306173086368,3.2963167848579915,40.8504775830032,11.92234147292915
-9.881914894254509,1.3202512295497566,3.3129039724965916,40.26312422836656,11.94250521812582
-9.94741814530967,1.3203632245378578,3.2949727156326865,40.33296253164695,12.021581676904061
-9.788579520935894,1.320706904461038,3.301542674905642,39.52768482316508,11.92490200406787
-9.729360624279469,1.3165689541676258,3.2952206296762876,40.41076880335954,11.934042348501924
-9.771323027570258,1.3181267292600531,3.301224975109589,40.836875310457735,11.854662643848231
-9.724858638013847,1.3172352320427947,3.303928491299415,40.294137884694514,11.842949529660697
-9.787441280339813,1.3200218958015597,3.300130330719372,40.91911758614674,11.985192330393541
-9.772358159572732,1.3181418663373634,3.303892321715861,39.928581650055904,11.858634614081808
-9.83704071336924,1.3189374981705966,3.2983052711543905,40.28088646665522,11.85137095683562
-9.80439456485144,1.3175260689447643,3.291800543436045,41.049179463493196,11.900374607602025
-9.745235518827224,1.3190912899272098,3.302506836530157,40.04918535741984,11.896583185752295
-9.76838621477819,1.3176311735163775,3.3001225532980607,40.57181843781886,11.854732616907704
-9.773054242106198,1.3213753014283425,3.29808154415248,40.68793142159312,11.883376323663347
-9.88689476414805,1.3207965319326922,3.2983577538702322,40.26277200998507,11.958862742884804
-9.823236552502781,1.3201156152585811,3.3016263269407142,40.253507689038415,11.855865202435162
-9.806367776966036,1.3191868445379027,3.296741868411288,40.03673709384887,11.825254161403851
-9.863575013142537,1.3156894194256996,3.301500979238247,40.35146847542692,11.940842369645674
-9.782006862971997,1.31882093910285,3.304754548075828,40.39492354365167,11.917104460733313
-9.967944494400935,1.3181854955862018,3.308240280578452,39.489593052271125,11.860242657482457
-9.804093655775734,1.32017251255622,3.305618106151049,40.83175166971545,11.810941281176365
-9.834490363157103,1.3208854353542554,3.3006469817318664,39.96699901343819,11.85160160092512
-9.932117544625157,1.3202618471160277,3.301030660399619,39.571638676547266,11.884882800132763
-9.842892611875996,1.322103725609653,3.298399005891419,40.075942033840356,11.944689019288461
-9.87447683888086,1.3184045968092193,3.298137426093536,39.893958521281704,11.83336587154699
-9.879097596781802,1.318283761661976,3.3034881271938414,40.13850843405446,11.87976071743338
-9.76861026443531,1.3215396727762228,3.2987699597667026,39.96579901738923,11.916537894447963
-9.745401002255566,1.319755469748709,3.3014643985643586,40.68838655719689,11.762513476078624
-9.859781645002434,1.3188866809802995,3.2961499619703765,40.83285701979198,11.93206458771937
-9.81887593454668,1.3230298863392247,3.305481250597222,40.40459410090066,11.820053464432057
-9.892344561962112,1.3204469981567115,3.2987101733453987,39.63759664410325,11.894578781750106
-9.763250770183955,1.3188636726013516,3.3043519166826596,40.10821058945978,11.889118501696496
-9.858915724213695,1.3178246296461433,3.297184707290902,40.37068058977414,11.92982134677632
-9.941564307559739,1.321799841051559,3.296973158029485,39.33008991409385,11.901948297783449
-9.910281389457769,1.3195096480809776,3.3053121271254313,39.6863243697436,11.75434999689129
-9.834969241582339,1.319092072001095,3.2974959699412576,39.671059985188215,11.832790415671763
-9.898299887644175,1.3203415249386643,3.293728398998513,40.249571928569225,11.877756927425176
-9.975250079042715,1.3206936356354553,3.2958402378530343,40.9143715532225,11.859917428472686
-9.883511069736263,1.319976245872445,3.303426834723993,39.728582722577556,11.892369192451117
-9.936061405728616,1.3205860655174353,3.3030424821730073,40.45440907168609,11.906781720717785
-9.886458551202486,1.3196610384744187,3.2969499956681347,40.001532350438566,11.896563242888542
-9.874129253070786,1.3198068177975253,3.297473125195204,39.72367235930571,11.854256720561045
-9.899233131514848,1.3171710839433013,3.3026920633051704,40.82718527094598,11.771485999522111
-9.86244490889839,1.3221909713599131,3.3052636821807706,41.13904792255671,11.839863763022173
-9.95499472428263,1.316037400024916,3.2997248018421126,40.25475556035188,11.882293823436438
-9.916333160109518,1.3190565891095003,3.302216953661747,40.312337935175556,11.805793281274944
-9.968251363463354,1.3156959761893214,3.3034937322661917,40.08840551113984,11.890722267670313
-9.878297872290062,1.3181035303438497,3.308612012927386,40.184105683474286,11.903423764707911
-9.946367275399323,1.3170860844619352,3.295377136075198,40.243296939986166,11.86319572073691
-9.770336324374414,1.3184276792125813,3.2973251063669444,40.72977471833718,11.702514376008564
-9.793233611200623,1.3187657959023833,3.2979741066635406,41.07886903105856,11.790652695790508
-10.026591581179474,1.3160943491677817,3.303310096594859,39.73772352090089,11.947723085478717
-10.099630004926633,1.317871552393942,3.2989923291117953,39.851694610592304,11.82494604231754
-9.828680784310686,1.320639729010875,3.3012489833548972,40.30725756901968,11.751927887740989
-9.995276766782093,1.3151484901051784,3.300487371812699,40.41907126838736,11.911762369415513
-9.999105742052695,1.3159841990117693,3.3000069485035626,40.96182081923366,11.849535586463526
-10.012671678151364,1.319331754758194,3.3004295862975455,40.39808242381392,11.902985515559676
-9.984463244964763,1.317681952912753,3.304119602859715,40.350371074294024,11.860460007937851
-9.889209112477277,1.317744416232832,3.2961176574042437,40.58473153776649,11.868416534337593
-9.957984392813913,1.31940064587356,3.299406175236276,40.59100029235563,11.86251848493757
-9.901853032465288,1.3156805168458394,3.2951388890168016,41.16207284670064,11.878124846181265
-9.991642937308622,1.3161412817876217,3.3009062277125265,39.342560026016145,11.956007345332244
-10.010118704392049,1.3158046581933858,3.299217884557038,40.21960056723318,11.889574537527997
-9.954132593863974,1.3163022240449067,3.304276972530271,39.05925095436783,11.760898679333039
-9.950620166491117,1.3195850680112335,3.2999807071178022,40.47930106822435,11.861143193259899
-9.95539265531567,1.3134099698928796,3.298224643466388,40.30962987110944,11.894781696994762
-9.949272608493304,1.3143285183959021,3.299013159807709,39.88272399467176,11.8967433298223
-9.986971710745825,1.3138891427560067,3.3068936968544285,38.95804431590391,11.81418178199107
-10.003488003303222,1.319326183948735,3.293719677556245,39.98726608503341,11.89266612666579
-9.975960385834277,1.3151950250598434,3.2974899355975373,40.13721612943693,11.879716050071679
-10.078092826818605,1.3156702557810973,3.300144032176,39.81857120934217,11.960868000807261
-10.043021263156612,1.3129928697558764,3.2974542942136797,39.66538628406647,11.793658434879054
-10.032299189743986,1.3155946656992137,3.301962726691056,39.57668621653559,11.80470810010253
-10.006350190690387,1.3177485533154614,3.2997740582475563,39.96658545338604,11.813695018798112
-9.95048616717989,1.3164162764294718,3.301023939610521,39.778277039308215,11.803415961592748
-9.907618042636493,1.315588275053786,3.300471312541113,40.50848403840668,11.78235540550065
-10.020636114882471,1.312566669392909,3.2995878184284106,39.927246675325904,11.68765533800303
-10.036246184093473,1.314931778211915,3.294836705059106,39.23764126004278,11.802990126622614
-10.044911256896459,1.315771566794737,3.300704369716774,39.98085727286929,11.842132327297254
-9.95712430253023,1.3133829637435555,3.2929463646564234,40.25142798047048,11.79794601321563
-10.100141021063571,1.3165641017372058,3.2973121560734806,40.44691310768904,11.918322223151053
-10.049119801411345,1.3169110008026848,3.3019568211440906,40.27301602297396,11.821171410464595
-10.142927915735028,1.3139689575448392,3.3047587501428337,39.35466781295004,11.884006945813592
-10.00639438109609,1.3163621662949518,3.309397664501127,40.55754182233304,11.831482824223631
-10.062137562453376,1.3145741341652526,3.2982869840863835,39.321312004779166,11.858691936792047
-10.080946696370201,1.3169698741852576,3.2965395014791192,39.849373383359584,11.830296893686345
-10.08744222380742,1.3186247668004716,3.3020891342034404,40.12674279206056,11.88374078899748
-9.974358710459882,1.3122488932435405,3.3074798752593146,40.634760763255564,11.81706878271367
-10.116203558721518,1.3158538523671865,3.3061309791710434,40.52315328928781,11.838051644413154
-10.106091769108449,1.3168023819112993,3.295859683179032,40.297705980988496,11.830539605027285
-9.967017241946827,1.3121275805069235,3.2994379632501505,40.01131967283533,11.796789609778683
-10.057862311152686,1.3127941168555017,3.3034014691325817,40.116144134562376,11.83043751737748
-10.070882375409067,1.3126459590829282,3.3036788446097454,39.94799685274407,11.920895846226555
-10.027265598020174,1.3134264535412445,3.302367447695383,39.66169485043902,11.794648452301052
-10.073658896024408,1.3128515450447749,3.2982050056639634,39.8064321148966,11.828136961736702
-10.116315023532742,1.3130389339478676,3.302331860871629,40.48649813939075,11.869051753650583
-10.045504637387177,1.314981683681715,3.303717403219508,40.1674553613347,11.86217824954816
-10.000362413664227,1.3093832742014622,3.2962719196973977,40.82302220768684,11.804757895147151
-9.94809026039632,1.3110952981025632,3.305320943596442,39.6708200483039,11.68401285615498
-10.159687344174083,1.3142501351174602,3.3039678380558586,39.52800229201696,11.828031396402404
-9.944773714945901,1.3138820421137494,3.297032154001873,40.276555968472735,11.690240272604127
-10.139692039722263,1.3105246433007423,3.3036996393134377,40.01755906434266,11.87373236174681
-10.133916822920485,1.3136254067452098,3.3032524546219375,39.68545271987008,11.807734511652006
-10.122438819942586,1.3150230595335,3.3034046106110946,40.07532270149435,11.8482736587632
-10.017774264997428,1.3121336533941514,3.3063038922177626,40.28163469603772,11.75221738080625
-10.021859936441873,1.3100772336903757,3.2999581528837205,39.40111096495218,11.718734402675116
-10.117846470881197,1.3137035926179232,3.3013260852632915,40.065683688233555,11.80843821118831
-10.047806513019284,1.3152593930187029,3.289445086979359,40.33369272517827,11.792764930904285
-10.08112663695767,1.3098997399726515,3.3044632907862974,39.95620875140847,11.768916585984016
-10.141199915579564,1.3116083542806436,3.3040783456703604,38.981615646296426,11.796779147301958
-10.219269419644828,1.3135671129130029,3.3054241372191386,39.45072664440364,11.929974283463913
-10.106744714547414,1.3114736034346095,3.2962532783713216,39.96168666462924,11.832389139415948
-10.144576353307762,1.3076035215108237,3.3038481815431804,39.364565441410974,11.84220215100321
-10.21990655424893,1.3118393326222053,3.3040749971857517,39.927510031943925,11.830992427240876
-10.105322471748313,1.3088484288447169,3.2973963335490417,40.08119115056216,11.861841072836645
-10.146115833870628,1.3081173269298547,3.304223857707856,39.761563003012185,11.777440803667977
-9.978038104966506,1.3070551904495864,3.3018521628441317,40.05089984405692,11.68328679986998
-10.207279876314585,1.3127426148921388,3.2932079529050835,39.66259479710817,11.775680110322304
-10.161829419640659,1.3085427024508118,3.3023379232818795,39.674717359634464,11.824784845398229
-10.151323054656656,1.3107283445395181,3.2969311725462864,39.183158898392826,11.73480079162632
-10.190558955320512,1.3110683618950651,3.2932962723415535,39.44683932372768,11.773569391171847
-10.151226704009138,1.310082117149052,3.3014662131022665,39.72653681899342,11.746900221885165
-10.073498278722834,1.310198903718915,3.29973867718761,40.420444574335505,11.855695352106405
-10.155181211606859,1.3102144098073325,3.3056152542841235,39.966455155789546,11.817176097939623
-10.211700625242166,1.3095743406491118,3.3007268764841617,40.165525938003576,11.81139382998916
-10.276027179832152,1.3076229498007144,3.303114077306948,38.885963602413106,11.809014627409999
-10.255976908403747,1.3072890217632476,3.3020352374642004,39.34557527778428,11.775194089729174
-10.193607102374848,1.3086214758095491,3.304083829418771,40.442329044276526,11.786060601607865
-10.167723111766014,1.3084221810638887,3.296454370619839,39.36736649717402,11.716054054736684
-10.120961447261687,1.3093755582894684,3.3007941465204507,39.452906023510295,11.665125958818779
-10.305107430103506,1.3105619800272308,3.299437056387711,39.281083272625786,11.78109118245042
-10.181466803564476,1.3088876151364892,3.302614733535355,40.44431109031025,11.788930017498393
-10.139272560863283,1.3064185370527124,3.3010232523070564,39.45284520419541,11.83234143874126
-10.115452985456228,1.3035178806367655,3.2975438485360566,39.992087820850486,11.84959704986936
-10.329288823677881,1.3061816055225979,3.2986482658403258,39.498235972754514,11.848686591314253
-10.202333738311335,1.3048691990111492,3.3065940108341554,38.823936994361,11.719446270713268
-10.224473426561302,1.3059355595446767,3.293222595527155,39.544782227595405,11.750899373236196
-10.188112885196265,1.3077184188851432,3.302837458827461,39.40260415238847,11.791698921569413
-10.324150051905187,1.307239655994285,3.304965785186932,39.62288870150805,11.893451445450017
-10.12654747260479,1.3106237018091729,3.3023153486100094,40.44253315026801,11.84003961525783
-10.218665442251236,1.3077094552549653,3.307884033005192,39.42484978061953,11.821187411044196
-10.1937933340401,1.31039705876513,3.303754062588301,39.4745770572557,11.745015522958312
-10.081260101386338,1.3078439340588615,3.301536494854951,40.844611091860244,11.719436792360227
-10.222388344518256,1.308419511365194,3.2981330817663284,39.27060670570596,11.802238522046009
-10.152964087659011,1.3053642601462006,3.3016106697887238,39.15687116454821,11.706960934700911
-10.246377951581103,1.3037665497608684,3.3027267276807524,40.05827286071375,11.749277581690599
-10.289439832918445,1.3048507016905788,3.300014001697441,39.400866918515,11.754670449535716
-10.289307852036359,1.305557497775696,3.2970286935630218,39.53471207153191,11.839269460648822
-10.075557510573773,1.3041571094011197,3.2951831093359742,40.74148741660893,11.741108076666851
-10.119457031648068,1.3032429203988283,3.3007416275415236,39.19989431383705,11.636104136791126
-10.217330433106646,1.305910259268564,3.2940787351688736,39.4871541467791,11.78251713407064
-10.265065930691861,1.3028967815857633,3.29811382924217,38.97536060145919,11.721576712755299
-10.173113203768928,1.3016712103254493,3.290273038116492,39.787846975594526,11.757896895714993
-10.308775541294322,1.3023242794655852,3.303332074118485,39.16124745279072,11.750672298409391
-10.319417066583421,1.303929650283264,3.3046161868366846,38.8919908316674,11.740569186922414
-10.288278317112816,1.3022460976584325,3.3003157922410495,39.716354347901536,11.793022947706588
-10.082141320410507,1.3036010087078098,3.307325836127439,39.83984900573201,11.67611889949576
-10.113674683329146,1.3050870207948768,3.305389547008865,39.27199790993936,11.726172364014126
-10.287385573956604,1.3048636660039055,3.3019191428605885,38.949083653323825,11.785490623889357
-10.27104231930335,1.3022214929229876,3.2995471425563507,39.5410386407276,11.71985487754202
-10.306871457067723,1.300763356573886,3.298602407524467,38.71794755326004,11.669393917916352
-10.263424612870413,1.3020478310915045,3.30224996429744,39.564144481607954,11.782541920408509
-10.272467057764056,1.3043379622930313,3.299435092636423,39.99088862475361,11.804553561138452
-10.208325248084705,1.3046324292903728,3.3021929208066294,39.850173621798696,11.745438535728532
-10.155868069622336,1.3033869634872148,3.302489814455331,39.43893382156629,11.648940286332659
-10.291729434858212,1.3049109983774885,3.299081683008759,39.52627723891861,11.781580140823749
-10.190074229783036,1.3057932821415592,3.3043831432624917,39.11922106475787,11.662591177082087
-10.317384592525027,1.3011949958628923,3.29908579497211,39.41974435656415,11.76033429634374
-10.215905214923191,1.3049609874410382,3.300085354194581,39.43744976041983,11.699834759456664
-10.27443524270483,1.3012930197220896,3.296089901598702,39.035388950843554,11.685534474509769
-10.237059778912387,1.303679935836633,3.298917533060028,39.775367123226346,11.720754308935382
-10.251055013553668,1.302883378147391,3.3086327938239015,38.706900400509305,11.733013198728202
-10.260781300528402,1.2973379994801368,3.296398453724519,39.00411228969412,11.70930083934822
-10.250721765428603,1.2991854467577248,3.3017508494414964,39.07232400666805,11.77028451234944
-10.369405217823058,1.2985010247714026,3.2981820353910214,39.05926654176016,11.717888909941726
-10.377383742960308,1.2972051342583775,3.291144393993936,39.764967501332755,11.788549899236848
-10.314862395863132,1.3023534274263113,3.302235881693147,39.671979156142804,11.752951949500204
-10.363426295432918,1.3045578650115215,3.2977755029642384,39.315272234282574,11.703373337548344
-10.299667129677845,1.29973046812455,3.301276164865365,39.4239313731688,11.694317093666568
-10.280822847072242,1.3017795995777262,3.303958875850287,39.43365153081853,11.654607158335375
-10.230842717368024,1.3028660045666964,3.300938393536752,40.08704454524733,11.750891525094751
-10.287355929976604,1.3001388928785895,3.3013131953836177,38.699012742208915,11.718003401175817
-10.186313401272214,1.299497100048604,3.2965282403047715,39.93599641277064,11.616505945739146
-10.278496280182582,1.2988818814655625,3.3028273014434317,39.23972977368129,11.707717965122617
-10.322203490009903,1.3002739539569506,3.2992412639448387,39.55678914729876,11.688845048583785
-10.346551953894012,1.3007738641758255,3.292006285570798,39.5100064774056,11.812078737162812
-10.231435694678034,1.2997738000609822,3.3033089777148477,39.83042658743571,11.647559112148825
-10.212714557991317,1.2995309181361454,3.30453193141173,40.20802988326113,11.660038776989955
-10.3586158209368,1.29839948874604,3.3059244898222335,38.73435418169177,11.787018173674678
-10.45826711407956,1.2951420021487847,3.3086832920096247,39.48564365248437,11.798776335413393
-10.41250418191641,1.299949487962954,3.303094138190511,39.14944968807568,11.693112639173966
-10.33440020860217,1.2954110895085662,3.302055888471074,39.14685719880506,11.698186237062778
-10.488848255691751,1.29904554939927,3.30436619096782,39.83580833703159,11.760036184522708
-10.169828857941043,1.2991448568047248,3.2964520194132723,39.9411067798982,11.612308466516424
-10.255904733427728,1.2951793049124067,3.2933121222754203,39.32130870863979,11.635047979663728
-10.371903763785117,1.296071546574782,3.298091964765982,39.639117403008285,11.713520377809939
-10.448633218842966,1.3013572828875473,3.3051089767094117,39.08431017230124,11.804506147043494
-10.273245185826834,1.296782774692459,3.297355603471262,39.28035568810994,11.704684882518535
-10.41767913364175,1.2943289500991613,3.3018624423506364,38.922206888789574,11.730983202293977
-10.440281091015628,1.2981990202357043,3.302293189210862,39.24126308828486,11.782096019892368
-10.451970217454875,1.294880054783071,3.3009770605497675,38.85051077091054,11.83022621434837
-10.334566748244177,1.2924127728064827,3.294889470579326,39.393038060065024,11.695520213297915
-10.320649528179887,1.2971220608907033,3.3013708229844485,39.71350729462184,11.723006707777596
-10.334787604961637,1.2940782854373962,3.2983137861450076,39.37462923718502,11.814442469566007
-10.262514695380956,1.296383208381259,3.3068114447688224,40.26557103289914,11.646726176487043
-10.391375540073618,1.2939450866006175,3.3045475138517406,39.222531412429284,11.773716902322422
-10.281500746777372,1.296814847371482,3.2984548276963435,39.9766139389882,11.670929067011901
-10.41346224736989,1.295597758212654,3.307062945913965,39.56359367225458,11.72648075249358
-10.47627039741827,1.2898830301619957,3.3013748456371674,39.65757970204873,11.70874377723538
-10.391837835422578,1.2956565342876996,3.293313453874231,40.005165960676884,11.672497059180099
-10.401747542840047,1.294144497371005,3.2996867788687743,38.491970113541264,11.670770775667927
-10.425201047013749,1.2973892479246933,3.306541111711849,39.25566362417917,11.733280155306884
-10.465237192258188,1.2951784955467351,3.2967206459887386,39.02477815164431,11.768775309633615
-10.40961686887688,1.2957330901140482,3.299727040379457,39.22533948743271,11.71205578906383
-10.352145635893935,1.2926328275127414,3.294560614728945,39.13674874974288,11.721597871700888
-10.301350526510145,1.2923073611192308,3.2951954681338593,39.17991631343898,11.74620589873764
-10.471602256601516,1.2936702509556268,3.296663041024384,38.61696036595647,11.668626614021699
-10.490506194058243,1.292834848489346,3.295090407020834,39.05794092398629,11.75375791930281
-10.465090507479395,1.2960671207019396,3.29752690366119,39.443425159731326,11.757311582173193
-10.418629089551803,1.2929199896277834,3.3069531331380038,38.96526366237653,11.846102276088988
-10.404732371164236,1.2906130252114945,3.2998557097360033,39.05913225200803,11.696697693910162
-10.436180171896215,1.291244076154953,3.303142086803648,38.84841056531073,11.692186172056031
-10.382745668968164,1.294666450172946,3.3043662760676322,38.836768425092345,11.75313133869014
-10.371951790313299,1.2922394964918018,3.2955662541405126,39.16163892423546,11.755236468552624
-10.398930336172493,1.2919708163388373,3.296673950350296,39.33942592313237,11.687130557106697
-10.452392491174953,1.2943714215448923,3.303063274909843,39.59815347115825,11.693335882816342
-10.413118516068199,1.2902609166732633,3.297462867977946,38.696921704082605,11.740165115121991
-10.41141420391529,1.2874600894420618,3.3027983486864985,39.165017739645876,11.671349379721823
-10.424597900464635,1.2900653222622065,3.3067092896841506,39.62205885446128,11.691827380138792
-10.455669022130902,1.292096473913995,3.294178468450357,38.61712677748744,11.716464682052642
-10.394361349087788,1.2909551516343625,3.298572263348626,39.71808388159299,11.761418425459619
-10.397122694136867,1.2881758451706915,3.2992069145091563,39.030173073602874,11.681033498254928
-10.321289271118859,1.2931720159990403,3.297894534195718,39.641956840096,11.618791640935878
-10.303648715740085,1.2913107580851344,3.2975681039733375,39.30547594348497,11.614733929475445
-10.374963114162217,1.2916063474602855,3.2980315167410064,39.43357318648959,11.647251598777974
-10.43378252421275,1.2915127909274065,3.2999389970961523,39.77605100185029,11.64422783241582
-10.37216574562989,1.2879224844968438,3.3006595392065345,39.20710286562136,11.70182516995557
-10.383007853338677,1.290971975376374,3.303813643370572,39.63258431941427,11.649786719408093
-10.269109559781452,1.2920285433147234,3.2998995253247596,39.57163573673213,11.673773534126141
-10.407124509214997,1.2923424196833924,3.3044726997892035,38.87134309312072,11.669893084806919
-10.394402706315471,1.2913532461794752,3.2976327996930066,39.15295970284704,11.686263630838297
-10.46509920001277,1.2907866674912016,3.2951945486495533,38.9865598304383,11.774111439038021
-10.474133413366163,1.2861360340736065,3.2987809838623523,38.48700955717512,11.740786360035955
-10.469737720839449,1.2894322668986922,3.3018499706182878,39.24413986502794,11.708203774611247
-10.426786249321248,1.287401049605601,3.303441866812579,39.40961601512457,11.684059883834978
-10.416016039078261,1.2917314099337642,3.30584093434249,39.49292425219371,11.685169035230045
-10.399189930065246,1.2912815339892665,3.3011608012159344,39.77353608034235,11.722943043277455
-10.458466114644901,1.2869742543282041,3.303012104023335,39.46463794095411,11.735494811922239
-10.469600409901828,1.2886387397154309,3.3054751174695256,38.819588568688104,11.66064171330872
-10.487156487691077,1.2890839573041795,3.2968830124074455,38.86960673144545,11.707588453659742
-10.49732580431431,1.2902456324152927,3.2991594360024363,39.34085158859303,11.603930866532549
-10.37645801476314,1.2849508049140699,3.3110836528421315,39.402967158941635,11.715850569890875
-10.524451108373118,1.2837416791444567,3.30342555576921,38.943967429110614,11.74313098982875
-10.409958773124666,1.288097004743632,3.3020428012347853,38.83019417576474,11.69078435936207
-10.505897952306997,1.2828185702965047,3.303574763377303,38.775917114843146,11.795384023903342
-10.438884787384696,1.288060167858194,3.2946572914174426,39.35535418951756,11.660271259910774
-10.49367524876237,1.2887899910993,3.297412694285673,38.232310574870624,11.714986340303994
-10.529608226747863,1.2899412317657633,3.2959508084820874,38.00479576493823,11.702109852698634
-10.540874940558611,1.2860883861222556,3.3016744332788366,39.19560107522112,11.698678614449287
-10.380729387958812,1.2875213011939903,3.2985241357403585,39.025149087456434,11.697775438459434
-10.485151156377944,1.2883683477084327,3.3003815539565213,39.21711260088863,11.708650492491898
-10.445000613264154,1.2845812631650249,3.2987559350108047,39.74066767862359,11.745502521127284
-10.444663859206887,1.2886317690553433,3.2934943762900573,38.70544596256556,11.771806391191266
-10.519897197357976,1.2872191335376393,3.303539905748616,38.292368332629394,11.702627718558727
-10.492253531770885,1.2853299467500412,3.292951214251448,38.90493387657134,11.743332345196437
-10.479005026480783,1.286695016047361,3.2970894130429147,38.76806990394093,11.667310167782746
-10.589790926913347,1.2860060361834031,3.2947381108800475,38.81027454336076,11.740533927143916
-10.495238046319072,1.287718347777915,3.296481035319172,39.22473693842738,11.663979886722172
-10.497115382871902,1.285311828527452,3.3008074342512788,39.13644694422023,11.75646144010143
-10.592237684780894,1.2863625421850926,3.304940091842411,38.83402536674189,11.812315142402968
-10.525389376611221,1.2845431835854697,3.293756020044265,39.3724847273075,11.69553923699095
-10.466450590992773,1.2837871292915548,3.297771167926796,39.33537866261835,11.591882269984355
-10.372370142502456,1.2858847405320681,3.2930038228282292,39.18269995347,11.673977493827605
-10.655495336785835,1.2836281006509522,3.2975783518972235,38.94310877775025,11.762852278442066
-10.500265842127206,1.2869038678034899,3.3002875682745314,38.38122258127041,11.72879542992374
-10.539832869056273,1.2863693627762975,3.30306831026861,39.34583369182497,11.713476029184424
-10.583927982151222,1.2835379875180046,3.2915257520541115,38.84102004441619,11.751358217677803
-10.55090824621221,1.2853802331263176,3.3022022072796977,38.41791170869633,11.725047616432576
-10.514367371421976,1.2832988742060472,3.2961094399637116,38.804609898934395,11.76161704429461
-10.505313465631822,1.2815164047633913,3.2951352368912254,39.40438922588273,11.746613506860768
-10.554503235859853,1.2834184996564564,3.300269950780367,38.58392981202051,11.776644583110288
-10.4728395923708,1.2844014077325927,3.30250858521799,39.218560003796874,11.718422303028108
-10.477738012301465,1.2854351304703033,3.299598181059468,39.3960347629614,11.745674109648325
-10.476367997358244,1.2845827330965462,3.2956274774217116,39.05703922575217,11.684989130400226
-10.552545833115872,1.2859917795323075,3.2995960759954284,38.54907107816901,11.670212492947494
-10.549585398000463,1.2821079600521592,3.297099285866001,38.875267949577896,11.785569671148732
-10.513797455148122,1.2832119708208176,3.3024161298998194,38.40864809369303,11.710992985710405
-10.609155706498385,1.2871503973011624,3.3043014313252104,38.58622635935876,11.740383951042105
-10.639096786235612,1.2798970290894922,3.304045847963539,38.278914723269764,11.706289803227902
-10.650271428346059,1.2827540426819277,3.2999210060080797,38.680693372067765,11.67074560933003
-10.541371506601887,1.2814149700069202,3.3044906427382488,38.409531900360406,11.700594836082203
-10.565015831101183,1.2830684198277664,3.2959160788535136,38.90333598482758,11.771825402616184
-10.633485945859722,1.282492840039925,3.307131465329699,39.18617615510931,11.72777342679472
-10.444838519771906,1.2844698313377962,3.2958936716904073,39.588588908814444,11.614429197797257
-10.537551849140108,1.283681621622661,3.2918795232385976,38.42671913000994,11.689237777171192
-10.517324487687247,1.280465686627715,3.3054617456379787,38.69891208046883,11.789117545419016
-10.527814933968658,1.2818082278507985,3.2971594623151894,39.2854762397912,11.68932157998825
-10.576007188819446,1.2828932439167697,3.3004669555300206,39.12960306587558,11.610001767141089
-10.578505020002028,1.2842824685288434,3.295876767812303,38.59690944142999,11.794698135724209
-10.537154734201234,1.2875811576401777,3.3094544136293615,38.73110269933051,11.734191017366667
-10.593023881981402,1.2840336912597896,3.30728727068023,38.846858138144356,11.696602159566693
-10.64076145179964,1.280517277389308,3.3061862157248973,37.98516007618468,11.681569035944884
-10.586156148180546,1.2822700937413163,3.300353430949097,39.03781993074503,11.754300348383858
-10.613199246361349,1.2827365795715364,3.3039227969190015,39.206830071486955,11.673132119116474
-10.529723554415186,1.2812540306105156,3.299787791745365,38.784908204938034,11.757698354751243
-10.607817317843235,1.283152861603701,3.3044888053855734,38.21667775919945,11.727455248340727
-10.47402339913396,1.2775904800543805,3.298357562545273,39.616998650931855,11.712645235847996
-10.704009511785134,1.2831617823365746,3.3063388176629473,38.67975266254611,11.707758239099574
-10.561988981036949,1.281026323656232,3.2981565107470034,39.15960588616812,11.691811158637732
-10.516346222688135,1.2816846758062963,3.2986108363826987,38.438854509833035,11.752924329038882
-10.609260360509849,1.2847618979902264,3.298133884101232,38.25448669371871,11.65746364331696
-10.547975500291805,1.2792351672848596,3.3007698094588664,39.069697482472634,11.619728688128644
-10.619999595440712,1.2822327789007606,3.2984472166282965,39.17102677253314,11.731646806024685
-10.638737292364905,1.2832057167889745,3.3019490222768275,38.27083011638439,11.732592265654029
-10.580721692993942,1.2818904797050352,3.2980760520663943,38.79783572503118,11.725153648198065
-10.672763168000106,1.278254760388569,3.303163154084736,38.019584523229135,11.721644940208503
-10.58492978557345,1.2841186865955578,3.306073468072434,38.54951609966834,11.685354121572969
-10.576441924928513,1.2809313486808542,3.30031018857518,38.744306577336964,11.740883579744002
-10.600899335285032,1.2802365584829893,3.3088733137390793,38.99372342516012,11.69936552505179
-10.638374016703471,1.2806096825342703,3.304510117371487,37.88094170329186,11.677427420492545
-10.522326891933426,1.2804067929909564,3.3085529460470995,39.48350562621148,11.686333877684255
-10.600020298764653,1.2787325977964967,3.2997552042917926,38.73173977332763,11.803111447852313
-10.61378968160343,1.281386168004618,3.2933541631988668,39.2901756036365,11.615487350405333
-10.686195817174465,1.2798065531457261,3.297175451102957,38.907087311527576,11.727387920310875
-10.612542824202588,1.282288994880893,3.297583453239331,39.11583448000781,11.61861102020667
-10.563321982081732,1.281930059441953,3.2961878982049515,39.68147454750403,11.697328563867785
-10.572696830711322,1.2840953123261147,3.2912163814148037,38.54196050047836,11.681238205119818
-10.501857483419244,1.2803712710692896,3.3040985869628487,39.050462395489276,11.598853169120105
-10.631987918668356,1.2791400642777306,3.2925599233529423,38.339740892118876,11.722747120513112
-10.649969406355863,1.277760571757011,3.303715517135361,38.65917747749069,11.684489643750062
-10.49765719459935,1.2850417056123882,3.308742199877879,39.292723469121334,11.598733180693396
-10.660734570919313,1.281935670441405,3.2968866669105825,39.129465373251286,11.745879494570643
-10.632479496698075,1.2791845267269575,3.301550281964536,38.58213715623858,11.775864628438276
-10.739293020677577,1.2839150685867597,3.2984054708348207,38.03949941359792,11.778839399397405
-10.653442559094673,1.2832019578253393,3.303308303787099,38.722437288822476,11.72250549612891
-10.552091678820801,1.2777494384919788,3.295222356853979,38.55494945705495,11.70709069763497
-10.688896733974513,1.2789088928424215,3.299472835681638,38.39105436807893,11.771431358775605
-10.607106379401415,1.2801165334073785,3.3044847210549273,39.054480321324235,11.78938405994935
-10.78330640490616,1.2782078474596696,3.2998045178806885,38.62763905108163,11.762190280109483
-10.626308340862108,1.280123189854368,3.293485489248976,39.081064248207866,11.658687535767541
-10.632763724053286,1.2817101027878337,3.3049666136682023,38.59958508500226,11.716089831274497
-10.525038096672352,1.2775109885768767,3.2948160963585345,39.35351330366248,11.728262165469197
-10.644647969836912,1.2808163462550637,3.300314936572857,38.71644355691259,11.616074871333996
-10.592349250971791,1.2825416815113329,3.302330577187436,38.701639324444415,11.730298701042235
-10.615402111369937,1.2809809739301956,3.3004794012729404,38.329674742029205,11.82076078916299
-10.682387554107967,1.2800066579623932,3.3101497485686675,37.79925078064199,11.739394112137486
-10.683441220702145,1.278800555426547,3.3029352536442875,38.00754647145122,11.781359634636516
-10.621352400412992,1.281778823626354,3.299190599517012,38.843480096783345,11.7171319589683
-10.713406795991506,1.2777451947512928,3.3024106516183918,38.21017844339464,11.704628107681506
-10.66424510622829,1.280568029226349,3.3008397785144292,38.01340441673278,11.72766094856007
-10.531491767885875,1.2801184044979168,3.3001774776504207,38.76926632572705,11.66811994971798
-10.574035551125993,1.2823050404585965,3.300975148774931,38.963840912406994,11.661041967726254
-10.67157498910604,1.2788762852373596,3.2982636520983513,38.822877795607354,11.772870935745035
-10.659047588973097,1.2790357953845455,3.3008516066545193,38.67035675346733,11.778503335469143
-10.572890443299277,1.277538542212233,3.297978035447376,38.82987462503107,11.660666936333913
-10.611364793053939,1.280889366829198,3.2924152149687025,38.561906603293615,11.758963743079049
-10.66569522885485,1.2791612148709213,3.3045608024430506,38.92217185062584,11.706562865257112
-10.551859205087295,1.2782802692831678,3.2977382086902614,38.825555758453206,11.728253857788427
-10.56892259115536,1.2784678781261183,3.300565548149331,38.83162189261111,11.734632423190257
-10.621559974942723,1.2810743380365546,3.296958310413949,39.17201815244105,11.761702567090436
-10.690908737905676,1.277794345496097,3.297079055351272,38.93494256247442,11.716489989632702
-10.73564504343354,1.2779735970746362,3.2958440434509244,38.4547638152616,11.783236691523651
-10.66741130715159,1.2817978372952152,3.3037931878314937,38.53435476216569,11.728579215199085
-10.652928472335969,1.2796775814200545,3.3047588863895765,38.560207817357735,11.744703230286321
-10.727125528408594,1.2819269432006215,3.300103738258262,37.737242355744044,11.67222178519867
-10.666998058546234,1.2793050937099066,3.297853369079607,39.1047624327925,11.822214210642258
-10.578064412236058,1.2800308271181684,3.293227719742595,38.5699482567554,11.7381742912717
-10.627644113347179,1.2803564715956162,3.303181724736687,39.08655880900631,11.750740133406692
-10.64559498151562,1.2828307594571497,3.297293771723363,38.72544535526755,11.635093612877563
-10.673149660046876,1.2826817652449707,3.2955309573102576,39.21036750081556,11.674785859997513
-10.659813206561534,1.282391844083799,3.3001170536860167,38.89216757344474,11.778238611716143
-10.664019688896088,1.278844599258584,3.298663497235465,39.03680986896894,11.731117849796794
-10.574001826889907,1.2781469601424187,3.2939277832024563,38.61516523916375,11.6215185659309
-10.639050014132255,1.2816620983818454,3.294477117597581,38.207736273203274,11.76956169187228
-10.570842944212552,1.2829154434115007,3.301346172691071,38.91732451362583,11.690903073546592
-10.753903800099664,1.2825104807686052,3.2973772346577954,37.725318409321005,11.78910844851709
-10.635930576277138,1.2802353701174032,3.302041034298785,38.54095767360795,11.714606559295296
-10.679067505731162,1.2816908241314435,3.3005861252259066,38.16609186166059,11.729694771395222
-10.68823862284262,1.2817534229523306,3.3041901678652112,38.28765907791702,11.778873600980424
-10.579237688449691,1.2805894769091823,3.2966714196640665,39.0798017633324,11.675522990672428
-10.571011266990872,1.2807067831277852,3.30093087131002,39.06996405050804,11.671232389213696
-10.566068900319873,1.280550369656959,3.3025530983594957,38.803078173877914,11.711532213118517
-10.650687406981193,1.2788112251424006,3.297495130056387,38.82662860674397,11.763203483611024
-10.629515619699351,1.2790502461334883,3.304508813022544,38.52469307171954,11.655793986164056
-10.630288935449803,1.2790557939989913,3.2933348892336745,39.71008662982106,11.639434410252159
-10.78211345945979,1.2772982130218178,3.2966682360120814,38.55610807192571,11.764525754851054
-10.562582102874613,1.2808218035362793,3.293185248915452,38.63870695264685,11.693699628335917
-10.668141916983842,1.2804958162946922,3.297056500106703,39.013862816405485,11.704751336309316
-10.5824400384925,1.2821432498099836,3.2993816637782376,39.331194362092944,11.632041457587455
-10.602067756912653,1.2831845905165233,3.303326002876105,38.48617692122237,11.691457590546566
-10.73486712731923,1.2833570516677468,3.2993788386510183,37.96284165214092,11.725557997875661
-10.739540385184306,1.2835921699673998,3.2976185051244498,38.03273767571524,11.772990279808017
-10.549308400415601,1.2792893186719843,3.2938031088152613,38.63340077632548,11.688450110425306
-10.685936222558592,1.2779892657356346,3.295143285418366,38.606420090296204,11.8104258538641
-10.680154189092178,1.2827658331169327,3.3012408238020474,37.98803959090356,11.693879862680015
-10.653428863043263,1.2837212287143838,3.303525819044735,38.52584350937985,11.69450886628443
-10.636664828356361,1.2841230128106667,3.29832311222318,38.643495368347146,11.806092292289932
-10.613099875030668,1.2820365324976375,3.304844058091298,38.903744217557914,11.740363535821421
-10.738491024500961,1.2771300862013293,3.2962003304036833,38.76773086116279,11.70276054965967
-10.56283322725482,1.2819131045606957,3.2984378375247885,39.03495093868758,11.723181520981164
-10.641055736660421,1.2823525919792054,3.298775417680877,39.43475784247747,11.799173370396495
-10.711417893053218,1.2838071134118525,3.3061176551532174,39.01481356537436,11.805416457957943
-10.717101680888861,1.2842248977349784,3.3005346365072037,38.65458145341485,11.691858383779977
-10.602107976287321,1.2832490032100927,3.292806268842969,38.40758899159313,11.731173167050324
-10.640456099301286,1.280320688860511,3.303806617221036,38.44888882209278,11.738404591429912
-10.729965522554238,1.2795039314903893,3.3073837103065116,37.968602742444425,11.685191703235258
-10.680039273199657,1.2826984119979539,3.2990010371115943,38.70125937567312,11.732331469509822
-10.480409793934408,1.2801153819576272,3.2964116706998148,39.171725279361716,11.73599892156097
-10.695689899669391,1.2847216024760133,3.3034570296587376,38.96578532247916,11.793365340148247
-10.743193577574496,1.278434714655403,3.3078570585468703,38.62054016280579,11.797353224703308
-10.721071499751151,1.2830514926851215,3.3033949270158116,38.979452517238464,11.721153617940232
-10.557406657740154,1.282632053375714,3.2935079745861495,39.314986295951414,11.72755354068512
-10.635099913324,1.2816560853610928,3.3030187272614895,38.31856176173027,11.772107906320812
-10.570546123279097,1.2802973868854284,3.301616829551108,38.65168242263514,11.710280933206906
-10.669698325634155,1.2781034270949325,3.296181478706243,38.65618796421954,11.769624386451538
-10.59267312670632,1.2812448360777613,3.305155271383797,38.53222387447423,11.73645402407022
-10.697001948098746,1.2813619881751688,3.3017534045951162,38.508666780623805,11.693041322980612
-10.63687429638793,1.2846966300314369,3.3052598343702635,38.84675483891804,11.694336240905582
-10.68970414714449,1.2809921823502568,3.2957540953995443,38.57136117611902,11.815202744590922
-10.584080985198138,1.283549500050952,3.30159511097746,38.83196175567157,11.73570536484095
-10.692991281776605,1.2801468661436803,3.2964196209930465,38.23696189487842,11.826225655388688
-10.695964706547857,1.2837805441403503,3.300990667913956,38.81064742852114,11.719212519465586
-10.674859724871967,1.2784346573693115,3.3059089018010193,38.82358522714689,11.760145831209647
-10.831962069073715,1.2871919622162837,3.2942943290734825,38.03107571726298,11.86591548963972
-10.784507362360822,1.2828118411050662,3.2945239953531495,37.91369431105742,11.694113229022971
-10.574468822514364,1.2775988684672734,3.30382189870615,39.34316024788408,11.652797571115695
-10.72654202391399,1.281847545031158,3.299943508900282,39.24618610511127,11.812728336180733
-10.666992626125186,1.2816281666432352,3.30468505290461,38.75989859307444,11.70777369797602
-10.621675740835336,1.2821655676889046,3.2967708609001485,38.61197454275728,11.74879893517454
-10.573641212347729,1.2828468922791594,3.3002047623711306,39.27122878039162,11.721263205786657
-10.646791376956045,1.2823511626200816,3.302752515279661,38.89455726077316,11.764696867281254
-10.532742806846741,1.2821450377341455,3.300840800760161,38.85023153962138,11.704496264902556
-10.637551931176839,1.281563196324457,3.292845010685351,39.112125947692775,11.74376513901923
-10.66533275840103,1.2856280689740889,3.311290393024876,38.34548121609126,11.775996684945179
-10.632584735076039,1.2864919088975468,3.30084929792761,38.45850850987902,11.703838942399589
-10.731826225081697,1.2836868491971445,3.2946383316578536,38.68180025254173,11.720003331969203
-10.606124112735875,1.284268286256123,3.3012567995701607,38.83344833969895,11.738396202813178
-10.78313338595769,1.2821596558930841,3.301716580173758,38.688644837077526,11.685087033699181
-10.696681371870609,1.2846643041297878,3.3039756942983276,39.08396962477685,11.736166852547578
-10.673595936610832,1.2850933140666856,3.3037085796042356,38.03182848682121,11.764006445714902
-10.70931768520925,1.2843068833593223,3.2991446218184137,38.59694534115686,11.738865494735414
-10.692147645201084,1.2856512862461444,3.2931116812454557,39.37613687417273,11.746055031546096
-10.560859868577568,1.2855911626019547,3.3018454521272154,38.639658786729846,11.759414263440483
-10.588965378220538,1.2829812193144106,3.293430335782681,38.53617014343524,11.728412226117998
-10.72989429022422,1.2875924816672373,3.304860978412742,37.64381649045025,11.796547126205974
-10.735396392524365,1.2849091092582412,3.29706896813794,38.56990657439768,11.834592034116936
-10.736175778349786,1.2887946777234787,3.3025398413386218,38.759891835709396,11.740377754308211
-10.640824704348606,1.2864046169714316,3.2973753247526245,38.949772280606915,11.788664832309662
-10.679805043575568,1.2896269827006506,3.298031857351507,38.22556941149615,11.753236695172543
-10.797739875758147,1.288158085559639,3.296796120733623,38.40103477673468,11.78430902232406
-10.703503187554407,1.2863854380686546,3.3028643261078425,38.68161207744932,11.845145188123071
-10.656561717688247,1.284609428074822,3.2975146120771215,38.707719635755,11.793115183926249
-10.567825628277543,1.2847781517710746,3.3030741283527645,38.426426943425916,11.6798418980432
-10.685453361736634,1.2873740525516484,3.2976192385650873,38.66001628655899,11.79204723195031
-10.722624029599114,1.2867219761103659,3.2990743269899783,38.22892604177453,11.831829854229758
-10.544453618929365,1.2853864444040402,3.300142259759837,38.16232976432488,11.759950450565336
-10.693379602534284,1.2883604128700616,3.30061528642366,38.885763379456336,11.821659950625882
-10.608159066475942,1.2869026450154777,3.2963031826617875,38.83969621227771,11.738224727627188
-10.66350859876113,1.2886349346847554,3.302815230597205,38.909740906468826,11.699310167957055
-10.630085656778295,1.2851387809015566,3.298914643176229,38.526046836989615,11.781506508697937
-10.711040426365827,1.289222453519509,3.3021756029492217,38.82853593989396,11.687489447725984
-10.688995266275898,1.2883602634498856,3.2999350869211486,39.03086073477595,11.764194236836811
-10.771571180028634,1.2898891364843215,3.3023458156016994,39.158453203045624,11.841398665489058
-10.65508347912272,1.2895855353815724,3.298354633008079,39.01537511373164,11.682446416466636
-10.559126323745492,1.2875983867755016,3.2968416076405025,39.03566321144216,11.714841959161268
-10.676680804506951,1.28757609518421,3.3017074329377554,38.09468487879526,11.728101634911216
-10.62065112970799,1.2916123778798871,3.298025064656803,38.71608764888852,11.777427896528701
-10.564725432701565,1.2876055609044752,3.305835145798984,38.301484558981734,11.76320286975297
-10.701099422342939,1.289824846818145,3.300270626808847,38.27025080742038,11.852344507781119
-10.628248516144499,1.2877073758828772,3.2945054748888203,39.52552629784448,11.831008227836659
-10.644069318715898,1.2848894321964959,3.2976581361863304,38.302647958067624,11.808961707201835
-10.659731379821995,1.2863024357997048,3.2960027818400657,37.74350019858589,11.792390932689798
-10.627400208082731,1.2897137275928843,3.3042916751215263,39.070466061604996,11.805686354102987
-10.530141501225481,1.2904497662145764,3.3030941623714343,38.67049017020734,11.743845269547345
-10.721240080399278,1.2900123807010777,3.2997558268159866,38.864722836969406,11.830728483321867
-10.690798380354096,1.2916331268749444,3.301160294813601,38.15035122794787,11.73319336994525
-10.742467890791813,1.2902718338789105,3.299649282228447,38.34469872531937,11.831496070405157
-10.629945062944627,1.2880877302815241,3.3034416082027387,39.21846246515834,11.849969987153438
-10.596902756977888,1.2909764792741008,3.3020793265712944,38.2773863920529,11.802145718966706
-10.686633555680892,1.2902775437428378,3.3027999028168904,38.55902649590053,11.78373543031722
-10.79639615075087,1.2889384309561946,3.2992326160792818,38.523729451630054,11.813509122707357
-10.626573427436993,1.2911865594335121,3.2974737607811897,38.459159106040474,11.651369184397058
-10.631697059054446,1.290552978173068,3.3026602523400967,38.83339396503437,11.810513402905524
-10.657554756061662,1.2893376852656917,3.3062053613948565,38.69114956555826,11.790692076448126
-10.64365951681652,1.2903461231770532,3.3044240417557336,38.92649808833744,11.794791532062453
-10.70415844468661,1.293683865441738,3.3063266348155205,39.32856120581015,11.833616583414491
-10.591715806510942,1.2937740795445885,3.3006481273954957,39.88665277217446,11.795522372014107
-10.604657148365066,1.2915448493806403,3.296120035630625,38.97601734943444,11.743225157367192
-10.614341957097622,1.2914400251557878,3.296475251361582,38.727158406589,11.79414385199401
-10.644508349240933,1.2886169892008574,3.3055182793820546,38.887350830689925,11.805574029674021
-10.623060811944981,1.295080050333832,3.2925522259125186,38.66098147815372,11.808928986881899
-10.627456981246796,1.2938728793593859,3.3060190268226917,38.1101330610172,11.812268042625437
-10.731853353908743,1.293463598650462,3.2968494613218384,38.51765710289919,11.857134037746873
-10.599898973712857,1.287570346299592,3.307693559873424,39.23304887599485,11.751861078455404
-10.605572253232088,1.2923623653669551,3.2997175928332756,38.20295664142678,11.81594873990228
-10.610834245775882,1.2921875628491597,3.3028902832890252,38.384495555102625,11.872664784336736
-10.578774699121828,1.293969326927203,3.3095401855930646,38.60966986401345,11.722445959069812
-10.70871221777247,1.2918640734654956,3.298679408795777,38.73151310715311,11.819170735470248
-10.679537896306003,1.2924657045884855,3.2986122679075813,39.591723914194716,11.781934957586397
-10.661509454533714,1.294331479302613,3.2972206432037034,38.353254626825446,11.793687439121125
-10.60984304383557,1.2917095511150218,3.295992866923204,38.8167999780043,11.768005233847992
-10.646076943108392,1.2922731904346811,3.2986807027150586,38.71015757988573,11.805794279422027
-10.755575096797523,1.2939729980286405,3.2977806365505655,38.368351446341336,11.907364338123648
-10.677418238069952,1.2964288735281153,3.2949989721434707,38.62608243849328,11.753113297930804
-10.737030655618792,1.2955348747850044,3.299158075567288,38.340043791289084,11.758891071173442
-10.794081342986528,1.296235239810338,3.3017991462777267,39.50902833525651,11.753315075078957
-10.689643016553994,1.2943780121402504,3.2964163783962857,38.920584048661524,11.905826407385792
-10.48685561598293,1.297408919210514,3.2993502007810935,38.84383111313471,11.797385634552738
-10.528245324795206,1.2911042079818675,3.305626017898261,39.4169421211472,11.820271210957214
-10.684370403814624,1.298799273189033,3.29432187543527,38.73393601553643,11.802467958435614
-10.602182239005712,1.2992269340666376,3.307726669015746,38.818814492179094,11.776443280392103
-10.715811844011576,1.296005656780916,3.297303905708116,38.49557010515244,11.812967567978049
-10.773015265393571,1.2969263310531849,3.30080361640477,38.353956001652826,11.948701293573547
-10.73848744788503,1.295355548578609,3.305116652662786,38.035036831727005,11.896459989037542
-10.623036480956955,1.295182502014063,3.3063373608575577,38.0844622596315,11.785280178205072
-10.656947610762934,1.29455032337531,3.301879282814454,38.8344007008325,11.861379676374193
-10.592829179559498,1.2958447874530246,3.2972219779289,38.7375087352432,11.78850199028923
-10.54353390726927,1.297225734766893,3.296868754908918,39.263904885345646,11.74234013974917
-10.67238147327599,1.2971249877841484,3.2977004303257824,38.29927616829317,11.883217674842008
-10.65244388006503,1.3004300614022162,3.307557026173858,38.255934821683695,11.891333572426296
-10.716314655241735,1.2968293093436412,3.298467417975669,38.8778423012613,11.886721516958778
-10.69236681997598,1.2938232648555072,3.3012945096506234,38.497130983051704,11.812018768683046
-10.708109738882769,1.3002619485689826,3.295824971090675,38.92607404437531,11.828269502795393
-10.601015375490974,1.2947040546111972,3.295374624412363,38.811353801154475,11.875195936272508
-10.650161462533951,1.2962000345038411,3.3001055688962038,39.450686231680024,11.858384919363358
-10.721387549897376,1.2980353600072043,3.2987010226278195,38.8595213952024,11.820233771660464
-10.581119708633402,1.298499472262206,3.2989931773665724,39.001659685362746,11.76007062972413
-10.694425460566993,1.2949476716429877,3.2940837207282136,38.931119620442296,11.847829582611539
-10.542828206365934,1.2965191945941876,3.299706050908109,38.80518441292322,11.89720091254702
-10.619079966539863,1.295224316313782,3.306197080666534,38.104674324921255,11.784488608100137
-10.588171976607182,1.299603187684532,3.296587848001146,38.968027280949876,11.877426546610781
-10.554835420279943,1.3009005265593603,3.3035897408310135,39.66696484802489,11.863189158933569
-10.686713732207298,1.296264207592865,3.28614254644988,37.710395599890326,11.885245904273406
-10.626668911672756,1.3008734188785174,3.29679061921832,38.934320160133815,11.892466581872291
-10.557619076148148,1.300917956884626,3.2923584373816954,38.2706860182585,11.815276737903732
-10.559576876939637,1.297912630098548,3.304944814889105,38.87152442438787,11.77028707888919
-10.570662894455019,1.2954400444687444,3.3035151108998497,38.8904579733113,11.825596955684816
-10.706394639549458,1.297437166660329,3.2958626669194757,38.88595220301964,11.897869993427262
-10.556306680379256,1.2985636716922342,3.3011571086048104,38.97145181759777,11.8274569187498
-10.61361649572206,1.3030120554466251,3.3048068377171638,39.32217447050809,11.821001203131301
-10.533984213879585,1.2998666409186528,3.3054287667582627,39.39859171802045,11.765784854825887
-10.587777790242354,1.2982641145697955,3.298376837356107,38.745774773880726,11.945636477572092
-10.57833974182265,1.30074797093147,3.291164575281336,39.28107766904675,11.900444213235499
-10.59480272463297,1.2980360473372223,3.296405840134148,38.68528223637177,11.898810442966203
-10.580785686830248,1.3018298439078722,3.3030645783796966,38.644485599152496,11.909861685368464
-10.56686370680674,1.2990201958056962,3.308395576695433,38.38451924862389,11.891473243542084
-10.496531476851896,1.299484762270715,3.299782699993714,39.531722618925066,11.851586407319159
-10.58892653632557,1.3020749921123522,3.29757271285715,38.702136842276964,11.856782262482659
-10.569047645924382,1.3049985728171487,3.309597445950396,37.89330301567671,11.844762437837453
-10.598104038009971,1.3060676639215416,3.301622930618682,39.02061833583084,11.99905043065505
-10.630054740389301,1.2997662138030002,3.2950889279764186,38.56628379144269,11.896284257528247
-10.653817705117174,1.3008264475987736,3.29952436951967,38.572919024523294,11.846476400711103
-10.565892118233883,1.3032242864549763,3.3039997105867305,38.77460916078202,11.894121509665826
-10.569478933415628,1.3047041951918785,3.299718503262706,38.72642114942891,11.821485932136747
-10.690983186032717,1.2982116634994363,3.303177442342687,39.709140785079924,11.948439857407251
-10.53287820842683,1.3028875254818202,3.293579970532015,39.59932587103143,11.841348623948415
-10.504604153065644,1.3019113802621045,3.294263303429908,39.270460528242765,11.900646298834252
-10.700875535000122,1.2992102184337417,3.297060575823425,38.69477887414469,11.930083225703113
-10.523206824082667,1.300556286989985,3.298871226443419,39.40509084142212,11.897217434287509
-10.727987533858661,1.30226718932444,3.3013357952834865,38.64148893310803,11.883899492633361
-10.596152689236158,1.3036922248457474,3.3025470409793183,39.13404117333098,11.880915383565226
-10.458476275838933,1.3057623848691373,3.3098644552502043,39.30633620770023,11.878754788240364
-10.574042199337514,1.3046261744355538,3.297045772827468,38.90325358471115,11.853945737006843
-10.55055796143598,1.305983557805373,3.298744044003577,39.27500904952419,11.861512540020469
-10.55682947199816,1.3043126169748804,3.2971573790279787,38.71827125409883,11.95917448897302
-10.664296245072464,1.3030196414293038,3.3043175533764253,38.69478883164822,11.880978583160012
-10.53844948245207,1.3042320611093166,3.3045358015714585,38.53132609791871,11.848328208506087
-10.544047972521321,1.3061602731314965,3.298209377923213,38.56631516236612,11.863017888903974
-10.474955647926878,1.30700367699874,3.3082629833288135,38.03842842187266,11.945068166017572
-10.648587051448661,1.304811741424822,3.2971644040136803,38.88545298536692,11.925048920173113
-10.592809205663121,1.3034178094473683,3.304119671536854,39.106989556152726,11.920506074048024
-10.60351753245886,1.3061155036786627,3.3058180902440015,39.22713278082622,11.880836628655196
-10.62898803051856,1.306567882078981,3.29455368082516,38.30105331366852,11.923605909130806
-10.4671805938527,1.3082446637455643,3.3023105291648034,39.24160238141797,11.863986826629219
-10.541138381149883,1.3045885651392974,3.2890998158349785,38.91743888796348,11.88441325543501
-10.605110545971156,1.304776908870602,3.303296849422534,39.08481155198581,11.947115208968588
-10.598752253780852,1.3077907707773313,3.2955935767171796,38.541927324878564,11.943571826175821
-10.55335320023304,1.3056290521150482,3.3022698784559856,38.758775673763054,11.851997314123622
-10.549419756093503,1.3057095290371223,3.3030199546718824,38.27976054336952,11.859553231017424
-10.619226080127945,1.3092816519950505,3.304480553918225,38.474779781721764,11.909003268049721
-10.59757067340874,1.304195320075976,3.3035608614002707,38.80609794449176,11.991115221811947
-10.510798389956143,1.3112131682972208,3.3002235799698063,39.04805353052617,11.810272599831427
-10.587792543244477,1.3060383811700664,3.298478093955374,38.15006177974293,11.921211548666042
-10.489883665900791,1.3091594456252738,3.2997024426799895,38.81565234880964,11.839738543712938
-10.501546829383274,1.3073701608014126,3.2955359939415314,39.06103256853071,11.87807171047244
-10.554287419218129,1.3082916781632874,3.299153248202083,39.454642525935135,11.892816106604117
-10.526325370633382,1.3073839839494823,3.2988372174068408,38.609344207630954,11.891263071411332
-10.383508385452087,1.3097827112651497,3.2968471260246557,39.4290088357949,11.886851322576812
-10.39749554459567,1.3075342966970411,3.2930352271276324,38.98038287025211,11.915155749607642
-10.57256605537772,1.3072418113194075,3.2948922555295828,38.67655732408868,11.889288517459173
-10.539158170549722,1.3121725089767013,3.287399553798004,38.57065516422541,11.844185924012193
-10.602054489862823,1.308762060983167,3.298768483232428,38.378155044304286,11.957561345666617
-10.472523041575958,1.3075087119416238,3.3014419945931985,38.865036733677016,11.957472095533966
-10.560236665081453,1.3060356626272107,3.2892697350480944,39.29873112157821,11.96324935116374
-10.46045799836219,1.3129028379912135,3.300946859119352,38.77709604918282,11.845317561656039
-10.399113221656771,1.3082225788392499,3.2995101033555665,38.83747866223985,11.93856532316755
-10.527077421918339,1.3136041434884589,3.29529297695313,39.029496267152574,11.958684941574013
-10.439477141774933,1.3104314911593107,3.2982751791696745,39.12313105523954,11.874593908669322
-10.474708592380948,1.3100721346522854,3.304203216660869,39.023285142596244,11.927882093729206
-10.536153642561631,1.310277888402005,3.2961032437570794,39.029287783770314,11.92288090003663
-10.484324500607931,1.3145211823491043,3.3003154043030065,38.627519928562556,12.022073923771641
-10.598958504037384,1.3058551546871409,3.301386383620141,38.44252210855902,12.027464684573903
-10.375896457372917,1.3108178064358678,3.2967111707743006,39.64270731696821,11.84929686403033
-10.593518008012177,1.310007456580693,3.3040330840223646,38.75459178351806,12.058487119779949
-10.499735374068592,1.3102596149253602,3.3016153637791423,39.23910577006676,11.889306829760901
-10.581769830683239,1.3111315495344125,3.298992356246578,39.326076977813365,11.985380363069437
-10.569658152220747,1.3104467166964955,3.30945296188767,39.19898092213592,11.98615139179786
-10.488640823107534,1.3115009493847318,3.3040503137487405,38.474803214364144,11.889122963315856
-10.644117619717269,1.311222148992847,3.2932553564572484,38.665165239677506,11.964853009366797
-10.495185149287325,1.3087859452264654,3.298443370382135,39.42596229336367,11.93609621618186
-10.52616958554558,1.3123186821753072,3.3098665704311094,39.15675905492768,11.970473801618656
-10.43814917820641,1.3131300674895943,3.296071274094636,39.19727814094298,11.95557640431641
-10.482253700387355,1.310754944992852,3.3002653351713263,38.379672539219655,12.005146316620868
-10.51999921781259,1.3157150844344978,3.304923973506505,38.71339395559107,11.95038691351515
-10.496895047207067,1.3147897395500727,3.3026092863508203,39.033940797204465,11.939511843228606
-10.512971395265325,1.3139448815597727,3.303185877382883,38.40369760197222,12.003998360498151
-10.394750090189529,1.3140580659359216,3.3029503654740666,39.5279541007918,11.979505516484727
-10.53492714057761,1.3125911219561122,3.300101570906625,38.88310343150207,11.988367900034897
-10.491751541943238,1.3149492215847014,3.296830742429052,38.22463633710433,11.919840326875
-10.504642236007705,1.3159425713224044,3.301739056769958,38.76407109697636,11.902099845073101
-10.535657443252227,1.314550719996512,3.298388893491631,38.81415473140224,11.927271069498481
-10.424847972222421,1.3119267301345217,3.29807459519656,39.098354573925405,11.925911144118617
-10.464121367672504,1.313119563663587,3.305929887548546,39.63960573214809,11.997558033144626
-10.401917643667897,1.314476891178768,3.2984760160336926,39.427548857469546,12.008343923432585
-10.385955470923287,1.3151346503966395,3.3068245216096264,38.681906546968214,11.953085627857364
-10.342090144780629,1.3134327906680032,3.301027065364595,38.72001638981027,12.033686260200469
-10.486605606539069,1.3125816777520232,3.299363409074104,38.920062186558674,12.031862666666713
-10.46748705729946,1.3170102140973365,3.2927297531043638,39.11550999669086,11.976908726582677
-10.50103691507615,1.3118226118632164,3.3084794229117533,39.39487996550481,11.924944447292475
-10.43895222799371,1.3122089752903994,3.299976121778982,39.81405286977756,12.046108770016188
-10.43050848378776,1.3115606975592207,3.2909168808219835,39.85267203941247,11.965590593468283
-10.400999233197943,1.3124500833918133,3.303950902528565,39.02106151973567,11.976251841337925
-10.494545200291922,1.3169530148059896,3.2997992327518513,39.38473013867689,11.954266022963605
-10.389105378638215,1.3171400295280373,3.296274698191601,39.39204072229301,11.92805999808612
-10.381168707505717,1.3145492017104774,3.3037247336593567,38.801347972179464,11.900421305659938
-10.435418367915254,1.3158077310791703,3.2898050704118593,38.374005332645496,12.006800953924202
-10.447083634905892,1.3149107744140598,3.297143619222695,39.16347599402806,11.937292218586816
-10.428527348920783,1.312663374085523,3.2988023904293233,38.54487770071439,12.130744014391222
-10.27094603225424,1.3195979400086337,3.303408751788443,39.11752415452907,11.924769378746138
-10.45401216826289,1.3180244495551454,3.308961006178926,38.81804254751916,11.917509937481888
-10.386054705830665,1.3160958888193088,3.2990209247476705,39.31539112130637,12.007192373920216
-10.625125580836485,1.3137861787640774,3.3018397767792065,39.26199732008701,12.05945783767935
-10.373405851117743,1.3151578182251844,3.3109935531791725,39.258285681087095,11.987528695974277
-10.536101173912547,1.3143313756615544,3.3000189472315755,38.712244646813886,12.01421868245296
-10.392665523681178,1.3160187341796061,3.301872796224093,38.38728218063875,11.894736812917463
-10.466762437564583,1.3165495539542067,3.2950505940099775,39.24982454473726,11.954346477987691
-10.388669912158829,1.3153523814157373,3.307836668646568,39.23408478083735,11.935849364532372
-10.302517052306865,1.3132295105965563,3.297148094620457,39.17509112988237,11.896086153539658
-10.512223707271668,1.320504928776038,3.30107428518072,39.441989291272535,11.997995927208832
-10.360990506879325,1.316817102199883,3.300960943148479,38.80169740890473,11.881314153409111
-10.39086412387111,1.3173552260979438,3.3003413532880606,38.944319250580854,11.928654479764443
-10.282441127478322,1.3156959645915756,3.298262745288386,39.33710662711015,11.969213431627924
-10.34165564444771,1.3135142427545445,3.3009653049800263,39.09181534023152,11.955817747552933
-10.466488854126107,1.3165678784765882,3.307029389900841,39.287324059528,12.01851143232493
-10.419457598422747,1.316182975678184,3.309123735903652,39.34665033535084,12.015279009595124
-10.310106659280518,1.3183421469899035,3.2992994285043027,39.80017469167262,12.045998930082197
-10.354655877171847,1.3188276031495956,3.2982021468439546,39.491616393807796,12.040237147285147
-10.459895578205757,1.3186365809443976,3.2967649422902903,39.034059390974484,12.06096751813947
-10.389823407044465,1.319172837911069,3.310744542425489,39.08442603241745,12.005139801930731
-10.393099122670362,1.3208920865441354,3.300515339593187,39.39591281694473,12.021717810551202
-10.414024354893549,1.3181516037971923,3.304460170278282,39.09582884852681,12.033428769588323
-10.472656414580259,1.3196561544112126,3.3027866425651164,39.073578064846224,12.016244388832499
-10.39476740631674,1.3185299368955568,3.308833606794731,39.414338502645066,11.990610133514897
-10.269907702009828,1.3138253020185753,3.29900919888767,39.51560693919873,11.995155818010732
-10.361524311779258,1.3173981470834222,3.2955717267638946,39.40038944348543,11.972207896293101
-10.373347283239218,1.3160522309943607,3.307437807006748,38.93693675810381,12.035474280051895
-10.343339979278786,1.3183296324302274,3.3036132257785655,39.853202285930685,12.011000028168624
-10.201957580801324,1.3163624965874543,3.301825132409285,39.1534156844833,11.983849148737175
-10.332033617848765,1.3192322632789677,3.3061407705056554,39.51161185701611,11.985202320894228
-10.250715704790334,1.320057969926592,3.302053321942193,39.30423231763222,11.959101002379903
-10.404457808636579,1.3205766879798668,3.3062796027625585,39.624022800237256,12.069869009185098
-10.35910238164252,1.321480321486971,3.300986367582036,39.635291574710905,12.02616343053521
-10.31672033683237,1.3149606114883055,3.303607795298807,39.365739401224886,11.98039772773969
-10.403169232494042,1.315984126299145,3.302105565301778,39.8155496928586,12.065269849733761
-10.332177063750137,1.3243058235840037,3.2986988650598787,39.260686184644214,11.998124282334578
-10.242970942034175,1.3205359024401098,3.29917843822665,39.86673487165964,11.95712545424841
-10.402413931761027,1.319031002601139,3.298428551138759,38.90467980065488,12.079814840217024
-10.31286746022589,1.3187100182389568,3.3010619483812653,39.53625460258725,12.003201569005316
-10.270986250140144,1.3185946395226649,3.2981767903744057,39.08504337000473,12.010913584469856
-10.371656554199346,1.314901858586273,3.301743598256415,39.26447539694915,12.034719063473048
-10.281419229635693,1.3172842560177858,3.3016076062666904,39.41659667923269,12.091090425269877
-10.312121420681642,1.3186633476689944,3.300820616534292,39.727180680241105,12.036263083780668
-10.293331077348524,1.3175120134166163,3.3008900746789487,39.14503786913212,11.976604946714282
-10.444889632946062,1.317828708857347,3.2977353663102185,40.33956086917894,12.065053540946359
-10.318492113445865,1.3241702445073678,3.2988720945286247,38.810181068623415,12.014908371452929
-10.330493067201642,1.3186018254621448,3.2933175646959487,39.43219353285285,12.134851477658591
-10.198226403551683,1.3197122665139465,3.2995205226147917,39.718663470992354,12.041695944188124
-10.210404677674138,1.3196905352139725,3.2960567550795155,39.79442819315864,11.93129601170242
-10.239088163098437,1.320432355217426,3.3003994097231324,39.31566661997353,12.062211071946667
-10.416255661964856,1.3183453780409433,3.297142043510346,39.26419687096933,12.142866905469987
-10.339463611560815,1.3218389436558389,3.2917973088062045,39.09529348274433,12.125726353939339
-10.262341569208631,1.3202756699388407,3.3090097719186735,40.224572968093895,12.139770484118976
-10.314933233228137,1.3168563046832338,3.2990742825066173,39.116090518531315,11.99852627248913
-10.249398936135078,1.3192562335933153,3.305788231446735,39.44199380597309,12.096412470953545
-10.219799391108548,1.3191660703010892,3.297892041205725,39.295067750808215,12.015994726313243
-10.268306619074501,1.31911167559245,3.306792465697233,39.14328083236831,12.064597533612998
-10.264410311065678,1.320602751011857,3.2953932085463267,38.91074474626967,11.991023036210658
-10.31690217631902,1.3208882672806592,3.300704126303422,39.63502232183585,12.023734422558485
-10.14772561953711,1.3206852885139546,3.2956308423214096,39.43542147790863,12.023430363744783
-10.253020196616513,1.3203614819359657,3.3104029727545115,39.17509954972569,12.10345486061197
-10.265357486051608,1.3198850965203581,3.299002954101046,39.084017410957394,12.099846336408643
-10.294771303428822,1.315440075698254,3.3033138102118227,39.53221088993873,12.074933511808593
-10.224345333229005,1.3213254400987606,3.301802309705275,39.55997913720079,11.994852436342558
-10.239997528336252,1.3207720226297457,3.2998979374928585,39.53050825129144,12.048071329949448
-10.212314575458128,1.317849943995003,3.302070879458332,39.27082665601867,12.027626060034295
-10.22992512938584,1.3204032738848401,3.305436691754661,39.714242853762215,12.109693018341174
-10.325925387454072,1.3211591180164612,3.3026728237243956,39.083209733913066,12.126394558944018
-10.361202003419631,1.322225354248295,3.3006498194931155,39.3056684798557,12.12157939657827
-10.220128581884621,1.320921567910959,3.302077291751913,39.503849530677904,12.03227263818592
-10.277675356572248,1.320560758009474,3.307660154742131,38.769255374801816,11.934329111583379
-10.213836387992313,1.3218261716031914,3.2983327585076836,40.38384083190429,11.984228473773399
-10.301938428936202,1.3193331015534346,3.292584452381407,39.62603821674094,12.144927336812808
-10.193561198419026,1.3207822236796927,3.2956139961174187,39.68496003743993,12.05505125425034
-10.092620186765293,1.3187265066032607,3.295911505968911,39.94997398395562,12.038844353548402
-10.385328344618104,1.322198321461747,3.2964748814545066,40.05027537320661,12.159778728202568
-10.120002239245977,1.3167657794914895,3.2966123720739358,40.21474209616554,12.142167361611808
-10.236653732271497,1.321624627791315,3.2999056016994035,39.66619814089412,12.081393948919468
-10.191083841053574,1.3200310006859886,3.300989671715575,39.334508911644726,12.066761980406323
-10.298100098065046,1.3219292640019797,3.300946686901835,39.183583290353646,12.076086146104444
-10.159600612251786,1.3184387842155887,3.297078888345899,38.95949622448908,12.09530684412867
-10.248463734751137,1.3201797006620897,3.303975600271179,39.3557595690876,12.165206967477157
-10.222413687368899,1.320119331174867,3.302137823287114,39.81990797345231,12.107582251652087
-10.33976687886257,1.3208626526759206,3.3063252345498295,39.57391780158387,12.124012963068777
-10.227382169082306,1.3178950535269907,3.3033870441617865,39.7916940601143,12.14742597794618
-10.119787947978375,1.3212563771475159,3.2986018729656448,39.55427847123986,12.03172793980006
-10.2300253316058,1.3162844064033303,3.30522195321453,39.760366769741324,12.129202384332105
-10.116354655132342,1.3186312369688038,3.3010943443452514,40.09696430565069,12.077976660579404
-10.060484816369502,1.3168306669339778,3.303191914475522,38.988248871598344,11.968144382156487
-10.17380881959606,1.321600251876515,3.302881718938789,39.77415134690846,11.988782919822237
-10.06457040229992,1.320730241962468,3.2995027206668808,40.70327950065761,12.045525959015015
-10.193472359870722,1.3208267072863833,3.300413081521722,39.49646946957895,12.124231607766777
-10.17994557166855,1.3228441417940424,3.2994745014717832,38.63138100031532,12.10459717184585
-10.175927983907961,1.3192474973804913,3.296588214847034,39.32308049139435,12.109360393128915
-10.219041348866956,1.321078655907102,3.2914212208881772,38.836101585811505,12.198922189535333
-10.29767316432273,1.319970120687454,3.297224777788932,39.150909724103855,12.03915156225471
-10.179199382897945,1.3196426875862952,3.3007966626258654,39.15197484174334,12.102463449414062
-10.255361725948923,1.3224039800614216,3.3043423395168947,39.86161872707049,12.120283990518532
-10.047083137485767,1.3239285516851091,3.303183959953793,40.21723964700317,12.069473655572398
-10.065766249989515,1.318874419028113,3.298881547620047,40.00566250041236,12.108926722117737
-10.066257930483696,1.3213758478566164,3.297279293464719,40.35797669368412,12.028733944780893
-10.204075572218393,1.3203161979469826,3.2992805032348285,39.3656969884979,12.180445678881041
-10.195104367856587,1.3203082458615476,3.2960999741456862,39.63921148158496,12.077086503626429
-10.239044777136257,1.3201069372491085,3.2915389214906003,40.399675174725495,12.213951986263698
-10.028572784892352,1.3189114930084775,3.2938194215001007,40.17696692457513,12.111970869009857
-10.210311805590273,1.312371264156146,3.305498965432646,39.812494818386256,12.166207707979487
-10.280214514679983,1.3225729320738142,3.3074291396217537,39.13255362028889,12.113348145041487
-10.074762911281184,1.3180744511430729,3.3030157638957256,39.68384448842342,12.115682146933755
-10.029837975121419,1.3189399226697316,3.2997673894989994,39.53914141017607,12.089221690254181
-10.035018949851498,1.3189400926613477,3.2944280785094,40.60232714561121,12.125580917145887
-10.074365272174884,1.3177692372629284,3.2993554718979,39.227985196411574,12.136723941678323
-10.034138483364066,1.3197720173459375,3.3024473569906947,40.29737862204339,12.08280806747698
-10.116651517794399,1.3191561360783755,3.3033195250899756,39.99914543181639,12.116963434991048
-10.229394143444559,1.3177634473157787,3.3027552440032597,38.89986631756634,12.093903029494017
-10.173000536050882,1.3194454197416936,3.3048382722707648,40.110961852929684,12.24058112474197
-10.074754849349084,1.3190295606532814,3.307771809056845,39.747010721941244,12.12229894002663
-10.158148004305794,1.3208987153045944,3.2983799105930394,39.15534899952443,12.205232229555266
-10.11446699723655,1.3163082065083906,3.311221248192412,39.91685894457419,12.119372212502103
-10.169940987200535,1.3173226812799637,3.2919202498065303,39.33112457340345,12.14329795929807
-10.129784251370152,1.320327101125138,3.296886754217779,39.65845724416979,12.065443140454459
-9.978348662099156,1.317538628479275,3.3008000010136587,39.841002647758344,12.110332977472307
-9.98971543125353,1.3169514852315234,3.3021961036904734,39.66892076547506,12.144386077472406
-10.13381838413926,1.3175164547486475,3.2992734573850933,39.25700197962039,12.214329723859223
-10.079762437636102,1.3184324022196094,3.298016936241013,40.159208955376066,12.147296288805679
-10.181641866466833,1.3183759057245439,3.3088103416560197,39.766666715454285,12.206548192594736
-10.062752521137645,1.3180848364706925,3.2978259096956206,39.978759781674036,12.170561039480656
-10.01748465415734,1.3163807035836081,3.295922504163078,39.81933981070794,12.221054423070767
-10.169744580551022,1.3199158281601857,3.306763302611529,39.68102944940987,12.137889357970513
-10.108476064257397,1.320952227346037,3.303396610764638,39.488626376234265,12.261507035688043
-10.02916250265978,1.314407814364898,3.3043788688869906,39.64035421601279,12.118877817932177
-10.019904651385625,1.3150490862350463,3.300783484950302,40.644286377155254,12.105973538965932
-9.938984706207238,1.3200879944892179,3.294496053236688,40.47584753825168,12.08494024358945
-10.001000820054376,1.3211466092550224,3.30033847885933,39.77341741408005,12.263137606026989
-10.096461479117284,1.3136720233604355,3.293945249621155,39.208611676322604,12.188699446661936
-10.010301623850925,1.31948325356852,3.3009692282623786,39.29896228538151,12.132158914433546
-10.082294276845548,1.321048780073079,3.3026136117351212,39.58174118600856,12.212451134843676
-10.108318554728143,1.3159674820184277,3.304301678750331,39.826444631740735,12.185516802369547
-10.083179257813287,1.3207695811161497,3.299630447600796,39.88098875159694,12.250567882456991
-9.968363758669168,1.3171708547245,3.3029923585775434,40.12260031102877,12.07599628418612
-10.02477355665353,1.3180713805543292,3.2963846178386538,40.084141705598995,12.141243417057304
-10.082804001990498,1.3159175745470815,3.303866525829871,39.41904733356138,12.132505908251014
-10.017039829007375,1.3192707113014788,3.3026983117443196,40.56902094516352,12.058065435594354
-10.089502242078542,1.3188488564830478,3.2967989696108537,39.74204096356824,12.210880537334546
-10.07649702084472,1.3205393606377789,3.3021214505743064,39.96494305052298,12.145455951479795
-10.029458760610765,1.3198798448777982,3.304358884840242,39.67860093498532,12.197065915024012
-10.060757418926537,1.3168877237529037,3.3003145836967263,40.00308088150373,12.279178479220528
-9.956316677778027,1.3230288873142924,3.2967099494844376,40.91815571154474,12.144630156819018
-10.061915866851255,1.3194185413146697,3.3007110232202637,39.48043421892505,12.142334061371649
-10.055670800777069,1.3177015409606845,3.302209802987536,39.44242070661758,12.170421177342174
-9.946530273150925,1.3145284872520557,3.2966799221975367,39.76112532765683,12.214943463242788
-10.007892675810805,1.3133637594707879,3.2959694242446878,39.850952851975734,12.138335418640374
-9.99167610897845,1.3134335473591139,3.3020864893674235,39.80808737146539,12.13620979118462
-10.043261050505114,1.3143548071378692,3.3032932718071,39.49721360265007,12.221700941820588
-9.944876193820782,1.318874043083326,3.308599029390973,40.090382686609125,12.18885383726935
-9.87903223223297,1.3169896877004523,3.302662906489412,40.866391877619314,12.06876261562865
-9.900098569693865,1.314683615966189,3.295163673196096,40.139875337080426,12.110803340931858
-10.030529628799316,1.3155322651345898,3.3081591341533,39.90036512572291,12.24820535020253
-10.054054195726073,1.3151809476379568,3.3042199485919177,40.029068744648036,12.194307300867223
-9.854159346957761,1.3171877837275783,3.291978915513326,40.550747215737076,12.137165103139367
-9.930155664371629,1.3137201417420135,3.295878839950926,40.6889798608299,12.167815092825991
-10.01059258509731,1.3160659862298545,3.29803376631638,40.07483138484895,12.178054728149158
-9.912894343838305,1.3158544909731433,3.3033523927686455,40.1731487447907,12.21523350403941
-9.975178484047476,1.3134431276890888,3.290482180142328,39.653030002688766,12.111584210428259
-9.868401432615508,1.3182022670205682,3.299523550335654,40.559181652275896,12.138497050012091
-9.889263508772276,1.314319359494362,3.303124195421822,39.88366642003838,12.195235984156037
-10.020999666558227,1.3128081131111082,3.2886635503379633,39.60780101120347,12.177636699677844
-9.944668025961573,1.3163813581811403,3.3029870336771534,40.18791763160474,12.212258143142169
-9.884679058287427,1.3146654566346647,3.3034677738075673,40.84725190286894,12.123223072729719
-9.811453708109157,1.3152530808327252,3.296613389853807,40.66767538043198,12.203584618606516
-10.028320331022364,1.3119455239597102,3.2953868509266835,39.9283461633257,12.24133357196016
-9.87978399915812,1.3158172852822578,3.2965508257767016,39.847796113381406,12.212117969012683
-9.953077507164078,1.3184137979166763,3.289311608463005,40.70269029409795,12.19575170430303
-10.019800518089985,1.3114186907323702,3.298695240423517,39.93776703620892,12.185017418440456
-9.931119986313934,1.3145271308913657,3.3008783850230117,40.0216775453326,12.149080908444754
-9.939921513350125,1.3121213966276166,3.2951226528108273,40.34222375172103,12.188231770972186
-10.033973857343483,1.318943488176411,3.3038881983302337,39.7528319954174,12.255821575549982
-9.914321267591813,1.3159147680802783,3.3004102687226213,39.87015593850044,12.187885768562884
-9.853394558223775,1.3138699217112186,3.3010400709926135,40.030373319397455,12.150344215031634
-9.903592086247231,1.3107191626934955,3.2983920133484625,39.92891078593906,12.171215571300547
-9.964805624003471,1.3110709727962933,3.3029721757920893,39.619441923487166,12.206860223560948
-9.923928998485886,1.314402827976404,3.3051622427434233,39.65657297447178,12.179128044670978
-9.933849951002047,1.3100515054210726,3.2983699254301158,40.521112022850836,12.223051178617878
-9.918564302672989,1.3099794999993248,3.3030441270835795,40.43040784687207,12.225906687837703
-9.871256529887752,1.3125236653749384,3.3030881098313123,39.92836779635088,12.24518834092789
-9.931985293963784,1.3126361589589475,3.301671482439366,40.49139035554366,12.272888015843652
-10.018863516260215,1.312991769237471,3.3067082167764257,40.0859980766473,12.252469998503315
-9.917282813399561,1.3112141051388693,3.2970940413091974,40.03591691631685,12.156928270452484
-9.871445949215383,1.3137939771975569,3.298313806739852,39.766775837040704,12.159422785689936
-9.831751692960392,1.3100896727308082,3.29689216249455,40.473075453049084,12.201766323274915
-9.80904303711966,1.3129253092866437,3.302900086578964,41.12806614438847,12.183947604846155
-9.760355615701846,1.3119580914900797,3.2989100549410018,40.48511738445017,12.150537580386633
-9.873519435924406,1.3125880998144859,3.2972170034442123,40.65242231878947,12.18631292142905
-9.83184295960089,1.3136068821085343,3.306652590506978,40.25162693691978,12.185611491271553
-9.957083674557904,1.3101874494866301,3.307238023256243,40.45456662460921,12.176680392301895
-9.85003454570116,1.309630342120995,3.2986852283749535,40.23984627466258,12.19541494302904
-9.974811509609433,1.3074292586050598,3.294530367719841,39.08824583967325,12.27105457687188
-9.886682178800838,1.306620767935997,3.3074540698013957,39.93794156394273,12.223017514749449
-9.75507060703134,1.310158738115419,3.3018829221509858,40.54276309633983,12.337565588549028
-9.858234319948613,1.3101467545440684,3.3016828895024517,40.71658112788548,12.223415992328379
-9.913883637695045,1.308039958840959,3.300420004038382,40.11083286195644,12.201298651404732
-9.842066578240718,1.3083194727792855,3.296798729085196,40.327792984953206,12.21691583275067
-9.900994057796346,1.3129573607484981,3.298346858176245,39.96310443456152,12.230436910225864
-9.929212491140037,1.3115101587300273,3.302710880169751,40.76594562280972,12.240273988823274
-9.78354780717407,1.3070825484095236,3.298209758557863,41.03318019405679,12.323241676778702
-9.769811270373092,1.3085676175302958,3.3017319341130063,40.1898797294374,12.178030729581828
-9.852834326556476,1.3101101506591337,3.300053462308627,39.68776708258536,12.264135503951923
-9.877933719971324,1.3078903667806254,3.295772452075994,39.52125332725021,12.232452968126756
-9.82574353847738,1.30737030545674,3.3064845225712243,40.58987633361348,12.144388560514686
-9.770238150877184,1.308154947330336,3.302376131710248,40.51361206825939,12.262352151623247
-9.853964489529222,1.3108558309306517,3.3013225907035983,39.9793532048822,12.288067894276896
-10.00135944412611,1.3108797214296528,3.3022200848832375,40.106017795150045,12.18269312205482
-9.689495968544438,1.306887786257316,3.2928284331652464,40.12887811211397,12.225966180672232
-9.778016250576592,1.3091209066046188,3.2980272815917853,40.761936782529816,12.141001782214829
-9.777222965002327,1.3080274809851913,3.2938907978382925,40.29263011787575,12.165181466695792
-9.787458985738322,1.3058637212812547,3.300498744879165,39.99249840043884,12.28137121981562
-9.784043325033238,1.3071253309078565,3.301303648817735,40.285107470148546,12.206492507635321
-9.74826464597421,1.305029711358207,3.3005653552996557,40.342880559974375,12.175212400875136
-9.849133896376781,1.3097224144237045,3.3047143566133435,40.4477555546076,12.242960393239239
-9.875879595201438,1.3103388089927233,3.2940105911431905,40.714639841238295,12.206197171653105
-9.783749404778174,1.3062497288154593,3.296802996110519,40.87815476700875,12.209602705548315
-9.742105484069855,1.3056091879502079,3.3016573919979173,40.57964163892903,12.270931646211611
-9.816532958027208,1.3088524810260982,3.3010557466289936,40.29205782299826,12.176695779109005
-9.824948053801263,1.3090110220804605,3.2947382770684617,40.122646465307106,12.190326818630131
-9.731687927988743,1.3041848324470966,3.3047861194719172,39.82941618703575,12.24410722568946
-9.849967167088497,1.3059520085410787,3.30617288848994,40.2923802072762,12.285677361660563
-9.85108877871252,1.3059641879137,3.3017023480291083,39.957417857450594,12.299914017161862
-9.798471149409648,1.304374015780217,3.293963714405761,40.89039319165837,12.205547514742305
-9.817254125292191,1.3065205848603554,3.300638900981554,40.28520343036525,12.28645950136017
-9.861951376499327,1.304181346166884,3.301361370263664,40.57493164441237,12.201169029133798
-9.862372146940713,1.304332905678417,3.298912630734528,40.0822505420846,12.332467525530504
-9.739414113706523,1.3050425197880997,3.3053889785123243,40.25097878667406,12.185244830009259
-9.798626286957553,1.302098459319272,3.2995362453574493,40.644663533073654,12.30912903885207
-9.69014919056641,1.3007946693782046,3.3084181694162256,40.730755206727586,12.210647889248568
-9.713245151821164,1.3065747389549631,3.303132468858134,40.70239260183695,12.344896978246625
-9.6945524490649,1.3030878055151567,3.301104320519848,40.57338339973089,12.274558502991127
-9.687484164222434,1.3086680894258402,3.3036817095360016,40.9407877067143,12.194944786816286
-9.760881538262169,1.3081716117241289,3.3061235410925267,40.73614607110236,12.220382157405522
-9.819181277240995,1.3030442312710084,3.303596208069775,39.490909388985,12.28629691684779
-9.784769711593322,1.3085642381754838,3.2996966599332644,40.32747924032404,12.300609145618933
-9.719886973586878,1.3055899289689539,3.2973603189309704,40.96612236325329,12.24517549218029
-9.705857691534268,1.3022525171352801,3.2955115706509406,40.18047062044275,12.251673797738936
-9.732903779439265,1.2982075602683394,3.290237123560587,39.85723411277713,12.288083398252352
-9.759172916137631,1.3045753882970033,3.30069693352119,40.42614143038457,12.257475768104868
-9.666340187003703,1.3030892644232266,3.2984493214475243,40.87561396955152,12.186925927416707
-9.64719979555139,1.3037167600037711,3.2986634858401893,40.521407869572826,12.211663002657309
-9.693536715151158,1.3022235112921392,3.304115430137334,41.130105073579195,12.26477343090145
-9.770072967591384,1.3002204124143,3.299551709957472,41.19730288556558,12.314492467336077
-9.825497382850306,1.3014808245734781,3.3075804145929832,39.57897421895343,12.33521355005503
-9.803316002749542,1.3035747262910413,3.297707600673843,40.23977026940827,12.294082138537242
-9.777740963898054,1.301279110198317,3.2961161953503173,39.53178150342613,12.270156587358047
-9.730298535071135,1.3010932830489879,3.2949694545025974,40.803806563203246,12.293914255501006
-9.676467963234096,1.298601464265998,3.30289100423079,40.37512176018604,12.223812647700292
-9.802693633088715,1.301648634173602,3.30460594422332,40.2042905392432,12.250160375437526
-9.728621714138558,1.2990682524356671,3.297622420414965,41.00199334744192,12.217282212065482
-9.670507740251201,1.3029549534269749,3.295744069191492,40.12762592634435,12.196713521025933
-9.775986511893876,1.2994753988035632,3.306121104888243,39.81620234800436,12.276485071717142
-9.689619585405786,1.3001778201406378,3.2941983924787377,39.70977058845802,12.26973530967598
-9.744007523258855,1.3049227645910086,3.3040408807114665,41.02019596403528,12.29548933300742
-9.762788589735038,1.29980717285588,3.2977160745587084,40.88971040349881,12.289054393666463
-9.705970024935791,1.2993646635016822,3.3015883814284406,40.470504720983705,12.274518125708012
-9.690846160023417,1.3012425302187913,3.3043076868892824,40.108209493005916,12.29084885999613
-9.747689242329155,1.2963262303268637,3.3019050247587494,40.83826043732194,12.261510978987214
-9.72010638687403,1.3022238481217812,3.2988189757488438,41.66165745820356,12.284911791222736
-9.64640162325678,1.3015356062653451,3.3055843890448564,40.61292170384611,12.22857705772336
-9.744978424009584,1.300422160810796,3.3011564055397185,40.0288815947285,12.28398158752087
-9.803586548090234,1.292444641205588,3.314730038023929,40.889504002051815,12.299524134217767
-9.760269372485046,1.2985056526788088,3.293179381330699,40.02646594057411,12.233221071042111
-9.708608114306944,1.2963044577968934,3.2931202921070546,40.4361139660552,12.269893562206153
-9.743162626266349,1.3009242055524308,3.3039770422717347,39.45819083147821,12.236713557541874
-9.684772670214581,1.300607016722968,3.299872995335738,40.50914533058869,12.2421549736548
-9.546482798540303,1.299103930978592,3.3031704375812527,40.39571951448331,12.212815354704698
-9.786299656451247,1.295747832791161,3.2956064764404953,40.930933828167475,12.332926960148079
-9.712980822891286,1.3009689281688457,3.3002165309968556,40.18358089821051,12.323493730532778
-9.552329292390361,1.2972822558370594,3.3018292699244647,41.207265266489216,12.297647278016326
-9.689104473011168,1.30124412563854,3.2978251566251395,40.57981554675366,12.369946341233502
-9.679081685409974,1.2979909432551135,3.3009273188233728,40.691982413154115,12.262430051282575
-9.74442494021237,1.2983007641938258,3.2945538952764872,40.720038551569196,12.424031072903057
-9.625242915063113,1.2961937250156426,3.301579291432593,40.72813284455722,12.261611910494802
-9.558807934166685,1.2997556503237613,3.305781792097482,40.623262384512145,12.286288280660928
-9.673569284090819,1.2979862452186177,3.295049688141928,40.32805092912604,12.25417474159577
-9.70392200258934,1.2994830451413075,3.2948081866239285,40.79574794683297,12.29320972173885
-9.75027755444265,1.2967804875913118,3.3047596842548166,39.738749480501596,12.31689876870985
-9.635133123275741,1.2961597435328793,3.2947374487624153,41.40099950596185,12.269941543392015
-9.770440945744948,1.297272782120408,3.3033624039139,40.511846799635336,12.364987448391613
-9.673009131172142,1.2987966020871449,3.3002213939437857,40.51902377358018,12.288617755732808
-9.698015185921832,1.2977743003112925,3.2983287122286895,40.7104035530473,12.290688129058896
-9.547095211159252,1.2958469142911306,3.305866099312024,40.66809046608206,12.232212266479584
-9.672776306593985,1.2916860019676868,3.303712591233668,40.58322812839276,12.299080110097556
-9.602193038445698,1.2968515336421849,3.3011188625131673,40.34292476348671,12.27194150482111
-9.707955614132324,1.2921840377450056,3.291389333925825,40.73412314525932,12.248713283927742
-9.597177461391643,1.294962520718595,3.302849014865604,40.77426274477224,12.240778640377421
-9.761034242670638,1.2944924276531247,3.2957165602967238,40.55291910154075,12.413662296936996
-9.638580515141863,1.2917202756741806,3.29911447220308,41.316094908281826,12.267366700396853
-9.448116984725486,1.2951330860284511,3.300029336273718,40.78208267547525,12.208152385735456
-9.541420301570422,1.2985294099069566,3.3075891092849,40.8656058966994,12.246546327790115
-9.618821719211756,1.2934286980524234,3.298987031768203,40.10179033663886,12.27932939426196
-9.431743560215796,1.295419255945693,3.294308912655788,41.356525760492545,12.309686156207736
-9.676408456994231,1.2984329292952321,3.3058785748332937,40.64018922941353,12.31053227341392
-9.552252577136016,1.2952813071809512,3.3029029288599925,40.90243340206284,12.317057433706662
-9.678718805215683,1.2921014159822042,3.303051903219753,40.57961793177363,12.251412557347928
-9.623663431817176,1.2937006573374754,3.3059536720141165,40.521397199154556,12.301101061023608
-9.657127769058226,1.2940242290776802,3.3068928353945317,41.684155640800256,12.240694123356331
-9.564886706967496,1.295766864248878,3.2964330637446015,40.88551322273167,12.253927588709862
-9.567173557781624,1.295164448684994,3.2944360409890328,40.98425961890576,12.239431506163534
-9.579892564515045,1.2870342439433586,3.3033698769740867,40.38444657132482,12.22629929716307
-9.549899898272379,1.2906998307703446,3.2989501307327718,41.254242922579834,12.339325559667369
-9.63774282640367,1.2921109929612296,3.29931288798788,40.67512816568769,12.3209365683861
-9.588998510234141,1.2900598689259186,3.2955133224284046,41.00032835998235,12.335724695287817
-9.53364181280782,1.2845302589207348,3.3023355864631503,41.29364994617837,12.289237061542659
-9.688013009467518,1.2903198185794185,3.301608524695243,40.58241083937771,12.326486305403716
-9.578187435553817,1.291605074521927,3.2993780076534085,40.572827489319764,12.199950486083651
-9.593383653105624,1.290403605309416,3.294446631009458,39.88213798342648,12.331532884683762
-9.539388317463462,1.2893028179007076,3.304836600115226,40.7663512626618,12.297592562436346
-9.500912538465434,1.291222826185907,3.3010228180329633,40.72521215163748,12.320444615970047
-9.59071014924316,1.2916699405434697,3.3044713749206247,40.361358388474564,12.308437362101076
-9.560324596733706,1.2898911238429276,3.2915879499084815,41.46058517985437,12.240424990159877
-9.578681677153405,1.2934170580527873,3.300227292611853,41.23574323484052,12.21521179290463
-9.523949011786229,1.2906349618203024,3.297132404765334,40.22016627361335,12.254841583804284
-9.59128024713839,1.2886231902042453,3.3001445891480983,40.87892369296801,12.319015136975672
-9.590813720763489,1.28796456110362,3.3037728422617887,40.49147505436098,12.325593288641569
-9.526351923769536,1.289635859616134,3.3014797894647865,41.09401373039936,12.223005507074886
-9.49509814691036,1.2921375608365242,3.300072488936348,40.689944932243236,12.242656007745891
-9.566280915839783,1.2881130307557311,3.3000511217401187,40.65183940752841,12.255851993241093
-9.585758050709549,1.2908026355711408,3.293760939289173,41.21369965513222,12.27444576642223
-9.486238285578343,1.2896512500242758,3.2963737277847414,41.35525980633304,12.22450015460992
-9.690025662944167,1.2933006642434832,3.3044851501781665,41.22374075343751,12.221786213828974
-9.557557407406843,1.2899475770971927,3.2979778526725725,40.79806598471549,12.252077567118427
-9.610975373574954,1.287624322525661,3.3045616761790795,40.19578449379137,12.297756972031392
-9.435896726815836,1.290348051007174,3.303305483741922,41.496724031540616,12.2346839247577
-9.55904338097445,1.2902707400646347,3.3035168204414704,41.252748165653486,12.28818723588766
-9.593473558314797,1.2877929163925736,3.301331657559186,41.06436105795786,12.34716322492806
-9.501632778723167,1.2861160584916547,3.2982559670669818,40.69923407218753,12.229399168163624
-9.559723200974418,1.289374111796258,3.2993953917593912,40.452232687147955,12.284412831397127
-9.576850847320085,1.2882879541256618,3.3025615436023465,41.06068401353085,12.346214308956725
-9.508709749210551,1.2849876075384752,3.291497543502923,40.628119308262306,12.274298789775695
-9.533902854948868,1.2883904459392368,3.304975105570511,40.80900498332509,12.266758841360742
-9.57570078407302,1.2864690372425274,3.297999522227198,42.01120245982936,12.353841608432747
-9.571762042584943,1.2845743714684095,3.2996548633631915,41.708055371270355,12.280575576512591
-9.613603487964461,1.2867648392623312,3.2996893498418203,41.08986907889124,12.351323661228347
-9.521815662707589,1.2898993600931812,3.2998406696796163,40.69146189399401,12.317754771734903
-9.485737487602877,1.289615060901896,3.294745433263767,40.739595132489505,12.279366220494836
-9.608370466534035,1.2889588322331267,3.300606900134716,41.06957530275222,12.320689285538451
-9.47109704347448,1.287471168962038,3.302377458528004,41.65660211186093,12.312917891738202
-9.486364342576843,1.2879926678665503,3.2918221939544154,40.82261720102883,12.348124561672595
-9.43250737559203,1.28686773805014,3.2947968569695507,40.95226493350514,12.269842492322814
-9.485755830662841,1.2843307377590238,3.303583461425183,41.06357294780848,12.299493761751224
-9.460987335325608,1.284601251105205,3.302839188576392,40.52243888978624,12.294525700923682
-9.385292940452118,1.2850703433026474,3.3011949649411627,40.686058025316036,12.332971252574385
-9.489302780331045,1.288960918030692,3.2972714076189105,40.55099184930356,12.24666157736427
-9.583066636375266,1.2881861301699868,3.30286245044104,41.05228998980717,12.348920409114868
-9.596671904752139,1.2837486060716812,3.2951883972365765,40.915454072181184,12.321533340075217
-9.352785555257041,1.285891829052609,3.2994506558281342,41.74920891937613,12.232510314928835
-9.413217168175274,1.2848576006834327,3.2947740282524056,40.47868738965214,12.3589036967493
-9.598564585823816,1.285231473869647,3.2993519922287136,40.196105711602065,12.41032351355004
-9.554029575797111,1.2843495503470848,3.295878436510512,41.07422945548571,12.348833176749869
-9.53857656103932,1.2881140904662047,3.3030232434432407,40.574034946318164,12.370207647788847
-9.410269187757038,1.2851470846381958,3.3017327273231403,40.859689177942585,12.303238219829458
-9.515428530173152,1.285500530039895,3.297717697678997,41.374243528118775,12.215999954133013
-9.549769792412523,1.2854011886748378,3.304361196865891,40.67928143395665,12.20696903297147
-9.352359366137263,1.2827827336567932,3.296174738573057,41.12091564480564,12.312023317271334
-9.440658843234665,1.2849421377706758,3.2998588621261273,41.01864609739872,12.269758736585082
-9.422249042799185,1.2867375836349242,3.2975407146900757,41.07973372888628,12.253711625610192
-9.481303523952242,1.2874474233620994,3.3029694870721777,41.31136725618368,12.296380166968772
-9.4562060298033,1.2820966830850373,3.302573769822365,40.603586181489526,12.330368124819437
-9.52150468362898,1.281246570760828,3.305207826157904,40.88174423547232,12.227016638607378
-9.504422487168588,1.284300699462334,3.3003319377943092,41.456103805346416,12.277270585460537
-9.49485459406389,1.2862886675464624,3.288161612966952,41.86339148138884,12.375262245028232
-9.571026866280107,1.2846845605052093,3.2982765261210627,40.31529079208631,12.24605282909466
-9.499799280174944,1.2852222560497892,3.3062610388213716,41.1328039389028,12.343348136609261
-9.467894640949263,1.281038691153581,3.2987000214310536,40.98816607122444,12.275660659415218
-9.488238475576686,1.2825139763252398,3.292329855166169,40.984005389285386,12.32721829611647
-9.515209832455273,1.2791657332908597,3.301797327417518,40.65374763126866,12.354820683907061
-9.53128719617809,1.2831742405377826,3.3020962374893794,41.23974738252987,12.337038386621453
-9.58335285172801,1.2790332961331108,3.2970912040858966,41.11509193330978,12.345446557029945
-9.412138050116504,1.285930843865297,3.2990130035796312,42.18487412760586,12.242417467545822
-9.49378288236401,1.2862802232396602,3.2966108162515058,40.48400251027932,12.355682985337065
-9.507465265163702,1.2833582087556592,3.3020902787964643,40.28590554310779,12.25736248848448
-9.447344531655338,1.279959405781801,3.3002263977998685,41.927203477892675,12.312965665197828
-9.467114024579244,1.2836449033228476,3.2953368993458554,41.04501515883267,12.312886607622064
-9.481113830407594,1.2865219718776872,3.299961824691111,40.85505318099744,12.324210436490397
-9.577536046961713,1.2836667160701918,3.297067902510531,40.92022445859985,12.316776441926981
-9.376021911499908,1.2849980676628607,3.3058442427751813,40.69001520153277,12.25770669856643
-9.476715061736057,1.2815719466070148,3.3035747909328332,41.19691396288318,12.232366706636228
-9.452897387914419,1.280715364156448,3.2995108826242916,41.06210043622444,12.343434682103817
-9.486443817795902,1.2822329031631436,3.3003242566183784,41.456623876154666,12.309060439748162
-9.483787608490871,1.278439401641321,3.3040551049117517,41.37523000638385,12.357183308522448
-9.359912292265777,1.28674052311446,3.2993055584424336,41.656308589751085,12.297417869236092
-9.361591381548502,1.2824125343241426,3.303033570097854,41.35315162244241,12.229330642392524
-9.383428723647118,1.2837890290026526,3.305909544518141,41.8748810809864,12.34782398521741
-9.396466686877663,1.2810560814443006,3.298036471736603,41.43756785487548,12.280921909043505
-9.408812693286098,1.2788179135299707,3.306584580403677,40.96912633661486,12.316457849842633
-9.51320618194243,1.2846820817735352,3.305420467562023,40.64989786035573,12.26689624365397
-9.481187470062897,1.2795100010735243,3.3009942352095236,40.7590124883517,12.38139014104153
-9.41112396579978,1.2823850178706915,3.2982243519924257,41.413284096795074,12.255246958910778
-9.336214091292138,1.2825040432536006,3.3009444461523483,40.794923949109354,12.282098163044019
-9.449666954593846,1.2816977093958204,3.2990219964164886,41.16270847452615,12.30423084456239
-9.37195920857975,1.279913976527245,3.2968289125762515,40.9229320482315,12.244132361918052
-9.40843237947753,1.2811186288669028,3.302129100781308,40.68188688327923,12.315144835939533
-9.383122740739891,1.2794539551295823,3.2959059028026974,40.79708871077018,12.379086079348648
-9.406630425150327,1.2829099955682632,3.2986457816400554,41.17722252900642,12.273833460575796
-9.3696717498295,1.2823737421536525,3.298698393224771,41.56616644509001,12.317974042418282
-9.441620724741385,1.2811282809067717,3.294538962172916,40.84638398469787,12.160599787401047
-9.502548211972247,1.2799762541986064,3.302633888092462,40.164512729748495,12.295974077062237
-9.534481750152976,1.2852709026320273,3.2990866478382768,42.19277007913854,12.282111731196085
-9.33632380076602,1.2783968911892476,3.3051953732403776,41.774471096170544,12.256676604783395
-9.389211125539838,1.2778579921428719,3.299021387988507,41.594489439657615,12.35150598189357
-9.339290048056407,1.2807308564934665,3.298373619297903,41.97257134825514,12.280947585134873
-9.436132881187104,1.2803278788494454,3.2963814291406095,41.16468217626459,12.288206546267793
-9.422994883999372,1.2829897022655437,3.300156116824117,41.10000977809947,12.278035772306447
-9.356649495941136,1.2820387966897138,3.3001787129288225,41.82901757129981,12.200863965420321
-9.281092077160555,1.2807591076012805,3.302967066940934,41.9774329056609,12.23990913113648
-9.317129507027431,1.2816556944058775,3.300268075961333,41.61181569499057,12.344361176484552
-9.293084266594633,1.2815757859448722,3.308375670782218,41.766830611072905,12.190601377624072
-9.353183707171805,1.2847764800096808,3.3018248690564826,40.798123693511045,12.257569912980385
-9.300839614957509,1.2810354851892163,3.2960526520617757,41.29533292665461,12.275680814902936
-9.448661071492243,1.2791274787922082,3.295714094628137,41.78420377006336,12.38262341926824
-9.431167581353481,1.2808489956965454,3.3021391898753825,41.45940253799175,12.333642397568704
-9.381095719608574,1.275178483766049,3.2959266875417317,40.653000221232375,12.26711794591653
-9.47741868553806,1.2803158880148584,3.3023793775381622,40.83272153491475,12.359960804173431
-9.376881660786793,1.2825339825938857,3.3035825561800256,41.86261937097046,12.257462364009244
-9.475988696381124,1.2815207170179306,3.303678968704709,41.23010946739723,12.34469057430767
-9.287078775747727,1.2808832909822456,3.296523250999097,41.49859817554493,12.226033549090099
-9.375607591067133,1.2815559886046621,3.30368588469979,41.33356921708113,12.347376533334833
-9.28432829375138,1.2824368582488712,3.301290356953399,41.397918855237926,12.273137597946592
-9.451169529943224,1.2830551523750637,3.2975685157571415,40.8879637787649,12.241744119891742
-9.258476370262388,1.2810754452522335,3.2993623954166704,41.149611748260824,12.282031621482165
-9.47818235819232,1.2795256678029279,3.3018851190380567,41.44776511258246,12.306469905138563
-9.43533531700211,1.2755097149645798,3.297308595608702,41.22434752320512,12.267573597909285
-9.42582087187318,1.2820734867361707,3.301207437809692,41.43117949624648,12.3197114528379
-9.280613755330657,1.2811294400025968,3.3057824077941573,41.65744808081654,12.2625612819361
-9.374567771249989,1.2803877645791903,3.3038562245214242,41.81435104361214,12.322421240640546
-9.397231150039937,1.2786912700414217,3.3003279447740574,41.38739470477227,12.313199820984629
-9.416545350252294,1.2819841224128583,3.3009365704347244,41.49635314058737,12.28772312017663
-9.44100925342268,1.2795273099078412,3.297847748247967,41.18489470895315,12.268375176495136
-9.304307508360928,1.2799624227862398,3.2979604143710652,41.01240743985018,12.297690821462446
-9.333315564792175,1.2799102947751593,3.293851214817986,41.243122074194865,12.317290435038405
-9.33688852437805,1.2809145017163281,3.301004438880491,41.56219067093921,12.392526154785225
-9.365192043523834,1.2777115825349254,3.3027299937263868,41.54068500673791,12.336060157052497
-9.547478648936913,1.2811295209615223,3.2997166260572675,41.48545388742023,12.337536068426887
-9.515489763590633,1.2785597339458568,3.296490703219463,40.78505231661277,12.44280411852451
-9.347670012507583,1.2786285196298304,3.3002645139021114,41.39505926781848,12.31381288015417
-9.396035918388613,1.2817707465906585,3.305367058271238,41.15626619497951,12.311878096026042
-9.411953335728974,1.2780118720824045,3.3035919266169445,41.82581834530954,12.322472161957528
-9.400889698091866,1.2817719992462013,3.2998821025442946,41.348800040583086,12.236443127909498
-9.291077313661765,1.2802125560211313,3.3081897216069853,41.57608305788512,12.264310901516218
-9.31812662882435,1.2767194995309128,3.3107948679595594,41.349482849936095,12.260806621889852
-9.343405704764672,1.282752757043818,3.2980794295418523,41.223161090514346,12.318099438753961
-9.39009524588473,1.2806535863714885,3.2990164609273185,40.64034161449713,12.276608226777487
-9.348470693999467,1.2808321247835233,3.3027733251969664,40.79857777044785,12.291820909134278
-9.462215802447844,1.2820706715440258,3.2963480945314503,41.14710617985788,12.338869827569283
-9.383315440538551,1.2830684610816727,3.3033965369338345,41.255028781147026,12.327236575783738
-9.500775494625547,1.2804874237998465,3.300405870773846,41.072218379198716,12.275569522527732
-9.429687902907634,1.281336811643447,3.3014865539579477,41.517179895326635,12.249726951273924
-9.399291788230467,1.28086299114242,3.297698248622404,41.23859206691396,12.339556183910315
-9.227644142482253,1.2794547800423202,3.296849186572215,41.40538715262957,12.321047363622405
-9.417937217893057,1.2769950514011088,3.292058138136338,41.08013507731586,12.201594945321002
-9.41609251736271,1.2806146874225761,3.3059391235858304,41.26537768744449,12.26579970383133
-9.339707793635661,1.2829671472640254,3.3037657857721876,41.168583616984556,12.289277429875357
-9.261164030224181,1.2814018729684105,3.302693436025036,41.90342935979771,12.319482048761856
-9.357775531812504,1.2781278012642074,3.3013933046035175,41.279939355218026,12.325579202696149
-9.311429595009956,1.2824866343377133,3.2907830890369008,41.47780573641824,12.293797660843612
-9.380667423754764,1.2797030961745985,3.2969955952999195,40.9120383797445,12.308387646962549
-9.37735273554297,1.2761699272383633,3.298975676185458,41.67124491406338,12.281849705980486
-9.322679144658663,1.2824232258393236,3.295674614589968,41.93022798063235,12.244462571961009
-9.376779210092195,1.278531589760414,3.2932259121802567,40.70118272761895,12.264598931653207
-9.300201527062931,1.2840202314682465,3.2960905486028054,41.55995257830721,12.278113419085392
-9.438074196546255,1.2827922333765778,3.3001965717943893,41.08068717903192,12.274926329000206
-9.2414207920522,1.2800804851342562,3.3001975959260794,41.63077275007921,12.181872810813559
-9.32907047340889,1.2814956827318764,3.3036300913357506,41.52269651475314,12.255763196298197
-9.355074271302101,1.2854671586699264,3.3082527188035717,40.395869138068996,12.277928304969995
-9.431762792497546,1.282663170026239,3.302743046080392,41.4402691301252,12.26052494414055
-9.392279346240082,1.281184862987623,3.2992978012645713,41.66040040462732,12.2617224475172
-9.279400540685968,1.286533547039193,3.3072013060482464,41.93112089409818,12.297928181613356
-9.32413166121099,1.2810386427484752,3.293672254288272,40.97388782139523,12.21904052191053
-9.280667086205058,1.2820168139293668,3.291684627605532,41.4262767266118,12.191040841449965
-9.38163472618924,1.2790319195826834,3.296453106358941,41.02116421992596,12.25448384656916
-9.35792080089583,1.2776075241067921,3.303248749791593,40.51806009801422,12.3095422639114
-9.461112845025479,1.2804354233323492,3.300674241008088,40.82955942355146,12.355153237279291
-9.349688030714468,1.2811433562469898,3.2954867051778534,40.866980682718754,12.309315883751513
-9.276728215175197,1.2817820212653566,3.2970916218584203,41.58035410276479,12.19622502589631
-9.31018534922983,1.2783423435402799,3.295034065998036,40.72705013939061,12.257443460490967
-9.395433170274657,1.2825630588876225,3.295033966360411,40.81731425886774,12.281312027534685
-9.359348529367038,1.279642192321248,3.306204231099005,41.073517286520506,12.276773238869522
-9.315232801279258,1.2825831090658009,3.2994262601249984,41.677598487314285,12.294267184903655
-9.32335069211221,1.2832995893690093,3.3070783283532754,42.46440859391176,12.220852695122684
-9.352074071501901,1.2807042284769976,3.296439942486018,41.417087838930684,12.269350404331004
-9.229146391594384,1.2796345282549595,3.3019645000529123,41.128862894349865,12.286512432727719
-9.410194405970152,1.2847177883290886,3.300908330641266,40.90797126700789,12.306167825522861
-9.247184838758676,1.2834460363670768,3.303518726291996,41.768853554785345,12.223981313130976
-9.392477149988386,1.2820752809300235,3.301018194019256,40.676643909176214,12.246387290436445
-9.224627976645305,1.2847806880574664,3.30394033357309,41.98943176723213,12.127827142708586
-9.27318236013139,1.2820842429082833,3.302216790450039,41.56299914158806,12.23131281376293
-9.348430111636707,1.2807519690058398,3.2956349124403395,41.25311117141986,12.235528057473287
-9.37820082332027,1.2800662145674095,3.3029308590577093,40.56964388411637,12.210127483373597
-9.452744114646714,1.2819320211633305,3.2995876038770304,41.46266661952385,12.268740251858375
-9.36563473584814,1.2837704206557818,3.296893121683362,40.96408073208522,12.257010349533068
-9.241834591172903,1.2850872118801224,3.302775911106803,41.5778077097831,12.146189957682438
-9.39970769948918,1.2824367749697059,3.3036862341912285,41.13772049863639,12.269264146597544
-9.300424308810028,1.2848994065696113,3.298065739342765,40.76563138459459,12.211405716910985
-9.429977121212337,1.282129354763813,3.2985977403267865,41.047771534340605,12.28143463817016
-9.311048672243787,1.2810807627865128,3.2944515187947276,40.89378906516915,12.192380998815452
-9.398459785877625,1.2801187192829633,3.292781091488653,40.94227269361927,12.257292376232774
-9.326324838329946,1.2818075678274994,3.299030766811836,41.52046210281335,12.240947501054345
-9.36621829012131,1.2803727432187815,3.30316821792859,41.54854741209019,12.269569523094445
-9.402979041264896,1.2870203931228028,3.297706937222373,41.18674317367602,12.25995321039376
-9.361469397316613,1.2839725690112807,3.3057111746555203,40.92348399518896,12.240259224992792
-9.34584793666506,1.2829966402177428,3.2991797040326727,41.04933957671975,12.175498088187105
-9.37001264547429,1.286727047506969,3.2991959626995055,40.994065652696044,12.177740772210575
-9.248460261184132,1.2807749563714639,3.2988436331578512,40.64825370799652,12.221691499799716
-9.349353294068829,1.2832029182808458,3.3039263702951907,41.33059748320381,12.249751752423672
-9.444817537552746,1.2875755226549608,3.296164357718785,40.443934838111524,12.219028486330807
-9.380870561998353,1.2833883159132835,3.2994841593306976,41.26873715963349,12.279971868295485
-9.265946192351157,1.2886714894450908,3.297810512188854,40.88433350996256,12.234015878777571
-9.349344418458596,1.2854517719073377,3.297753727846633,40.8188093940108,12.198987220347629
-9.23096277693537,1.2865963419434872,3.300140617377913,41.80552069837247,12.232589266733255
-9.384830432622437,1.286759427313984,3.2995467068368716,41.240166892029585,12.257038605102524
-9.305719042526801,1.284199201764113,3.304206685194616,40.634624973103016,12.261236702489734
-9.31259256331012,1.2833271362269965,3.2999569031992,41.15129579764695,12.338153612106552
-9.284139817548796,1.2841814369737086,3.3022200229799292,41.536499781659124,12.210026727589334
-9.408562446934672,1.2825483977264878,3.3006910205862465,40.93515885705862,12.239031165232964
-9.395199369138465,1.2845014607759184,3.305615036000838,41.07234055993161,12.263239578621215
-9.257289497252627,1.28473686848026,3.2987904601249878,41.58304998690433,12.239985910225124
-9.363934531590193,1.288237606281244,3.29880171442573,41.29001222931729,12.215345236507885
-9.231008035433396,1.2861602964593075,3.302980154351106,41.14108141195326,12.162127794196977
-9.341445821404323,1.2898147332081655,3.2987359886325636,41.32602927396868,12.213258872807735
-9.293203135299763,1.2808872984444915,3.301993566738974,41.29865593912706,12.18432088145148
-9.368678320847183,1.2828903143778403,3.309351657622147,41.95229071229596,12.150876538066964
-9.345439032199424,1.284732843864314,3.2960841893492003,41.267888822600554,12.196619283998487
-9.355346714085192,1.2885487647206215,3.3061266818655533,41.343295642616546,12.1832404932259
-9.33024775916203,1.28546596203934,3.298031173486758,41.44341898277531,12.263971774320373
-9.338820737273892,1.2828718935497236,3.305350714644043,41.19343665183919,12.26401993679858
-9.279238309202812,1.285440809940075,3.302744183420903,41.153554241838634,12.187949823958048
-9.35274167229258,1.2836604452925513,3.302401310637262,41.47842373343791,12.2193063616965
-9.339408287586574,1.2833940351843138,3.2993961474113553,41.5083617220024,12.13857524191069
-9.30697557283692,1.2903056396169912,3.298997986922707,42.21907946240217,12.205935552112903
-9.402307715448778,1.2857325062094227,3.2971119696798334,41.49235072936663,12.249762427970811
-9.286748691646308,1.2869108026016274,3.300025104165986,41.73021433629488,12.270216635415464
-9.320161264405753,1.2865083802805053,3.2992643542149436,41.6467716305346,12.192469435595445
-9.377278813194868,1.2863221111055487,3.300764073012448,40.96931340605298,12.27986223834159
-9.26610246545054,1.285275592989579,3.294357379593848,40.96460553521312,12.150628277991158
-9.305440164581682,1.2864684518266163,3.300090580479302,40.98768261478988,12.163170552286504
-9.44961004481082,1.2878979811405409,3.305050611942391,41.37596876360159,12.260169809518594
-9.438198335822328,1.2901955429353191,3.3037761941387336,41.6922539502198,12.307373273946672
-9.281969608375782,1.2893888684285058,3.3000920071056266,41.72966189220088,12.247615047052403
-9.327429227011766,1.2851925405852296,3.3102496724089,41.27836752421712,12.22004831891935
-9.379872528421549,1.2897453584133909,3.297690586780317,41.91092475414432,12.111424013716926
-9.262570042318236,1.2888577202885514,3.2996533118287252,41.297398143245054,12.119174400028532
-9.371461273885373,1.2867968738934783,3.2941979400121193,40.79781614115998,12.225876587330545
-9.378614167145106,1.2885508920356121,3.298385458753563,41.34396843450894,12.200608157486162
-9.376580109999889,1.2894725537877691,3.307151256517468,41.76358398298191,12.16232055219608
-9.277626712021048,1.2885642557629025,3.2985380752711215,41.10722652471101,12.21998581765943
-9.457255533955516,1.2895736850250847,3.2938886752273757,40.40357141616685,12.221558508476987
-9.410785483381467,1.287031211961469,3.303487995533178,41.193510812731084,12.262111376454412
-9.333619052103517,1.2928875499116532,3.3015568409688347,41.64133665544534,12.22080524889689
-9.27392072956632,1.2851889333574098,3.303322584264101,40.26633198694057,12.274475331103705
-9.305394672147852,1.2903496563292935,3.2988117956870284,41.78015797084718,12.212531735833405
-9.38683066935927,1.2900747547981781,3.2959715045415905,40.67961980824366,12.205437667596422
-9.274338004204834,1.2907752003553454,3.299265506787591,41.74125589632951,12.263488388602314
-9.396889203405413,1.2882214589908958,3.302219379945538,40.40754118686106,12.160415093950432
-9.395047817096959,1.2921262689678195,3.299710692239693,40.61996361804232,12.349119883801007
-9.32129769205413,1.2897223664576212,3.3015518206931285,41.604891982646635,12.226216790643017
-9.404160076236202,1.287717117087954,3.2978527268486295,41.67798765598877,12.22554783535001
-9.313645833941896,1.2880519000540265,3.3017003861157237,41.369051814567996,12.231809695796539
-9.42074996535902,1.290643647978708,3.2999879442481586,42.116637842924206,12.298456331785333
-9.32171892197205,1.2873546433205434,3.29717650433524,40.94752379528101,12.243265594243514
-9.41450324563181,1.2943028666910639,3.3005598006203605,40.75684645716579,12.122424263334501
-9.359893727437827,1.292954573731739,3.2984532314162207,41.15932599067359,12.271883561468776
-9.361773608842848,1.2946659925541513,3.302468657871514,41.13652971475191,12.183694352935406
-9.279942821956293,1.2946114080803168,3.303492627644929,41.55350722591387,12.205122253442218
-9.31759266227179,1.2906216779104103,3.302006151166208,41.06767257581734,12.134823315855957
-9.285837875309378,1.2897444222500845,3.2934600503538367,41.655328469841955,12.224113845436214
-9.301609322874222,1.2862857747427712,3.296140916984949,41.6142249629444,12.164248994193775
-9.3592314501372,1.290987727334864,3.297453692534239,41.92688954164946,12.20083640763849
-9.295452716191491,1.2954910012207255,3.2968147438226767,41.212917101812316,12.180629464231016
-9.35104818891055,1.2904641064187787,3.29782861210002,41.43269199252938,12.290087833979682
-9.372571675089407,1.2918606780759159,3.30370099389627,41.49719348261401,12.291949297913241
-9.490806420450761,1.291332679767632,3.3027946177541554,41.01549538560037,12.194157359104912
-9.413446656787805,1.2933536863578172,3.298304594681053,41.08844013006884,12.194022351651773
-9.261311555421829,1.295338304461016,3.3023671746399663,40.65187273022466,12.171139450251278
-9.457513589532795,1.2898507037863636,3.301315368209862,41.11833020634075,12.24409643189009
-9.29416100496735,1.2903971014614424,3.2998685647559842,41.6498774092141,12.17133104813855
-9.303248342822952,1.2962299479277477,3.30459289881042,41.370376929016956,12.165687527259001
-9.425028418364098,1.2948874095504033,3.2973548147703062,40.837033130890546,12.234657827976198
-9.464136637745094,1.2930675836264216,3.3002110381490537,40.400040688194025,12.157783487831866
-9.391945084975184,1.297166067645269,3.2957965595906584,41.39733300334543,12.181777432287909
-9.195426728657884,1.2911878775377779,3.2959882821808537,41.622398653897754,12.103562889627066
-9.429940184352105,1.2959468586548553,3.29455693990045,41.69610011940356,12.216797713669026
-9.457626464144507,1.2941149023100915,3.296056571395475,40.504988255576976,12.27758785390471
-9.440257647809052,1.2956318508349738,3.3003324022446217,40.93136126471546,12.215558648811188
-9.326964837864328,1.2898122686066198,3.298790063283032,40.81754757261906,12.251536794402767
-9.357676296678171,1.2942333880324415,3.2989205148383736,41.69477502621211,12.135087787700208
-9.408675471978428,1.2963970095483501,3.2988033475272323,41.6782636930849,12.188151789789153
-9.25779672128512,1.2949657636450527,3.307090970500235,42.25343998565064,12.12811690347276
-9.326703612685666,1.2977724013239154,3.295451279404811,41.555162621453796,12.162822609434215
-9.442625382433578,1.2978751583209012,3.29502362672107,41.43045692228884,12.211754130878797
-9.445130544656038,1.2936845114897686,3.296618309629706,41.28417241363499,12.17716396156048
-9.265383094968497,1.297420049428706,3.29971242066142,41.69847611904459,12.100366977648829
-9.337337615412483,1.293957486171097,3.302059085250348,41.34495539152372,12.104170415800564
-9.430678661281416,1.2962218986979912,3.3024743504555416,41.386173854866556,12.099783281733982
-9.492592411031438,1.2975974765884368,3.303778553265479,41.87081239826824,12.192330500538203
-9.492946009164703,1.2947862893963127,3.299567044535831,41.10157973946077,12.269865796688714
-9.483895932822062,1.298202612623165,3.2984147155203725,41.04181084531539,12.233704007793628
-9.451921358524395,1.2957902104858936,3.306533842779809,41.175387161494086,12.06968870889867
-9.479156526180736,1.2958119322717112,3.288863166492214,40.98205019603363,12.234445507407997
-9.457328739406783,1.2985592651347961,3.3002510360897763,41.183911382999504,12.20911236226113
-9.369028787949901,1.295646870467485,3.3017200277779755,41.188743255218455,12.083924885227608
-9.271884085964237,1.2957182027857763,3.3074947360095073,41.91382493018585,12.144924273939159
-9.425587489637952,1.2997474341777397,3.2933577353125787,41.56644900903961,12.213751899844752
-9.407166027231744,1.2980556625846986,3.298319449446282,42.05204192115811,12.1853858526423
-9.321241607338955,1.2951039000763283,3.294569559195553,41.34810078925893,12.091294816795386
-9.415217267688393,1.2998971639931036,3.292806894529695,41.285020331900824,12.186169085237966
-9.309459956050352,1.2975465590934,3.299181897229494,41.47986932437286,12.047636392668986
-9.365707893444267,1.2957277401108316,3.3033323750304495,41.34842140080435,12.142246817035256
-9.410429286825977,1.2936932536590346,3.304823878353324,41.63113884705728,12.209159347358213
-9.225039539091082,1.3006889275664864,3.297872508769543,40.89992719926272,12.152051903892225
-9.32467022932872,1.2973365632637537,3.302666104962126,41.534943026504486,12.125053122501903
-9.480203343138346,1.2967430821357742,3.299209125206672,41.83790102806346,12.193332263791179
-9.396488536050134,1.3006840082012523,3.30222629511649,41.752201353168466,12.19646465878537
-9.475866507723524,1.3011912618913364,3.3046179009906367,41.54769370078664,12.212088357092435
-9.391984563717292,1.2981799808688625,3.2992230782426026,41.552855272991266,12.189160007496222
-9.507747887706783,1.3017539950722186,3.3043078975297,40.74619165973622,12.198365370372674
-9.484304434996227,1.3042130319109115,3.2951478908485825,40.7314540180916,12.179793055949759
-9.386842830366835,1.3029710970637183,3.302626042067876,40.929502469041886,12.155272332611275
-9.344552166940101,1.30283438801196,3.3041346930911537,40.855513753313865,12.145316918823958
-9.367431337466911,1.3012550009232187,3.3037208368264923,41.643780758000496,12.127821370142664
-9.32332350266956,1.2999137273964017,3.295259914750702,41.94069829574889,12.077906169317524
-9.35993743775219,1.3008637518184463,3.299176756002245,41.45389579335773,12.089596599094095
-9.390230104095261,1.302031292958422,3.301208700520892,41.54145391352051,12.122096425825104
-9.44528030348471,1.2988089840981787,3.3017722097616056,41.22682693131729,12.147102140291352
-9.397666031781373,1.2999593416363313,3.3004635037974714,41.43217170511697,12.205899973833157
-9.34930278764535,1.2988165885151046,3.3057167451283394,40.45457450201071,12.130596745671925
-9.442140165730722,1.302316318059142,3.2948174159573194,41.24159042265392,12.181685158580608
-9.448701786127241,1.3021857680969953,3.299038996664067,40.93238048900761,12.184299360042932
-9.314880971999756,1.3008878045539645,3.2932489115998442,41.35417399694616,12.117580989158048
-9.433703326788146,1.3040076149060205,3.3024849952408153,41.22289923142613,12.157705132538947
-9.408451773370995,1.300450630146755,3.302218477789761,40.89685612123867,12.114609076435967
-9.424562391301988,1.3013331823636531,3.313394413462865,40.72063126380665,12.191704715965152
-9.443819460662061,1.3044467191850575,3.304105438633543,40.81398093914248,12.156200139710169
-9.443016784018178,1.3049158923920547,3.3013254605646134,40.53463262887517,12.063691468049626
-9.406433071581901,1.301639170144552,3.3010195803026954,40.725051111072894,12.130097225530433
-9.470126371528508,1.303866823453208,3.298733556357494,40.65259073015436,12.203229615048816
-9.313068799443997,1.3020169803242243,3.300521950775858,40.799829019012094,12.11056316895024
-9.393567704739166,1.3033515000814546,3.301104995846375,41.42437477522492,12.140808908420034
-9.480615689480128,1.3042051529936929,3.2921409626480895,40.67856998062044,12.14451328043374
-9.36314946343998,1.3052092113286695,3.300787654362028,40.52843115007091,12.064182143532816
-9.428684063943178,1.304894286330172,3.300404038273499,40.98213065555971,12.140340427170203
-9.32256729303645,1.3049758580042583,3.3070160531069046,40.909576377541164,12.043902827603999
-9.453406572872682,1.3024425643428434,3.29947331296079,41.67681991584501,12.081100772704703
-9.454764308525247,1.305545791715173,3.2969378185846816,41.14363713854423,12.164953379627661
-9.45567888689889,1.3060406833624791,3.30107412832832,40.50045027946772,12.127788182532708
-9.431326853663158,1.306485359853884,3.300297392287525,41.364825017371416,12.093507521097782
-9.50836484525106,1.3038369996131927,3.2994775975075066,41.01726059344456,12.12983343592585
-9.409688778749144,1.3072753585928554,3.2948840447568135,41.08517879305153,12.103282699011558
-9.422647345465071,1.302977450427743,3.2993759220047623,41.78455301614622,12.105691139495432
-9.388393260552355,1.30491758926537,3.297683232511064,40.83300512889296,12.136676043459255
-9.433189535549154,1.3053950527206284,3.2991340740043507,41.54767939134307,12.066237655964745
-9.478187378632983,1.3035876852541268,3.302928612892764,40.87981652192934,12.103391835678734
-9.399011074718867,1.3056970283592426,3.2973019426430166,41.19463526524665,12.084528648039798
-9.463904856765888,1.3068868810857561,3.2991150700680016,40.772259803644815,12.019627024848825
-9.369509807216973,1.3029573530388139,3.302164819867766,40.986550511552636,12.051647658524683
-9.433592835681521,1.3059839954872283,3.29892239086351,40.95839852134382,12.17484216194414
-9.395287757308479,1.3034405294240117,3.310436743948798,40.44911864593232,12.114427562650791
-9.407177795815455,1.3111838395863036,3.300995466003652,41.32430408351278,12.027769726875055
-9.45531450618864,1.3076886344301502,3.2950324118708965,41.13532854827814,12.015687379520063
-9.457057114350496,1.3076776473873344,3.296642789027694,40.48680303485492,12.085851094702875
-9.484427056596157,1.3080519069485814,3.2962402608456505,41.295127094282904,12.168271066510107
-9.49894024852893,1.308957994854745,3.2966998948546036,41.58494490838589,12.079624565752454
-9.424497981326258,1.3098658666486749,3.3021479124728774,40.885196476752625,12.153061489087023
-9.447622511658734,1.3049424501034543,3.295573962174797,40.790846948438556,12.10405541898116
-9.540773275163081,1.310849299639934,3.2986751769746587,41.36381852812813,12.108767126303471
-9.33093253354374,1.3108793548511324,3.3045709876330425,41.499435518690944,12.01716267874407
-9.496741965357772,1.3084131321032462,3.297920911381791,40.952146576678544,12.129567352832588
-9.538279328708926,1.3084658382077734,3.3026859462512386,41.24926619838916,12.064685533095842
-9.55426808490954,1.3026545814704147,3.2932681189847584,41.00110796779478,12.123326135504023
-9.375133185264081,1.3065282534826312,3.298517539783504,41.821133829393766,12.038200865238087
-9.381570323330168,1.310209380481668,3.2964562184502366,41.23015759305977,12.086498180906252
-9.436772662800564,1.31172766452478,3.301199083826369,41.29704357542535,12.09398073215854
-9.407440585305835,1.3109381408556902,3.295860887489165,41.6243434196867,12.067412335387539
-9.429484585507874,1.3094823523249284,3.3082786275208735,40.1618992586762,12.094073247563006
-9.454220597819926,1.3136381096528174,3.2934424604236603,41.54525803414424,12.059256714920275
-9.46026373131268,1.3119485518900833,3.3045431245755146,40.877430220281596,12.038852780045788
-9.505924854853015,1.3093016276330611,3.303513108342417,41.188129290203364,12.15030777829647
-9.48219884050438,1.3146038131298894,3.3012394446261197,41.701253090804045,12.121207760594796
-9.527576107372557,1.3081967889274395,3.3002177330140476,40.82248819210594,12.029442079050751
-9.474370808924705,1.307594183354678,3.307419834682626,40.86905109217265,12.094631445786181
-9.399978063929389,1.3098435909212784,3.309883855557645,41.17814667934749,12.027797941446375
-9.490821500700738,1.3093156454740873,3.299170933246909,40.43744086668818,12.004419069463818
-9.554699965104128,1.3102493617665139,3.300631077495136,41.77024959192972,12.114063979315276
-9.440877511365628,1.3127208694431578,3.297790399128988,41.101238340954595,11.975887544059683
-9.576245839467248,1.3112013447739477,3.295322850408301,41.50574450783847,12.106153176003987
-9.588817506759884,1.3113964680475951,3.301852451017058,40.68908198939443,12.045890980976187
-9.444015311321397,1.3116735797321033,3.3009984896119415,41.12557161259012,12.046665368458937
-9.557517819528382,1.3070733076002456,3.29355911485446,41.262670026262775,12.076444771783786
-9.535698998022136,1.308808555212032,3.3018240079407586,40.48771616323919,12.083730598247357
-9.540292939671783,1.311208669747191,3.3011325594122236,40.87839403330976,12.012065904800707
-9.4677589979468,1.310432738456049,3.2975950212498333,41.42720294162111,12.087980733737584
-9.480150986825944,1.311793401987138,3.2973339093564844,40.95448444507285,12.056473378055967
-9.513645418310908,1.3152026812070818,3.301695119069641,40.779479534706084,11.9867115421148
-9.599253454904071,1.312382029056106,3.3064355266207226,41.247584324955554,12.039729045502161
-9.590167194827805,1.3100221409397865,3.3015935825186213,41.380111808554744,12.115994290290017
-9.54464695151352,1.3112148625237507,3.303121937005011,41.53475939319653,12.12946675576926
-9.545687441128056,1.3163558237888724,3.2966712144254404,40.63862859374865,12.080210246219318
-9.504906805846705,1.3161322847610644,3.2983429104416953,40.758459988175076,11.983530612188936
-9.54292266117263,1.3143906814114579,3.302432067091544,40.72552268136238,12.066282275410815
-9.521259995125922,1.3102045849714254,3.2945666204614037,41.244888243873845,12.082998324275076
-9.568335983201656,1.3140727704587556,3.3008288067932137,40.384608910035865,12.075443256831951
-9.5424788780077,1.3143551392953916,3.3019736921327896,40.458907722162564,12.077107405175145
-9.62033522380342,1.313766375263018,3.2998458636001535,40.473594311586574,12.05472395698392
-9.399188334349045,1.3127017780113621,3.301277488129753,40.8263343164146,12.031640602295825
-9.55825174310465,1.3132419892045146,3.300231279391135,41.23724063584056,12.003542589335172
-9.498973529758024,1.3128122089872911,3.2975113535890883,41.328841730000796,11.937763286530513
-9.535357140630408,1.3119248052615053,3.2952875729350177,40.73661322620055,12.048340627315964
-9.592377670247528,1.3170691607019984,3.2996387466028083,40.73769797458769,12.039359060666232
-9.578782035637872,1.316222952641811,3.3052180240135742,39.826542660285476,12.056632517897308
-9.534374503051023,1.3140085051298442,3.3040975229237084,40.748279924719895,11.960573300934376
-9.64077103244644,1.3154016493961433,3.2986186708179885,41.216039338932426,12.05839755729005
-9.597109499613198,1.315594504068838,3.2985355822454787,40.60105301870404,12.1275697169847
-9.675241856803098,1.31961755068546,3.298241150442252,40.212512152484194,12.02746023525725
-9.469897313365774,1.3167924650992602,3.298241664523243,41.61069540754022,12.019149281098292
-9.539030479245204,1.316831265230741,3.3011509976924085,40.47614696501424,12.036377059927522
-9.593634995598986,1.315350931651144,3.3042299255814656,41.431154094488576,12.12123779000456
-9.662079455987593,1.3145182020918291,3.309051236939861,41.83100608618357,11.967132173775463
-9.638410158950549,1.3182633791141851,3.2966806099179227,40.6794287700156,12.02716818293871
-9.484740150531145,1.3169122312146562,3.3026047213876564,41.52803098682557,11.975717915758002
-9.32766456174114,1.3140571428562857,3.3021693376120242,40.67709736516728,11.987043202514155
-9.51982252615584,1.316731302806429,3.2986810143220917,40.275178378998,12.010606300815505
-9.566547729923657,1.3176044797818496,3.2958959630037885,40.54821355161767,12.079144106808398
-9.610952695640066,1.3118429704907724,3.3011014923873785,41.10706256682931,12.100519379045187
-9.661832564900646,1.3142935625172008,3.3084795191475003,40.67703249302887,12.031568661194283
-9.533014281334944,1.316966340456686,3.301076188418074,40.8594107238075,11.989023348341188
-9.732898495843129,1.3124931260985628,3.2968510735715304,40.01786871460114,12.131181408842293
-9.66882935098082,1.3129097797657843,3.2993709347654003,40.61140132730858,11.983857997864709
-9.671399468306348,1.315999859882937,3.295439303891566,40.39975633505096,11.975370082953415
-9.508739614277932,1.3176213535033927,3.300074041143573,40.613522468141525,11.913870808420576
-9.652401517752246,1.3178100469521863,3.302733632110667,40.29225231430125,12.071113571247661
-9.634614222931656,1.3199942188015408,3.2972295996616636,40.8075472413292,12.048412279618566
-9.68024142969069,1.3170876060042433,3.2869775598616178,40.351386253185886,12.119581284020398
-9.65409670580597,1.3162701422959222,3.301107524291049,40.68919962260003,11.927905871739581
-9.700416873820625,1.3144918028126684,3.297993789758828,39.89156073351748,12.068981661702551
-9.665131825592654,1.3164270380063807,3.296997320660862,40.870991765179674,11.998271053987123
-9.733062891008068,1.3186998135451757,3.296962793586541,40.63015955413444,12.033760545329638
-9.620100580474189,1.3188773447250954,3.301601007702787,40.66725113652191,11.909758058452415
-9.735078165184227,1.3179869607830499,3.298368376350694,40.59445045304565,12.064242537170317
-9.620962419910011,1.318636445618475,3.3037217825296814,41.131742472522916,12.028855988555842
-9.597798261572088,1.3201781399366803,3.303809806668432,40.22487946655606,11.986276553532969
-9.734651562036087,1.3178577313350375,3.2989174719805026,40.55737520268523,12.019169818173456
-9.642048878665006,1.3205222916836687,3.2979165360999607,40.193846445174366,11.947331796391484
-9.520028507539326,1.3164134720902199,3.3005108340214795,40.99498630937399,11.955327208848033
-9.695634250270091,1.3177979348170006,3.299418427272791,40.50518988827104,11.959819933049717
-9.578961309773142,1.3170592350391863,3.2929899452345093,40.832112732426744,11.88904904505503
-9.668600252114993,1.3196813239937906,3.3076564150082364,41.002164707648,12.023466985941125
-9.620120622101531,1.3161405789946437,3.3028573429896424,41.087162687268396,12.03865273858589
-9.623165401500383,1.3175982674129156,3.298146059833888,41.18835282559129,11.942700245453189
-9.695539303365727,1.314593306674802,3.2923344671525094,40.45037027087448,11.993872422078887
-9.652848078602867,1.3195708785401783,3.2992782725517245,40.975572125382314,11.961880514014878
-9.669359435255979,1.3209437737629885,3.2976480927198586,40.86393644250453,11.990266975279754
-9.658395766048416,1.320338270902991,3.2997577071876925,40.53472478287755,11.941170652340428
-9.728199557552214,1.3202073618859844,3.291344518062881,40.59048200124965,11.927075016439552
-9.625416328871857,1.320324744010293,3.2981110134324516,40.69629284299038,12.022547325817564
-9.610684479605306,1.3201077474737277,3.298354712390236,41.33658555228276,11.96544793176348
-9.792044974621676,1.319998142946356,3.2992308988963446,40.73999660103251,12.068445385087085
-9.700621960428041,1.3201867411422896,3.2990551692757006,40.46440989886006,11.968354534109336
-9.674359691959829,1.3175756785981887,3.300209003331491,40.489103501242425,11.918434878745126
-9.786662998239075,1.3185433462804972,3.306084709513916,40.80972010699634,12.024786240800253
-9.816973940674142,1.3191394673598629,3.297939943251012,40.902039847732844,11.993680317466552
-9.75020727067555,1.3183813713860075,3.29635536817654,40.6257994878364,11.997185785518806
-9.745558644504646,1.3159725122732078,3.293090677914705,40.77231161881122,12.019074754861279
-9.767178994925919,1.316686008523625,3.2979555553713316,40.98689460407012,11.925608255019691
-9.685846087061936,1.3196654148740121,3.2943949963041352,40.55839353311573,11.950589547953381
-9.628215363312576,1.3210649880376235,3.3038403851784333,40.776957525593666,11.947084685086727
-9.622109925066159,1.319318627391003,3.2996155766774606,40.95047147495302,11.889825657297244
-9.708555130827564,1.32487462488347,3.303757859940026,40.41129040231523,11.939890152980018
-9.854021689708743,1.3175490206913165,3.3058627882258,40.971574615256614,12.018596203212693
-9.675828087316624,1.3203205177148145,3.29653976853077,40.47314276748474,11.962352623431489
-9.673056452685955,1.3220536468130735,3.2986105609594127,40.67840161764163,11.881892082453044
-9.65379462167731,1.321641721184764,3.3053267472061485,41.45896119337935,11.870113576116674
-9.64627043045449,1.3208581402266604,3.300756870317508,39.962748863016024,12.029855739295261
-9.770718758239447,1.321724665355095,3.302086039747991,40.54494587135974,11.9408133918396
-9.882467839678041,1.3197296055976162,3.304131910285879,39.9708379039973,11.911672278912299
-9.78520293592876,1.3229777458379677,3.303586058614656,40.42966185469349,11.929057713142186
-9.665436536369608,1.322249969432519,3.301641438213164,40.18677493390911,11.867607515679296
-9.768185349142513,1.3180093659036247,3.3055854459407117,40.31527789483931,12.011344377150422
-9.800032019032853,1.3203856255817477,3.2997269827656472,40.409846831976445,11.919254827778646
-9.858989914728257,1.3166750615818306,3.3020776575930313,40.377348194758135,12.005996569141594
-9.76489628342703,1.3228388923860042,3.2992929659825925,40.82846528043123,11.938929284075432
-9.855543950941408,1.3202679294304092,3.3040822066762963,39.35937628740341,12.00654471454699
-9.72293570460401,1.3225396550161808,3.297196941448317,40.50378082956158,11.946625494445705
-9.796493955306968,1.3196445260447651,3.2932685746476813,40.33713531373459,11.975176316840294
-9.808807853372473,1.316170325120314,3.3026196991496803,40.35667296642687,11.967194535027692
-9.817012942385222,1.3251757001067512,3.295919445869877,40.378884349210885,11.961130944155826
-9.751580353944732,1.3201797314902157,3.2955230293560676,40.164792068095466,11.946090956161283
-9.753031402925563,1.3179322097213866,3.3050597197379212,39.87513852697088,11.91578089551432
-9.799922066420121,1.3222377061706048,3.3038651182047647,40.48699830939484,12.021925746669945
-9.733421345310132,1.3240299318029913,3.2986299970766186,40.13545664425458,11.879539149528872
-9.774095298903282,1.3195638566427543,3.2878181474908765,40.61290593040352,11.9238347976555
-9.834773582039691,1.3197792432250504,3.3021329605569645,39.95557221537127,11.923098580229624
-9.829059484009592,1.320461294189426,3.3026500194902537,40.61896982518679,11.941212673329785
-9.790885673484613,1.3177692121799103,3.302067245339454,40.39644635454965,11.898354854881797
-9.664669504093913,1.3186142478631298,3.301883413963589,40.67664417583593,11.934305180319956
-9.860196415666985,1.3235623410692572,3.299274443311416,40.18106922913899,11.908866663994752
-9.771855940757387,1.3197354600805724,3.2983581234249293,40.29361257056169,11.836953669918808
-9.783391878650542,1.3183246195484066,3.295575352521548,40.340022907126944,11.915273010901666
-9.78252187477892,1.319093987202678,3.2972104132972526,40.907616379660745,11.858512852908266
-9.686829137310099,1.3221405329304798,3.3012859386397673,40.012592618231174,11.825569200460734
-9.819353483661011,1.316038383658037,3.3013517078035797,40.102038497435224,11.917881193541797
-9.826490020066544,1.3204932467660548,3.3031592981963476,40.76968416920574,11.934182427249695
-9.767312674070679,1.32490063214956,3.2943742749785194,40.79328397597539,11.934875612396825
-9.711365733162856,1.3240290463376165,3.2933630974212127,41.1146806820652,11.9356534370385
-9.67587446546228,1.3211025325098937,3.2984811795503406,40.62455414138439,11.809421407007845
-9.785626474667607,1.3225766982972318,3.2959202094182185,39.90143059636377,11.8367577566831
-9.866578714508558,1.3225436329770426,3.3007439498259514,39.82370585612752,12.002244232249735
-9.788107149295609,1.3196629259856076,3.2947604935298402,40.30430124496474,11.849969115659
-9.82636576368835,1.321747350608274,3.3047209285703603,40.65154714809536,11.931634857977997
-9.85640975673449,1.3234565467563897,3.2967117585662415,40.18530907762928,11.865511061146575
-9.771369483694105,1.3173319600580284,3.306370696965198,40.32458842241509,11.902608621562381
-9.80017969398508,1.3209913777480642,3.3020972074020474,40.55841461588693,11.86573124688862
-9.847975067333255,1.3205381075918095,3.2957790717999567,40.31513845163695,11.924241940607734
-9.91377402594763,1.3199970573672122,3.308378980061415,39.9962167047361,11.901776491487995
-9.821985475617291,1.3197940595696358,3.30106180925847,39.95542386981901,11.871298199918472
-9.927115374335518,1.3202006922989007,3.3006644776246747,40.52455049142473,11.839981009152373
-9.884220351796108,1.3203395530692756,3.2997391517905075,40.650684586935924,11.904657298389516
-9.848948021866505,1.3219151947074153,3.3018662132877474,39.8790292090955,11.829413692030581
-9.841803478994137,1.320599050343101,3.3021016824458904,40.15534917056471,11.910206820853091
-9.804066208288946,1.3192568286016888,3.2965401041925393,40.65865670434334,12.018942267427072
-9.853496645965773,1.317897806076418,3.299145794197879,39.83794186162738,11.95391391735737
-9.787975949550122,1.3185963402423353,3.3004628038310018,40.57011908440559,11.92111236463518
-9.81893572202866,1.3200256456303754,3.302330961858616,40.231531761513246,11.879706346621896
-9.746686537346834,1.318051774842653,3.302398757108256,40.01992402259864,11.785843030103042
-9.721046303656866,1.321314791137062,3.3006581671766955,41.268844293970275,11.81546252328971
-9.94438623849337,1.3202407887427297,3.2977987081775098,39.974653798487005,11.944514922127562
-9.89936617897528,1.321623898889549,3.297593632358055,40.41099059415009,11.83968818903614
-9.81655391679623,1.3180138986200123,3.2952340463879684,39.918423550479964,11.843016402169058
-9.873125772717527,1.3175826256199232,3.3023704046575215,40.87468436042045,11.868501820431756
-9.840158735873931,1.3214686337259731,3.297536091623544,41.098637078650555,11.8224897142608
-9.86706899836214,1.3194067236217262,3.299232982009864,39.66499038599153,11.81306364201119
-9.920221186259907,1.3186906197813943,3.30095097562791,40.093733473084924,11.87069081783872
-9.769064886387293,1.320440359153323,3.3000157366729104,40.99302585909493,11.82745290529596
-9.938958813952357,1.3203118705610457,3.2999775547330845,39.934709497088186,11.833795741968565
-9.83367497497077,1.3164219324482807,3.296380152322751,40.49636961664562,11.830606871471325
-9.878891279637074,1.3216457961496355,3.301075450233548,39.57007921067377,11.894606666655001
-9.989123267810012,1.3179973004793408,3.2987486853702883,39.70643249215209,11.855707108409531
-9.94846967392566,1.3221583258520972,3.2996543982101723,40.22507814588673,11.857212057672363
-9.960675620599218,1.3160299394035373,3.3046318739642637,39.842864011415706,11.894817762554213
-9.87146967849541,1.3192691574179487,3.3020212727757325,40.11284653014463,11.856700869666488
-9.926868388129616,1.3181990211948011,3.2977167775782252,39.54003354820901,11.848725137042056
-9.931607862906965,1.3145542839900288,3.2994043442976406,40.39841081263105,11.884997933807998
-10.021785216540449,1.3197542498366088,3.3063977476180537,39.420598262170394,11.893725536080348
-9.777301670322398,1.3145216362521888,3.2987704701921534,41.06167400430542,11.851804856188803
-9.9211899627929,1.3177164540995876,3.3001595249727065,39.88454338432601,11.862034488625572
-9.876876448127515,1.3204372226931038,3.3026565822746297,40.566528349581155,11.817762860435451
-9.94019786510088,1.3170960955153033,3.3008607659516134,40.4004860311243,11.812669217165958
-9.99058123965287,1.3162748122366368,3.298508727525412,39.62480620728217,11.89301448902444
-9.831476176270709,1.319607729514895,3.297026317750967,40.1067447800722,11.875660730678145
-10.064419488251339,1.3174313452027862,3.299959604233067,39.688185640438405,11.875037853889788
-9.931257472097476,1.3170422611765826,3.302632077377455,39.98162379944413,11.865177766333714
-10.017722583594574,1.32032300525452,3.305283600826567,39.445487519156345,11.852310163790747
-9.988511034010571,1.3153577490797843,3.29413858365202,40.23652562770646,11.88368840142748
-10.011388466644254,1.3166910309514224,3.307051137309986,39.70172396420498,11.894493929162929
-10.03458980993724,1.3192597373083996,3.298846363789104,39.885150759137744,11.892173474436417
-9.950930767832567,1.314978211662164,3.3036993066730225,40.50067986213065,11.840449681729684
-10.147260403066182,1.3209067354956479,3.2970498588911643,39.93419803283861,11.913717659047286
-9.98607256843218,1.3168349592793025,3.293556642300698,39.77933252175002,11.854673464671832
-9.985587186586573,1.3189290070106416,3.2947482153196614,40.44519851958401,11.873754632532728
-10.055898492611272,1.3188348122823643,3.2986761730011795,40.154418924000296,11.855128615271783
-9.885601689017703,1.316694054291653,3.3020963726102845,39.94645872137773,11.852265980599524
-9.990423856385698,1.315947999617645,3.3001247698279075,39.813533160736625,11.802022517983437
-10.007863999379563,1.3167262009600202,3.298999061477365,40.3844736508397,11.872775200506844
-10.085678159179526,1.318142324512703,3.304472093274126,40.14011414396712,11.978873009240875
-9.977468614995841,1.3146476592026715,3.3000079432842444,39.444036669422644,11.816772277404521
-9.908162965833046,1.3141162788699008,3.3011191386811753,39.78143701702818,11.83796864017763
-9.828273170556729,1.3193922303727503,3.3124441092873487,40.621605323026145,11.811018666876755
-9.93380313957706,1.3148538929324016,3.2999678459733355,39.66264390041314,11.80784113388068
-9.967006515469318,1.316930305875775,3.297216619548535,40.387962104147704,11.908380995597414
-9.876798015820057,1.3157150293537474,3.3019238390697336,41.0207187922847,11.796429578036179
-9.972756763908864,1.3156997786513305,3.302936355799541,40.203802312489906,11.805296947552792
-9.868571776274083,1.318771141775701,3.3012039338331234,39.89366110770052,11.748552427908121
-9.938922850057928,1.3156336647808684,3.300627649849077,40.19275659206844,11.788975856761718
-9.95699093111771,1.3149827881873768,3.3059289238506313,40.499863346455584,11.740369118639052
-10.006047625513961,1.3150482511139812,3.305428988849102,40.02746891890637,11.856315335269366
-10.193483003928167,1.31447082042873,3.299531595391552,39.80656858736483,11.963649285404124
-9.990443745138244,1.314026432072372,3.2974260217524405,39.69934730818262,11.8042731658084
-10.071025762254056,1.3142554256954182,3.3017168113725845,39.568480419699966,11.738215267325085
-10.14301760670401,1.3184672839351719,3.2974030665680725,40.076387573123164,11.86550260305029
-9.996186789411643,1.3164492326162682,3.3035406466724386,39.722801527690756,11.783109245107878
-10.128191698712078,1.314220108809689,3.3016962251049073,38.70913535903351,11.88337915011481
-10.025169534113703,1.3167569246294584,3.310680124153898,39.82712790206316,11.803270118907887
-10.010621492035025,1.311501210619325,3.3058931875822166,40.104435431540765,11.784744031535526
-10.022219899598232,1.3173078221837868,3.295685038008106,40.378964441276054,11.80640367961502
-10.113771660268377,1.317026535747061,3.2979248452735623,40.4307669229631,11.85216065325386
-9.983900867802339,1.3187875515881406,3.2923441986623847,40.06607824106704,11.801874577470931
-10.039369864519104,1.316215555657131,3.2914490127734104,40.184707138602484,11.787386723205097
-10.017924194363205,1.3149434102753574,3.300455307469259,40.01240215143034,11.801262302536106
-10.092274240084999,1.3165266389616752,3.295230465174833,39.95707957892752,11.746595642206202
-10.075833408521945,1.3125670944166394,3.3065647429265166,39.7735893805098,11.82902811403137
-9.947624802330568,1.3129011830349124,3.3046316618254084,40.25932698560481,11.718831969713579
-9.991738506297782,1.3134357864203092,3.298914022265737,39.72455385630414,11.784957644375762
-10.130794793808324,1.3161732661857786,3.2986867502386303,40.530444613687024,11.844132066548648
-10.10720148522041,1.3115939503195941,3.305941491827149,38.82910601653702,11.82031799964758
-10.143888915418403,1.3112507742500954,3.3068584291692864,39.940576822967174,11.833688102910504
-10.1104849120689,1.31351616110226,3.2962696083681577,39.90684951616359,11.799930007666907
-10.18882918265604,1.3143453399591922,3.295755267441985,39.77085434467095,11.860683564519256
-10.10996326474589,1.3113703286646274,3.2987956354117607,39.306946505591014,11.847448945373769
-10.054632714912094,1.3139825635943527,3.3017247668214913,39.219476321618494,11.822542550412134
-10.154670020148865,1.3152428015287032,3.2979453133746564,39.93296998879225,11.84563810695802
-10.111484273459437,1.3147702490068274,3.3018088566566477,40.31343184714483,11.835811135489779
-10.092438066191084,1.3129382919601391,3.3078011945551133,39.90321553256327,11.775349762047957
-9.996195877627883,1.3119119602367255,3.294375875211343,40.32971614871983,11.729164830755552
-10.14320898992074,1.3154249313765896,3.2982172964797494,39.53032418382756,11.816418598273382
-10.147071748260704,1.3118441101457439,3.2944520323380213,39.838485993840585,11.821749564443664
-10.179829859933168,1.3135527298187613,3.296653660752286,40.13060424338424,11.848017226848803
-10.149547634957457,1.3154464130911145,3.29882129403147,39.57548574389358,11.745730019513054
-10.053189529397763,1.3130573378024888,3.2970911553409565,40.36790818194567,11.746280935898444
-10.130099820966006,1.3092487035388694,3.302079910265392,39.085971450307106,11.813657875362884
-10.108320057701517,1.3086200686142233,3.3006038251324954,39.5381586768329,11.78616887126739
-9.992655313119275,1.3103572383445077,3.301196076322527,40.23305582374261,11.694507502134652
-10.048618468274361,1.3122250443642793,3.298773208881469,40.66388733431419,11.806623373831746
-10.174514609571045,1.311548343861531,3.2991415680511635,39.65668034689699,11.694323241563568
-10.062432822355145,1.3149248505624855,3.2985972378095996,39.461567336095776,11.738762037660077
-10.148068349309282,1.3112319128813306,3.29900536908018,40.45589484127307,11.85269348561561
-10.20401094650128,1.3095572426553455,3.301676037244828,39.54152143514836,11.87544201078876
-10.083516973034705,1.3077949879728026,3.2923060372577657,40.09887760347331,11.722507992958475
-10.231790958538033,1.312271327789701,3.3011517653061255,39.4026481671963,11.765918111825679
-10.052620527089077,1.3097463567110055,3.296525077745677,39.95166930631301,11.783619835189215
-10.155815631334198,1.3065934826225016,3.2986445694396047,39.463521882755295,11.869655235893328
-10.184637137420813,1.3094968348383644,3.293753868405986,40.53378314779777,11.755059799778074
-10.171112140131562,1.307306669053567,3.298565313180853,40.134268428911845,11.754972597805299
-10.2916763698783,1.3082919938086468,3.301111536132473,40.123896430797224,11.855370839677093
-10.163094093108908,1.3090000800404362,3.3018283374278727,39.35842708281658,11.75831709472087
-10.203499368023131,1.307021082801231,3.2952546739297564,38.86299190789154,11.812292872929813
-10.201909496330616,1.307699260822074,3.301635354471763,39.478999278286246,11.701456135507678
-10.111296501731488,1.3070286791563888,3.304559104435854,40.783995798833146,11.765886420551691
-10.046926621478903,1.3069241015002602,3.2980252398417886,39.77739751217838,11.69060728401685
-10.143121936333653,1.306183763381087,3.3000036524602256,40.13447135713632,11.719958815637
-10.210023580011065,1.3070747753617402,3.291725813735297,39.17001520766858,11.813838278077602
-10.146193353990943,1.306090795382679,3.2964118637774376,39.37601050370253,11.768534989510906
-10.169572786913758,1.3088926481663086,3.301082080868792,39.628937518868156,11.754231380036657
-10.225412774963678,1.3079597798412628,3.3038218696168236,40.39305206058968,11.731909969178917
-10.215670298140779,1.30978573439938,3.297602888836896,40.00875253933415,11.75747982132162
-10.210161803033168,1.311007271688288,3.310677544287027,38.75840149263049,11.782737865130379
-10.197347796381989,1.308425525006451,3.301255558560806,39.87199672239895,11.816002021885996
-10.124291917260535,1.307806520624563,3.2949065724969833,39.291922224783484,11.634777320867295
-10.159875669346624,1.308223966695391,3.305148730844976,39.40762404716196,11.723629494231137
-10.291566340622637,1.3075119018325048,3.2949882274760767,39.621023480859336,11.772359732845226
-10.15651827364803,1.3065140539417348,3.301313708101591,40.24633773691367,11.758653618119869
-10.211582243011332,1.3061894462658892,3.2962830357492203,40.11654175725471,11.782961940003183
-10.058024787558947,1.304038724761318,3.294570262202569,40.01657707862505,11.775371012218956
-10.222927329593839,1.3075934074361366,3.303848608758175,39.692392321477925,11.745956006089942
-10.177500318133987,1.305686031852464,3.2989608921462157,40.183484189800616,11.734066687186452
-10.036972664942137,1.3084802747856334,3.3069026882182406,39.29583704993517,11.747348781705908
-10.232716554459833,1.3072436989763003,3.29592826564795,40.2655089559485,11.816280059305972
-10.20417716354352,1.303993302003218,3.293761437193437,39.2972530054232,11.72146622207447
-10.27883655274819,1.3075699659775202,3.298081338063017,39.54657235348743,11.754154565530317
-10.13684664692577,1.2997860920051505,3.3115620351989317,39.52780549261715,11.765694916110418
-10.33527734463447,1.3085986457116021,3.303335662429468,38.86704159115932,11.833782890986827
-10.196346600889752,1.3018915611378812,3.302215572054946,39.79194298903543,11.739992120539682
-10.2846197651767,1.305388585618132,3.3023477568406236,39.525374747215196,11.802194719513851
-10.277146236031607,1.3050827682062565,3.2980606262333527,39.4035503122437,11.815104888780603
-10.321574476578846,1.30630462223813,3.310917401094794,39.295784821208855,11.749574430163863
-10.15461808511561,1.3032287385697094,3.3018323416956794,40.301142652977795,11.741487126308005
-10.25165190698753,1.2994237429664546,3.3014572651343412,40.37381742208608,11.734836044631077
-10.312452298772596,1.302888568918405,3.303939451798054,39.87625643111918,11.737767959597107
-10.1948644630579,1.3029329151429647,3.2949070271054115,39.721234496895434,11.792546246408692
-10.287416031033827,1.2991006939885679,3.2964826123233673,38.770261220036986,11.760664652108447
-10.239916262347709,1.3031174158913859,3.299017944439363,39.77102975411146,11.760163315074866
-10.178207932840037,1.3007023338549546,3.303965312873734,39.9121402753684,11.69142712059169
-10.206902348614742,1.3039793538513351,3.2948077879490474,39.89472847453256,11.698608062387374
-10.44761917978023,1.3020159668038447,3.2997305823238525,38.64836926342661,11.853453994727657
-10.21876605411322,1.30625706767336,3.2991646019185352,39.90249347809579,11.736694284888637
-10.25429380440348,1.3016490944054704,3.293702456769497,40.11604686829023,11.706155732722413
-10.32583356349132,1.3028486434657476,3.2979642734439722,38.95528395337089,11.815762908973237
-10.286587010813534,1.301387975750754,3.302169008472692,39.700688897444444,11.757616866232295
-10.386730880855472,1.2983937020651926,3.294066921417234,38.901827582375304,11.771757555632592
-10.263366100219724,1.3010568071997706,3.305645338374836,39.43155992959207,11.735275722785488
-10.354911379487906,1.3027989432009852,3.3018721815417296,38.910700760079656,11.725577597338702
-10.296587289823751,1.3023218806389083,3.3013840266053256,39.26654049569179,11.732370029813817
-10.242388687853127,1.3003570651283678,3.3000327523118003,39.37803916098225,11.671055470349737
-10.222343587560504,1.2978557160877973,3.2956307121077058,39.72022280317307,11.735143985182264
-10.348207102826512,1.3018837146349866,3.2974012125984973,39.659729126708044,11.75369494507016
-10.253435760872762,1.3012592944722083,3.301447418852028,39.979599524077905,11.830774359570349
-10.242242537314592,1.3019326348416536,3.2973933791820875,39.25472851246828,11.741914041108442
-10.266942595337952,1.299523061856524,3.3007549962936378,39.61006221436041,11.620273121177233
-10.366330735285896,1.2965280043456957,3.2964044747230203,38.82807276991002,11.73165559456218
-10.459889215056906,1.3007897498443775,3.3018057196520143,39.03594635500731,11.8727079851938
-10.312737988820272,1.2995294406482871,3.3021043223919833,39.391620363622465,11.778434033891573
-10.333954460507634,1.302156624867847,3.293489245376401,38.963076336306166,11.693959261570658
-10.255405559011214,1.2992563022574333,3.3002692341460036,39.71283118248624,11.763452075768061
-10.337404116721991,1.2989335422973813,3.2939133282884385,39.26288992006824,11.696194186309793
-10.337965810825743,1.299684699192636,3.292555836091773,39.38581605839434,11.665007666766147
-10.297625592415713,1.2974821298469095,3.2976244309979506,39.894552225763746,11.714687848814954
-10.366378948493628,1.2972116231062087,3.3111876702487173,39.09617142589485,11.736096013481337
-10.27818050934882,1.2981321206662544,3.3031015518120994,39.78371829057049,11.637330402418524
-10.240172277872263,1.2963132425689008,3.3055684161746277,40.09680672268061,11.672903821583317
-10.323842226744814,1.2975221488168638,3.3024336661540947,39.904956947222985,11.730307306362342
-10.31570608366715,1.3016859008299957,3.300821773537211,39.29333375416391,11.708815755895593
-10.333274100053032,1.2997186509581917,3.3035815664669372,38.94438692850377,11.748404019920994
-10.409469800658762,1.2980762450041876,3.2974417145253496,38.89708773547855,11.667374247523577
-10.335124656954555,1.3003905026779023,3.301882058466923,38.69507767278659,11.76326273528014
-10.304117227019155,1.2954645415887545,3.304708391249699,39.666173031740925,11.667823663884027
-10.333320101719004,1.3019226189079576,3.302797686888039,39.6325940982024,11.808608102023754
-10.269094879331625,1.295848372414911,3.3049711198601464,39.5087697016118,11.640148448488304
-10.335645814522207,1.3006048735472966,3.3007304006385145,38.77825401809531,11.670778842744996
-10.301832039306476,1.300424211289777,3.306768322607322,39.250222195061085,11.745750517836054
-10.41499687809155,1.2927473612377967,3.2991670729847304,39.72210990521491,11.807574299530213
-10.351364942280307,1.2990167060808941,3.308470769720035,39.541135708878116,11.739600695770076
-10.393536972266324,1.295343702788057,3.3022944296895766,39.526145334090224,11.751482604507984
-10.336000909443976,1.294604894782178,3.298464214976693,40.6512219111873,11.723712985330266
-10.362661861469242,1.2966197429171522,3.2952834792634818,39.40590614365771,11.67101792608897
-10.257083398269305,1.293384608333433,3.2967680358677174,38.622371569380796,11.697337926217994
-10.219300954120659,1.2962347557392746,3.2961625533349737,39.120958111080235,11.660761648139358
-10.288679868289973,1.2931798583753185,3.299645123174475,39.54486252655193,11.65693923121655
-10.293086185155628,1.295246667764814,3.294904166657147,39.421323267816156,11.740485085181149
-10.44222287947427,1.297394685186046,3.3051710337947755,39.046759161282566,11.663766972946442
-10.473642978364037,1.2953288485111767,3.300442891497617,38.990941360069165,11.735437137430363
-10.369534290491952,1.2936684966741412,3.3002805987154304,38.94715727017689,11.653907205614425
-10.390129416889193,1.295303596648218,3.2953384526833442,39.3692669215024,11.733361750229093
-10.387269220633124,1.2912409486307737,3.2969238491856374,39.783205862735876,11.69365808531608
-10.523680104331866,1.2922097750524746,3.291118530619685,39.64557525210729,11.78797797210562
-10.331369407481358,1.2928610094967339,3.30647122056191,40.018854582559676,11.733393497451301
-10.296392482057312,1.2951297812351699,3.2943291334249603,39.02482836761356,11.778562438531871
-10.301369725868225,1.2942027001051624,3.2946323850277364,39.38919042358639,11.678562091498947
-10.335755132108154,1.2942969606542327,3.305652693568288,39.20295370476212,11.718728128163677
-10.3637437740882,1.293007903613641,3.3015502586352787,39.509301703963985,11.666448545532328
-10.44442537472672,1.2913230386903252,3.30048294714984,39.07807069583992,11.694410000002216
-10.395621213914373,1.2957125818768567,3.301361073901568,39.118506576974056,11.701577833974222
-10.264375864343345,1.2911784242713924,3.3038156014930444,40.05307998676227,11.67798834907266
-10.401913632720772,1.2932503177741488,3.3003995012669742,39.23552410390415,11.653109771833247
-10.405457906279091,1.2920268371001495,3.2938258610239286,39.23875763726086,11.642818150480212
-10.290875096707953,1.2932164293850636,3.302932759489502,39.583545078296815,11.59612116742572
-10.32127789279418,1.2907194680684826,3.301689375506573,39.62792172216347,11.659911268583382
-10.486961911301167,1.293876409876694,3.304686213389815,39.298858525942364,11.743728774373135
-10.398411803324496,1.294368851568574,3.295003604546098,39.82403133027053,11.632060117083556
-10.420873135404308,1.2934368208400318,3.297082632409657,38.6440073197928,11.643215348905839
-10.467821574658123,1.2916119550628078,3.3015683555388566,39.194141793294314,11.800808357625552
-10.347357334079708,1.29026964644413,3.296221953733832,39.26433354642677,11.679086061545
-10.488011022653536,1.2966279877606848,3.2905886299883766,38.90362645722587,11.726616103309597
-10.384665326890163,1.2888450689813344,3.300789322314947,39.53378159753694,11.742338109438304
-10.446687168583892,1.2924360295112802,3.303580030532401,39.62524283774975,11.743012524814882
-10.260821204584518,1.2911851027646968,3.2994842727162337,39.241653848530554,11.633439996356165
-10.41576339425558,1.2902411426591576,3.302192540509018,39.84324821327267,11.697677743093
-10.408239932825234,1.2905839616277877,3.3016134700572715,38.61086107431485,11.627999918641281
-10.47175789249503,1.2890413686159286,3.300041981430384,39.2925887904073,11.830913272001538
-10.42763357785036,1.2907648306159398,3.300543852626788,38.78845852243734,11.628545260679918
-10.530982407131814,1.2903940571459376,3.3053965524479847,38.68132640415221,11.655594211518375
-10.440055057203539,1.2949661830489976,3.2961429976944254,39.143921686780494,11.655658937822354
-10.431768097108375,1.2916037806344147,3.303092179249164,38.97693463711746,11.632564280011303
-10.585320432392184,1.2903459638487267,3.295276488965394,37.684048476147574,11.774740893351847
-10.523060709517427,1.2903181920364908,3.296820879149339,39.19846640556015,11.82795306311537
-10.572392427788863,1.2926998503155038,3.3047836692589057,39.16711937832642,11.682768263814229
-10.450243552747535,1.2869344588201643,3.2951606744190096,39.0350875296817,11.640265200912404
-10.393978600037997,1.2883652305953193,3.2990336350090237,39.11618737905949,11.59417631367745
-10.454710740413436,1.284772660761808,3.309445388422109,38.9414224817938,11.693558979952925
-10.485495109750866,1.2895615975846384,3.3041022026412437,38.34442367266358,11.689693573807629
-10.459687421731093,1.2899983889148934,3.29705131214825,38.35370985356992,11.67270007436434
-10.525505208110973,1.2861697236676621,3.297736698999892,39.27044226836242,11.716092290429625
-10.48423725381,1.2908908677579518,3.2993195354872658,39.45740577355028,11.724546447846889
-10.481669725902988,1.286443643956006,3.3052477769241566,39.275392354177015,11.720711836993232
-10.525251535295842,1.2870580868205366,3.2959934114280305,39.10119840175208,11.688526938684152
-10.437589868093545,1.2878447073833745,3.2957513242325267,39.43790808994546,11.649033228060118
-10.484194580237252,1.2906574646746274,3.3028534122275177,39.31805493247164,11.737192744922266
-10.495555697015579,1.2856171269886056,3.293275452130889,38.69482669986563,11.704319185792535
-10.364241481430886,1.287781432152451,3.2963556913893957,39.36050133384519,11.747909423101405
-10.517505227295803,1.288615003538697,3.299659644073697,38.84656046535715,11.742799018465037
-10.472527712445025,1.2880696435092125,3.2998647191520867,38.94179946929123,11.632016480501743
-10.482802900924758,1.2880118755259735,3.294541520412408,39.490476060035206,11.63120846900465
-10.534670473080698,1.288193449331532,3.3014149615965356,39.560523613723014,11.664963194846909
-10.429720499124391,1.2854313939622426,3.3022150601117306,38.20202205617648,11.649753271173322
-10.559305959147505,1.2897878144765702,3.297350042695849,38.77935837888784,11.74016110389489
-10.54406884313374,1.2860624063574178,3.306643029245466,38.788887628908725,11.719801638307
-10.56293312927744,1.2856705034714546,3.3013584242733907,39.33872238545379,11.757038662602788
-10.574108061270238,1.2887279997103733,3.295980564107316,38.27163367358596,11.72175278416757
-10.617311147044925,1.2846472274645808,3.306483122185131,37.5695465013402,11.712215577626973
-10.56672051862635,1.2864256032031745,3.2979067024589317,39.19493300304889,11.761629920406728
-10.470205231670459,1.2842171457209475,3.3007154938572905,39.44476311100064,11.724995811511478
-10.502647461470211,1.2905801465791384,3.298052875107202,38.28110327949889,11.704786188661734
-10.458032331839318,1.2900389450184429,3.302496612398151,39.03417465010582,11.775281173424135
-10.47435966417268,1.2850822252577192,3.2980738868487838,39.6633532337128,11.706900634730115
-10.479363280714876,1.2862246120589442,3.298316574741825,38.61005588662671,11.685813319004776
-10.386367455913602,1.2850786160407872,3.299360089431928,39.26768572991735,11.65903363694118
-10.545528739977952,1.2842554732857543,3.29799219897996,39.112127433605124,11.735976217422426
-10.551108539501469,1.285077537004927,3.304287258353805,38.32673029345669,11.762583312014176
-10.525222469620653,1.2846438275045498,3.294968826895504,38.72401832193854,11.698112952956746
-10.467692438610998,1.2815716151764867,3.2998514092948468,38.38828057559554,11.765955341662432
-10.480032874473707,1.285028088034269,3.300357860276924,38.97412155220691,11.601981747234216
-10.56874681504458,1.2843077272754508,3.299501462872291,38.54610902085043,11.697638470833231
-10.496765825622045,1.2849081741488726,3.3038731944935997,39.0895426305904,11.698340738449293
-10.565611535689255,1.284021394746722,3.2939842080233204,39.122707013688355,11.663935814905075
-10.564170935135474,1.2833496136680351,3.3022716689742198,39.42710964981368,11.819424341026878
-10.51185910592264,1.2857151877171933,3.2950201910079655,39.909194093268624,11.696873120259832
-10.541266697111311,1.2849279327050465,3.297964893921866,39.00054654604162,11.679753384168764
-10.508537310742705,1.2865512837952653,3.294609239416634,38.85629731710431,11.701400908179009
-10.582764834691941,1.2846474108227242,3.2986716352989203,38.684604272463986,11.599930704949736
-10.516513838280936,1.2831627447988152,3.2976871548960798,38.581025795946545,11.662052295185838
-10.599345285865144,1.2846927536886434,3.306553087189896,38.98057130301451,11.749187700200068
-10.361238600833202,1.2794005086963194,3.3009654656110046,39.079573096214204,11.66856415533411
-10.520315905469833,1.2874728802390778,3.3017591440805836,39.16658908670275,11.658559097643765
-10.620587713412165,1.2837193405913971,3.2955699857302676,38.38561396372181,11.76547628182572
-10.669938763951532,1.2874458335597871,3.3029603084513717,38.473691780343785,11.76701557583137
-10.489992397710298,1.2812458618777955,3.3065529039215042,39.19295657143986,11.725860946688806
-10.56666317162051,1.280658187249793,3.3034796366742647,38.81671154818806,11.677269835025864
-10.60017001806049,1.283535373346094,3.294751949699925,38.03153138833339,11.688072138197267
-10.520019861268322,1.2834403145563513,3.298143432588834,38.95388315004031,11.65986389379728
-10.498064330438446,1.2833045892307526,3.300433960444379,38.6831618468078,11.650364146555901
-10.499373727162814,1.282913929636908,3.297691347296742,39.47382435228024,11.647919098333565
-10.548478728240958,1.281201549930262,3.310131963413043,39.2914869986787,11.669280031555012
-10.531278720267709,1.279403915593312,3.298070894276952,38.02427040173298,11.648495239593545
-10.515255551081532,1.282859113464504,3.299826594597115,39.290088456038,11.622100277598285
-10.55513312568065,1.279647161991235,3.297599088049963,39.045453583142255,11.71131561754221
-10.55175419515462,1.279379221635704,3.30092673485538,38.30287448881895,11.7121409186183
-10.549774775482991,1.281294219496982,3.3055294000640885,39.251779830086505,11.78552213675421
-10.554357567273096,1.2828404164717497,3.3004594218111083,38.37933102749093,11.667142642055705
-10.632379488779385,1.2858796047441998,3.2991239469808704,39.193392268330506,11.715447352509582
-10.593950989027267,1.2837889707186811,3.2957043582150165,38.553622676133735,11.716366413885792
-10.527398784172702,1.2846246368103358,3.304835345473469,38.33798351172913,11.688133066413878
-10.706256466728389,1.2829946637186391,3.299425224247678,39.43578622816947,11.738141479317544
-10.708156137027673,1.282351581068849,3.2992532148613076,37.96515632556429,11.739791808593209
-10.5364817327444,1.2865613874181747,3.2906442512774046,38.60462688567574,11.717512145332353
-10.487246301062434,1.2788374337718247,3.2994911335965194,38.78153923479549,11.68847653647521
-10.65325891753938,1.2805914327081667,3.298395580090537,38.51121482031075,11.68350463506212
-10.547493107860051,1.280683697242502,3.2926959823585076,39.18452633447046,11.633121749584873
-10.592957428080277,1.283078754225862,3.3039584457208444,38.83724991804787,11.661347542458634
-10.59063922236166,1.279273094783284,3.297859030323092,39.22044270628984,11.67068272233822
-10.545504144069781,1.2826979449881206,3.30758227551084,39.0577585827079,11.645729855175553
-10.681890036900105,1.2822722568055351,3.305657766158756,37.967019946197695,11.724075661247905
-10.691041600130564,1.2826829617023565,3.297120385556998,38.83785968738002,11.762067547956955
-10.591428170232762,1.2825914652552444,3.3054772546090834,38.910666268519925,11.656995393479628
-10.613213691700816,1.2840238576098588,3.3064421687779166,38.5237211484008,11.716738613375089
-10.640448733321847,1.2807964495288477,3.2977638577779125,39.54859266636443,11.651034673807448
-10.5450699770171,1.2819042893215702,3.2958693595621966,39.15319929136055,11.687673470830571
-10.6091835724902,1.2793214387849092,3.2913785812838863,39.158323552250714,11.66858810499521
-10.643049413403647,1.2788169737592852,3.301521766396359,39.104530358218014,11.733390023421746
-10.570057071900811,1.2842297139965237,3.2961066965100265,38.69186445096051,11.669552138167562
-10.63829414937497,1.2790307812655244,3.3016419717100924,38.976765758492064,11.75427651850679
-10.550146829726986,1.2818940786022786,3.2977285960613663,39.02611710203681,11.69161505134882
-10.647562485127759,1.2816314521683319,3.2968810736357788,38.482064862559604,11.671634134059088
-10.66155498603842,1.2828787201969,3.297754035049205,38.18825686803331,11.641667919165318
-10.635197389204318,1.277173231760369,3.294800732322127,38.739297860635766,11.717217899611105
-10.630270294292417,1.2822344074819814,3.2977521868784896,38.974231150957785,11.749548710817422
-10.693994732511198,1.280299778579759,3.2970535493243833,38.61850770832303,11.718689590557657
-10.753153024417378,1.2791813648607744,3.2999433774465805,38.420769412379315,11.817206464003068
-10.639912824934457,1.2798463826281528,3.300417032344741,38.73111754608846,11.777001217589222
-10.654061921260237,1.2823898903542716,3.295715299649044,38.57708445763537,11.69038802764318
-10.696648841145462,1.2817486599296044,3.3044032207624396,39.22643003043139,11.690121216923398
-10.572424551713901,1.2800016633775104,3.2993617254648338,38.96324722707588,11.729771194228892
-10.63670182212396,1.277952130230977,3.306009757399829,38.53201129109184,11.664654760758575
-10.581043343639488,1.2780675963666441,3.300964329203944,38.11470285544564,11.76514508338782
-10.629324988174904,1.2816865937715038,3.3002764161554152,38.66246659524548,11.725191223956198
-10.611825712176437,1.2776024058206445,3.2980360875978945,38.54561900907757,11.720220249390373
-10.654058283199822,1.2799004499692108,3.3024593575682837,38.44629905458505,11.74203666395297
-10.827657740345458,1.2854792841369151,3.3001342670046467,38.7217290387907,11.79412771663032
-10.698829229327462,1.281018156652129,3.3034338628364917,38.63423580555478,11.716836791490072
-10.632123687075921,1.2815669440121489,3.3064186495902335,38.06277453307741,11.702945360512452
-10.644288398887776,1.2779453024880776,3.2970925885272795,38.95895594094237,11.78434726328333
-10.761058421201783,1.2775992150938322,3.3024538543133515,37.845068494165666,11.75760824788753
-10.625703904269846,1.2816334268335736,3.3023404647056616,39.0259201195667,11.69350671586738
-10.698988878560941,1.2794665630305422,3.301832447633035,38.411992146777656,11.710145540758768
-10.62332973611384,1.282369514916623,3.2982672032812217,38.78810341253059,11.71999129791022
-10.643718802571813,1.2803010647552462,3.2983481344183385,38.70259974621546,11.728654450081605
-10.555959286983,1.287121572128086,3.2976644713188037,38.82883069284213,11.643080871490456
-10.532875756315525,1.279059777607081,3.2975851317559237,39.018058068129285,11.634139198673827
-10.586673872735258,1.2807797737178517,3.29663950213619,38.85940594689747,11.667251990118382
-10.561594594647291,1.2784118357184537,3.2995820108569935,39.624702555994084,11.663748121533654
-10.643188139114459,1.282264426516848,3.296968726584088,38.803203086576865,11.680162878840918
-10.485658280520976,1.2810829537923443,3.301742574775384,39.127558013266054,11.744464123863056
-10.708985675243373,1.2782827347373518,3.300227816357974,38.29822022398017,11.704662115394852
-10.677544983182708,1.2795752527834865,3.300676490311549,38.797268043129144,11.723313746913353
-10.557158481047612,1.282959722575654,3.2989060435050295,38.47624661371625,11.65266974427342
-10.586008837926645,1.28272722355127,3.300275593174535,39.28803341599733,11.691199149960969
-10.629004625381922,1.2774042876384304,3.2990107100871966,38.148251365533916,11.744045928198695
-10.618762318078236,1.2793119337642793,3.303118172319072,38.42501188673816,11.744837885048277
-10.752135542199321,1.2838989804354501,3.2982304428828715,37.844075789187286,11.679274212028744
-10.55473664476704,1.2799356639911605,3.301502097874944,39.0583842073355,11.724004080470445
-10.714061908883064,1.2806522150365127,3.2947745162250004,38.402326785069604,11.826286819994323
-10.57245558885084,1.2823561008317748,3.3028482993277537,39.12945974559803,11.715893397419382
-10.7531107118005,1.2776562958685882,3.297762956439999,38.10354226224869,11.682548205365224
-10.629457878321071,1.2784611204608647,3.2963509144087637,38.95367444236985,11.708959075954981
-10.686065510491913,1.2797145258404659,3.295444801465777,38.85980362775762,11.72270106914057
-10.612587051104834,1.2827940905440782,3.2951283142136147,38.85954501311805,11.710984180188728
-10.631615510448144,1.2824488022992409,3.298074114671499,38.749118378646,11.717430608191655
-10.594092300569597,1.2818747397760692,3.30599451077896,38.86669507216746,11.647287097247354
-10.692317395158447,1.2801843277488187,3.2974267085726163,38.25108820508388,11.671794348296542
-10.653224310203509,1.282750730801783,3.2911633152703943,38.263443565088465,11.712930877361586
-10.660898313194997,1.2802167454166347,3.301461865146221,38.89575241411577,11.712611331104272
-10.6110146454789,1.2817099150080982,3.2955429738297495,38.63049430115528,11.693047670395423
-10.59176034263484,1.2824114961597477,3.3032592303155903,38.9978360996753,11.712994164326142
-10.648683359634179,1.2840159911436215,3.2983156929646915,39.32302866473525,11.72538859156544
-10.755622765996435,1.2805461255528467,3.298903967929624,38.30589145185099,11.767306813072839
-10.648500114185357,1.27997146613349,3.3047892434154207,38.462963625522775,11.718379121737561
-10.511353669810605,1.2833262344071592,3.3024709180430736,38.847579376810025,11.74380370422918
-10.546333335324594,1.2835206681977325,3.295014491798641,38.92292177947482,11.697282621883634
-10.851980488996603,1.2797325725538355,3.2956029656461756,38.541694545448834,11.753486763864387
-10.665374699534617,1.2786530884868366,3.2928658802389372,38.657895838684205,11.744193071144784
-10.626055632756175,1.283346531870386,3.3104128838500855,39.57930753614766,11.76922721286621
-10.689656287511346,1.2776717843035896,3.2965491708595827,38.78902723096575,11.762144410049098
-10.703734194775457,1.277617877869479,3.304679251938909,38.90486136623895,11.756448399881094
-10.675485368182358,1.2805165940619916,3.2978709017374648,38.63428509625368,11.722636177419588
-10.635425061388796,1.2811092253922602,3.2956805778110327,39.13388236903393,11.74035462524123
-10.75842125908903,1.2788370575054275,3.3000862431043063,38.40104830325651,11.781838902786266
-10.575781920517255,1.2814547565930003,3.298693343245426,38.59074667947377,11.696620686224902
-10.65152162504009,1.2815994802555257,3.3032074987310547,39.059094678197326,11.69837013926838
-10.724963978387324,1.2801627183084283,3.3032575356583247,38.52715662463307,11.739433356007769
-10.607689568727366,1.2852488139921643,3.2976394359242627,38.88272674115541,11.751702162053467
-10.737302970906889,1.2821012326634011,3.294240182329312,38.91814715051545,11.69031436655619
-10.697057849336842,1.2835599414423788,3.295211343799394,38.66147769864497,11.728368188805993
-10.697968698346806,1.2784532143696734,3.2908701681468093,38.544363103412316,11.72799810403205
-10.4823908207587,1.278500052778421,3.298902161433652,38.82105983668261,11.622530851774105
-10.702399225014169,1.2824153718784006,3.299952798606037,39.019873889511004,11.722917050583595
-10.792518590041281,1.2852718814983353,3.2954286883266235,38.278272261493186,11.726637817118664
-10.698408298340578,1.2796106181363767,3.294945395569406,38.58274321073702,11.72710107500117
-10.67591193501081,1.281986965471481,3.2999356644864175,38.762939195127615,11.806528492267248
-10.590734737883098,1.279301135772936,3.2974721814058943,38.931644605098775,11.675564951275966
-10.511281770319895,1.2804065873316774,3.2991482841787407,39.382916290452016,11.695750844727517
-10.519073187974591,1.2823039420979485,3.2985311006040834,38.933925973873855,11.607004297942215
-10.645783153053175,1.2810077609995036,3.3009949209628653,39.25898752774339,11.714205364569453
-10.712952014348605,1.2794585708898158,3.297738883931077,38.47459326361971,11.71911111351173
-10.559431106048109,1.2794917840528086,3.298045023188136,39.02944244175977,11.714041496836545
-10.719679185392916,1.2784549635008902,3.292472804864689,38.48713200288235,11.795576245838856
-10.731116815241817,1.2832608610563359,3.2997986697437622,39.3750223620272,11.78388022455553
-10.697308535405265,1.2835849165884992,3.3003547672895905,38.465128236915895,11.745404088080909
-10.736422641060136,1.2836582635868348,3.2992892022016895,38.423075288340335,11.72364742387257
-10.724306837815005,1.2807395420310868,3.307647336162034,38.597282720156876,11.79415929319471
-10.684430891392042,1.284655861404973,3.3006511148094333,38.52442884426011,11.742538545806323
-10.606816864515885,1.2841449030855858,3.299374091594972,38.912161526894124,11.70329444874785
-10.651653991730504,1.2828346365654733,3.3019965798754396,39.188327317456974,11.659081898627104
-10.73643871734182,1.2825964005871622,3.3084514541506707,38.586044326303764,11.723519846458288
-10.786652778595363,1.2817031389223503,3.30101089217577,38.50040236297668,11.784013834347439
-10.716023189368379,1.2834782998265193,3.291106066596976,38.47629366906125,11.86080950073329
-10.668977374664939,1.2864223655267075,3.3017282342078977,38.46001579311698,11.750768813420157
-10.686017512248212,1.2855587572135108,3.29648305829448,38.66657688245299,11.710131053860358
-10.670401073243614,1.282867070262149,3.2923100992567713,38.66223754936529,11.689865892831461
-10.662539857139675,1.284554446876186,3.306790244988322,39.14422496790956,11.777431998195128
-10.54456161418073,1.2813733149717135,3.305925786001313,38.52724560128539,11.662328313690024
-10.732723887305577,1.2851365312815433,3.2963792899163593,39.116366103568645,11.77880598330373
-10.687299201823102,1.282116147602951,3.2964054755244034,38.56667555496856,11.79290865557499
-10.62562254350786,1.28526107335101,3.300640668847652,38.80816878708931,11.774576116075039
-10.713295498665284,1.2899226345071715,3.296459284632827,38.14747439767053,11.742522835020422
-10.687277229795638,1.28294961280242,3.299459705425377,38.85022027469713,11.782501419390643
-10.678751787558296,1.290041603462093,3.2971472719094637,38.25830587192578,11.763554452007911
-10.731393217970343,1.2852848305317535,3.2983983907435492,38.68656968256799,11.716859152400074
-10.70827619098587,1.2829130663469455,3.294382579218615,38.69372738106025,11.849048421529247
-10.661385559797504,1.2829313503996462,3.303307593309817,38.5469804364919,11.73971093270699
-10.6580905966828,1.2893632977580747,3.304815156158399,37.857709087651116,11.796854233742252
-10.682668500756407,1.2857316579481561,3.299599184043306,39.498912872761984,11.637912227680047
-10.703140251093856,1.2837268305782739,3.2998550299845033,38.172042939468284,11.823447400331728
-10.625534994120882,1.2845668238157668,3.302516628074539,38.85802874785136,11.83384753421854
-10.547696252691676,1.2859510496480098,3.3000076045793554,38.61268507379532,11.762691088595945
-10.60862958495929,1.2851889452893532,3.3069182553953334,39.20194218507499,11.789932549649517
-10.755910118625183,1.2860162000704485,3.294734548574491,38.33638522861088,11.790718886957226
-10.628032301077925,1.2889907563129532,3.3034437678387274,38.44314548843174,11.731457595435947
-10.713661227855681,1.2833078344634676,3.2995431905395924,38.81074023254059,11.791761036007744
-10.633561128102198,1.2869743770954347,3.295515150025289,38.224094901046186,11.724786029450648
-10.701728783133996,1.285661752011662,3.308988354971516,38.43123098901568,11.73559680888987
-10.801387699874372,1.2849329681202555,3.309540801490063,38.673322660529045,11.823203368723524
-10.715221438718398,1.288199990143641,3.2991685202502885,39.17229416711732,11.816415091310354
-10.608933900788793,1.283258435451244,3.301778901392169,38.397167576974496,11.733193849877894
-10.634082789359898,1.2815751172653869,3.298115254949972,38.48721087694559,11.73266863320291
-10.629125379592901,1.2868847899723082,3.298758820629742,38.88260431101196,11.737906836941423
-10.674504373791564,1.2862881373962767,3.2954700032541937,37.852022012188286,11.807662237388515
-10.619612633736308,1.2839885984738817,3.294878951235814,39.303824389996706,11.72187897127947
-10.645732775331314,1.2834039973623956,3.3073765998876907,38.30873560874903,11.790566136636583
-10.703426755149746,1.290818181809492,3.2998449284646547,38.41818251864994,11.810929466464884
-10.660771440463122,1.288015750730879,3.3002023397075657,38.78279487313027,11.770035785241651
-10.58827069476968,1.2872628016296361,3.296757927122577,38.84395326983907,11.825816468606545
-10.651135872877806,1.29174876212911,3.300759880809092,38.31228184919722,11.760967279007
-10.65900346928485,1.2895381221415287,3.2939848233126034,39.37057662000336,11.766363772307084
-10.635924926242327,1.2911692279212201,3.2969050457500875,37.69809715120473,11.729072250197357
-10.70464589084668,1.2854083857206846,3.2952009011520644,38.141905168895626,11.829675666337971
-10.672700403926545,1.2854720590852473,3.30517153647489,38.39988925749742,11.74137722482035
-10.66155307771016,1.289280466364937,3.2933924065450877,38.29701201416076,11.798082480400002
-10.693464273705542,1.2890156962794306,3.295283138011115,39.10089287642284,11.777922905678983
-10.646877693175181,1.290827303491789,3.2918096429140706,38.042907135907406,11.72974853554073
-10.696219138016577,1.2852085721166313,3.296439950672008,39.230546936815884,11.752835654190907
-10.69164375025646,1.2900203931887144,3.298161916076347,38.5054590181729,11.85334167185044
-10.633066579713708,1.2907356512621575,3.303911121508236,38.189489773692735,11.795192294104329
-10.65007453207761,1.2907742299567828,3.299112008642121,37.85948941023706,11.735567348185404
-10.790223258904904,1.2882341140529512,3.298357652364672,38.333501246679944,11.802210801680449
-10.622498543376658,1.2902311842258294,3.30119963249458,38.474214870399564,11.78056226406431
-10.740187562193032,1.2877899136882267,3.298228387508478,38.61422280530746,11.961497902775418
-10.7272305762393,1.288903421404748,3.3096396314507635,38.36530993646768,11.803983412777159
-10.604045342859795,1.2875523270155964,3.2976359863069518,39.17423038257701,11.771631619694178
-10.778799409301017,1.2882705434524757,3.301654847130279,38.38540470314255,11.862603884751657
-10.550066305053118,1.2894564031642195,3.3033058231334222,38.73030401320307,11.700494274900676
-10.664027591165127,1.289107673470818,3.2975211439830234,39.061246534376664,11.798209635110927
-10.843618599183792,1.2887239379444668,3.3006614893305652,38.40403060700845,11.894166527636145
-10.64340709691594,1.2877950437366767,3.2979966181929505,39.02303847426421,11.789590527763263
-10.637424233637944,1.2944698779443844,3.3010960832317866,39.184615819562765,11.709694724107713
-10.679259092847389,1.2897007288377302,3.300403696764221,38.52396164545695,11.777527039494773
-10.735720963478977,1.2915166623177161,3.2994388680385645,38.54385722437568,11.87101585981755
-10.671465064392256,1.2874943599999606,3.2953777457741222,38.99459144848926,11.81806429790838
-10.661893746018837,1.2938838593679178,3.307454779188827,37.6959501068559,11.758292694724123
-10.747335176621911,1.2916598121409868,3.3023455969527027,38.46462270480025,11.766951845176326
-10.562046823141136,1.2905953320895345,3.2936454505898345,38.785959412376,11.774211241912488
-10.675340960431164,1.2907710379657715,3.2983185216399824,38.798939040595315,11.821242185505549
-10.728294302631689,1.293539015300182,3.293722415883574,38.222967454261344,11.871081880908116
-10.74420064637033,1.2860535046515638,3.3030483254641796,38.949777653094124,11.857786736140904
-10.614590003766773,1.290471421056355,3.299912869190103,38.47571478538784,11.828963415212566
-10.693285031289115,1.2920423523904412,3.300016311100651,38.42982302370957,11.740581479091164
-10.606656940320805,1.2921805981033352,3.2966305310956194,38.520922133802365,11.741771673706152
-10.695456656085039,1.2976143199779586,3.2987377440549444,39.10103942632603,11.835839134977357
-10.644194421814493,1.292090948151691,3.3031487364024517,37.87738045236891,11.7429148465346
-10.70606771541273,1.2949095790055158,3.304223328607391,39.30261656124232,11.799925531631619
-10.68949125637632,1.2967159677977755,3.303385684479779,39.21036570408774,11.82743048065409
-10.614862472529646,1.294597936020776,3.2937913325419355,38.54432891997846,11.75636590924058
-10.603256252982538,1.2920736436589368,3.299255535893821,39.20425700403609,11.763058698489107
-10.686902304761778,1.2910173695771445,3.301013253829112,38.67823132480668,11.81059550417391
-10.659293116374824,1.2952427426868445,3.2970608976425946,39.342578305184205,11.841517330365868
-10.613590302588483,1.2972079857578707,3.2933639370923626,39.153080877842335,11.870447509818073
-10.754395261094741,1.2951763578635314,3.2948534778149914,39.36846730766106,11.848764475325659
-10.640768203301311,1.296718274835692,3.3059990990748096,38.09360490941127,11.823138322803995
-10.676020099014737,1.2996026572584243,3.2952341544746426,38.724497943830606,11.783192882150951
-10.673081448162263,1.2962613213996512,3.3001902427935903,37.96419570641056,11.768007814182372
-10.607313474626789,1.2925535290206425,3.2993746600199576,38.57788757143562,11.797063251074468
-10.677750486553792,1.2950255376472863,3.2993848732890743,39.54436014668247,11.844161203561285
-10.715239619813715,1.2978328544688844,3.2987205541327294,38.75680094087711,11.841556285640138
-10.50087806223134,1.2947642461964175,3.303156548053804,39.39206034351969,11.720794014000463
-10.556990022436253,1.2984429594962459,3.3001424516762077,39.091595405913075,11.787572591575456
-10.776881051506956,1.2954677649442328,3.297497381360176,38.62642259426292,11.888152446674994
-10.7202567454489,1.2964407589679323,3.3002053752969407,38.350547339054565,11.832961723611316
-10.557746720017875,1.2952413294048657,3.2948898233447586,38.60104959991485,11.759227683267401
-10.703724041144886,1.2964329404963237,3.3019037783890153,38.3728888505134,11.948949580771387
-10.5359228229615,1.2967101149453606,3.2972761325986553,37.83599673261136,11.83079504234304
-10.598241842209074,1.2932397714060004,3.297506515388921,38.770700886003965,11.85254562805979
-10.616554786034012,1.295745573666874,3.3020521901483235,38.86283043693884,11.85439514220864
-10.67556550460656,1.2943345058044904,3.298370736341573,38.401180980406444,11.817132257836017
-10.574665031732517,1.296159110111759,3.298595935381752,38.79839722879948,11.800229605404423
-10.750813816628892,1.2955556356283864,3.3046705209412583,38.70839183331823,11.9437914078429
-10.566865065450793,1.299342458707323,3.296107249065711,39.22019081674007,11.88897041097684
-10.614181385596961,1.2995386735986736,3.3019935400068507,38.29251334989727,11.88101250528075
-10.68170823137375,1.2987857104063465,3.3037980961092837,38.31867324075586,11.86983868031595
-10.543285720359297,1.2953032498184192,3.3046675887958865,39.21461233366989,11.791969953386355
-10.512922455968736,1.2978158695125077,3.308706080075369,39.20975797483313,11.907126940172228
-10.606269080008781,1.2954914966127669,3.297431439046087,39.325221340131996,11.802211389651257
-10.58715072978672,1.2980651747859848,3.2965282566668193,39.34686865932867,11.859652917434516
-10.596809671089547,1.2998286091244131,3.3032688618056367,39.77232992370654,11.764642578903658
-10.55452171414978,1.300692092327188,3.3037609644554693,38.7738502246913,11.745695548579413
-10.707823704901278,1.2998277885321396,3.29683706140897,39.215778191724475,11.864782367018996
-10.58799307041005,1.3015733425240048,3.301939217964918,38.45600797759872,11.809545036640253
-10.554589803216098,1.299750284452246,3.310896827442796,39.848441532554325,11.751676670332575
-10.511242299118672,1.2989380819964598,3.3004186576252255,39.1593941614407,11.879303407116314
-10.765090899036203,1.3013269997181176,3.303693995219659,38.686626187031784,11.959417666103453
-10.654690965161246,1.3015671390664052,3.3063069495423996,39.086588317982326,11.924035126855102
-10.518077746966638,1.2988803703563592,3.310014984598415,38.421699187530265,11.8428374750609
-10.6152124682401,1.3008612105858253,3.3009827985251827,38.33967301646553,11.857294637256965
-10.631634080510366,1.2996891437731029,3.3050121341834022,38.783001283936684,11.902389412683744
-10.675874153226914,1.2964350842171652,3.296846023534956,38.786539521577474,11.915264932155978
-10.643846438475594,1.3015069556631802,3.3000995237778947,39.54532869154361,11.843138857961181
-10.705525918774939,1.2982121194438785,3.2982141901004005,38.20926820436439,11.86318430181572
-10.639018946029244,1.3016319723429073,3.292458637331402,39.33803930188776,11.877668565803141
-10.665577979228118,1.2980791971467738,3.293587864908711,38.56260833933932,11.891496666092078
-10.58056835589115,1.299884673861447,3.301720130291317,38.72705368150106,11.858316645588205
-10.633832135664429,1.3006309078480731,3.3017987557039317,38.66679858766792,11.86013639381362
-10.651430795034933,1.3040755383416924,3.295833485679761,38.57502755419779,11.93630500942202
-10.644104024165538,1.3007789146945874,3.3062295414485274,38.90640728206326,11.92896469108542
-10.600121843063606,1.2998697183449868,3.2955600736115516,38.641779081306474,11.893536951450479
-10.658537571489553,1.3029219120488889,3.301029075838034,38.1187419782483,11.956802124458658
-10.636435256625646,1.3019326693177935,3.2983390421706185,38.62000572025293,11.852707089918242
-10.61634722294279,1.3041209519999104,3.3004277920968703,38.949961152375664,11.95436319390926
-10.528951344697312,1.3006890919456786,3.303594133066451,38.38116610907021,11.90152785091555
-10.652012679459755,1.303307373979512,3.3030293680652423,38.92870663954467,12.039143333313858
-10.583218719603954,1.3079973944252568,3.3028313690550855,39.30577041720009,11.817160247876831
-10.565082263190716,1.302752064631901,3.302320622509667,39.46180780154702,11.843511744466392
-10.706909645044835,1.3037761990631231,3.294909022233029,38.72124630736762,11.900115884452406
-10.590160455600673,1.3002525142897072,3.3045381185249987,38.09781883068201,11.900236981971375
-10.643092994745473,1.302040220572625,3.2957588460249467,38.97286201135921,11.979083792293471
-10.608058473047834,1.3048369196094753,3.2995758636326,39.170751584618856,11.849361927288241
-10.634940215036748,1.3034286834460331,3.298594692314658,38.45150590117214,11.929232637443647
-10.61928732991273,1.3054880342243875,3.301400493170491,38.7323521608191,11.943318120524573
-10.52208994929108,1.3052794106947712,3.298061139014498,39.14925988183579,11.921637806405302
-10.472871543682112,1.301963502145302,3.2993659575487393,39.76916109376557,11.839568204879011
-10.651689676585361,1.3067998510018075,3.3064754721532372,38.59428077194692,11.95922070900976
-10.621003404981858,1.3024531827732417,3.2948189865072646,39.11449554701428,11.95151587854848
-10.602097446191754,1.3035776469820948,3.299990134273194,38.922324157106395,11.92124781450441
-10.512444578467523,1.3057350098032028,3.2955434913429293,39.0548818552065,11.902706999496859
-10.5511765220754,1.3085782333757012,3.302697398558266,39.42983474690777,11.905018089102903
-10.545053473978308,1.3036041674470416,3.297093084750092,38.57732413725544,11.891000996010192
-10.534757657151387,1.306074594480297,3.300154145761007,39.02264724581548,11.928204139589385
-10.585790997881857,1.3062581318228774,3.2947013402642553,38.839292115559765,11.898950699649548
-10.444485083155714,1.3074272233346782,3.305166159324779,38.50826185064687,11.85619873583137
-10.519714446063848,1.3086465114816104,3.300291159667689,39.453604442056275,11.84742835998849
-10.576661162195297,1.3056357687290623,3.300551062057591,39.17828454621007,11.863490993738548
-10.561711447463365,1.3086325958850065,3.3033162464840533,38.89012886690053,11.913436165790324
-10.4660522102869,1.309434015692423,3.2949943658949454,38.963343981684005,11.90222036858729
-10.569785714479332,1.3105052496462815,3.2975399107650136,38.860517334858294,11.91557579274291
-10.4926819779647,1.308104608617113,3.300680216646319,39.29758467427098,11.93109151473218
-10.557204141789382,1.3075785258169872,3.292952046627167,38.90674976876835,11.87592885539167
-10.616168850583689,1.3064768198724428,3.2933814932592296,38.500662161579164,11.981823718708863
-10.48552985771666,1.304669786660964,3.2967149506981763,38.822108455127434,11.896402718796343
-10.57160197583144,1.3071930465282264,3.295436009427939,38.85194629943459,11.889366178268252
-10.490897271096939,1.308134232421459,3.298624546612318,38.645168196652975,11.936407800449802
-10.459360392556842,1.3078505733562178,3.302089728566422,39.21460870772721,11.821715609441018
-10.557193638427368,1.30942438043071,3.3029995213083447,38.56840621687042,11.875268674102676
-10.551515417742657,1.3054793577142847,3.307237642593741,38.51523392872981,11.965104935725293
-10.51034366038278,1.3081818767843818,3.2999095022241742,40.256565494355115,11.830437696801795
-10.525994314453417,1.3126928346074005,3.3006174351934736,39.723951934922155,11.974446574887136
-10.441634993257223,1.3108513005826672,3.2999004777514562,39.17430802989352,11.99538531549448
-10.528251442083997,1.3102486160654598,3.3012810730586923,39.283903622755886,11.902617868771419
-10.48862555813872,1.3099530466791864,3.301593469633299,39.43112809873091,11.936944924840558
-10.537969046460246,1.3085955658773627,3.303688471037924,38.89388438260478,11.979573769780893
-10.496436870979661,1.3059723265079433,3.3036728330064173,39.12022855924998,11.90154653938149
-10.539238812048406,1.310548039637309,3.3020774530913837,38.81665420107016,11.96954278811761
-10.540370833037244,1.3048895076191012,3.306040691286615,39.42152649781949,11.893865991563565
-10.471718813302356,1.3092870890521233,3.300107028238555,39.56433558422694,11.904814117635489
-10.499161531435275,1.3100819620915463,3.2975537292028094,39.62644448860632,11.88999956762698
-10.562718239570254,1.3093452109551686,3.2982078197916485,38.98096294876299,11.948372242683016
-10.465996984972064,1.3147318895171232,3.2995766606122308,39.93512801729099,11.990413136325119
-10.48537937429136,1.314186549365953,3.295665459675868,38.998700807514204,11.924585122887692
-10.475842662308047,1.3127514251628796,3.297546529755387,39.86708686862159,11.871505657822949
-10.384472661465498,1.3089822722979838,3.2954406494863924,39.04573479199012,11.882211357238724
-10.609970015716398,1.3148220556494183,3.3013758410465397,38.261083844339545,11.9573564638232
-10.457660881549979,1.3123626263280028,3.3014152843965126,39.895801447708465,12.03111329532766
-10.548559413327688,1.3093853445976513,3.2929243398928305,39.16703202234037,11.95987586964056
-10.46150918629223,1.3114784954054273,3.297383671427031,39.284630628850806,11.922128075862599
-10.536271305613779,1.3134730998067616,3.307300755383681,38.783263550395986,11.98106649972955
-10.529175633101081,1.3105002009049105,3.302519120031238,38.603589098797976,11.932067857418042
-10.389433735562298,1.3121201413372139,3.3018173460121805,38.921031859030755,11.926415081484144
-10.34032151168188,1.31261224503241,3.297342986971068,39.374775890334654,11.898693981073084
-10.522063613522393,1.3099168876556644,3.3011491302161566,38.89579250717546,12.018327988912239
-10.387884027058593,1.3117167912659142,3.2999419603264477,38.44799995473805,11.822234752970507
-10.485924589243846,1.3103434992977792,3.296813014568142,39.705654506818604,11.990378678255759
-10.351869491206092,1.3142682640823058,3.2980248420597063,39.12837642968529,11.928589983428974
-10.581711077413585,1.310850366524078,3.2981149863250456,39.331941639932445,11.932552623915349
-10.48273922887237,1.313384669506543,3.2940453069559754,38.752262316053006,12.038978741948915
-10.486702429611007,1.3101543603341006,3.2947057309368124,39.08853214486967,11.919950622051115
-10.583144836719525,1.310800423051864,3.2992021248677053,39.222634850387166,11.922948755701226
-10.475012535693342,1.3108351641218186,3.2966080076344677,39.38371329769871,11.951728357766003
-10.353947010771343,1.312750400805056,3.298796327454149,39.18492171614988,11.980237090208496
-10.480634825491919,1.3138199238284882,3.293577388633507,39.242447913834106,11.938749353219341
-10.363351768524655,1.3143172556874736,3.3032053040283103,39.54367513054852,11.883447362732456
-10.354398719296627,1.3101708245828168,3.308321917766081,39.23203074437769,11.920154287934368
-10.478565465130458,1.3135045213545213,3.304109582398004,38.59738175280372,12.028805473585875
-10.438212711280437,1.3124661070728338,3.304522138780641,38.87374779365996,11.969777875326404
-10.555617558291464,1.3151599957872058,3.3025044899920024,38.73707331380121,11.989894301729601
-10.475580273661285,1.3136796805160649,3.3010623433645843,39.05926296437962,11.955570400661053
-10.366013181723678,1.3141755230198249,3.3003460916026413,39.904925815795806,11.936968696707714
-10.472986363202443,1.3129684271747455,3.2963418935482043,39.417020247564416,12.055124746737704
-10.405701105224349,1.3180276594341918,3.30276022304411,38.86217228663023,11.963139921548425
-10.411122968571679,1.3121301339329414,3.3025228337965875,39.91236298088869,11.951684783199347
-10.32382208472104,1.3140156343072789,3.298147961654873,39.320823960496945,12.029964656064104
-10.433444887661505,1.3151469804758538,3.3021040163316435,39.40202448974373,11.940344253338276
-10.312205760935536,1.3145446068129985,3.297224218798865,38.99999374024562,11.94803108575268
-10.41336230032625,1.3136338540278711,3.297478978525486,38.992380731631044,11.979585392077608
-10.317180902686925,1.3116516025521827,3.3031004213963397,39.780813574898694,11.980392566435366
-10.496516845768973,1.314004032106866,3.3017221097342073,38.655417350094204,11.994666005534704
-10.455434329558916,1.3135791889258597,3.299072222653053,39.11119985647357,12.08757561820076
-10.44393511985733,1.31896613616495,3.2986093353808164,39.30049405947407,12.001111625444734
-10.34176614719559,1.3202456186215905,3.3006990909972242,38.9072929854743,11.866703863306057
-10.342071066069511,1.315721986341758,3.2926583978050736,38.60484525864904,12.003229130961977
-10.383137170042385,1.3131201945244098,3.2969689223286096,39.59667943982728,11.99011605499676
-10.330436904897471,1.317510720614783,3.2949395635479366,40.484479220733945,11.991702652206822
-10.446582768788973,1.3141761831197347,3.3000474122706405,39.290380934038225,12.003135811506864
-10.446513515857003,1.315142468697417,3.3043544738426487,39.36727178359702,11.990713001123897
-10.393210809334029,1.3150843495838538,3.3019086348779116,38.85994949841993,11.990824929836863
-10.410762132842066,1.315441030777147,3.297954008127573,39.76634562331379,12.025416488557353
-10.388333435560558,1.315831342860744,3.2971736126248734,39.072626694684,11.968969081468872
-10.422169195966767,1.3140112610865444,3.296984534407286,39.621148536674596,11.949997722568531
-10.38962105569897,1.3153304522150644,3.3079984684942194,39.46367695308595,12.149880079845696
-10.387414226826841,1.3188693081918847,3.3002722491860372,39.47785031793858,11.964207127810939
-10.298066830414003,1.3168559643477162,3.3007990037611554,39.641188809413315,12.006316138408428
-10.340552094676344,1.3172660756858208,3.2915554814963675,39.543469862163974,11.927834948105744
-10.34028722525484,1.3126420257242764,3.295276245662425,39.432781640692895,12.009750299423976
-10.31705391739665,1.3190918605562825,3.2998232924725195,39.75359739015559,11.958574444396719
-10.409800562095258,1.315913715148856,3.2980073517217283,38.8899793704363,11.984420818367868
-10.373052038067348,1.3196198374268566,3.3005322323208786,39.15836777566875,12.06010631778092
-10.262602530307607,1.3177662723779884,3.3004795154840605,40.06203029812967,12.032762032381852
-10.363153464069613,1.3164181088897948,3.302401808988081,39.34285561321668,12.03889032523949
-10.263213998386865,1.3142697936274288,3.2925233534341087,39.34319607427606,11.923217702808127
-10.363420671084029,1.3220568795636538,3.2955790856670584,39.6871064090333,12.10493057470105
-10.308391632388371,1.319394148554263,3.2996015506882213,39.71818924943751,11.95479937300931
-10.381147194735991,1.3195929145681966,3.297410387166733,38.71777786185574,12.092128827587576
-10.34432507135223,1.3215821723169867,3.2987588896567575,39.603322469613644,12.068085029568087
-10.317758590372977,1.3184690755233648,3.300436109685373,39.4194178924582,12.04718119894969
-10.406367618100267,1.3208007138330762,3.297020267851394,39.47202538297251,11.976871699723624
-10.333047537557281,1.3172123973723329,3.3007690804903733,39.33818685536344,12.028506434364214
-10.340844621852794,1.319716955429589,3.302175938125379,39.50403111511489,11.998686476526377
-10.363261100615054,1.3170524662415977,3.3002603162723916,38.54107812190727,12.024989707293619
-10.252502893024175,1.3173744087780699,3.3028829111172646,39.13702014998647,12.012348849299382
-10.326988729378337,1.318644194362446,3.2913082344652835,39.64206300750368,11.924216197495676
-10.443147261251491,1.3159820571804712,3.2976558601891592,40.162280016582415,12.08353969314825
-10.27909084842815,1.3192409551037942,3.3035693236356143,39.588728422943106,12.024698367928599
-10.39940384822854,1.3180220267985845,3.296542587708118,38.92407042448096,12.005816398508511
-10.425401144351492,1.3147332385512793,3.2959997637614205,39.20336180119751,12.003342177338807
-10.275624518771624,1.317854027929826,3.2994949272403784,39.09138124811245,12.050583041273928
-10.286712083131723,1.3181388048207259,3.2999307238768933,39.92650519278969,11.989273147215648
-10.231250930588686,1.3205927157876802,3.29786121228171,39.55673006075176,11.922502441313648
-10.350125551268784,1.3195141290725245,3.3073742953379544,39.721032111166586,12.056917293181957
-10.406845782340708,1.3218939255724922,3.3011459630152116,39.124926446342236,12.06381484063859
-10.37435654723172,1.3200930008546563,3.2963884684755396,39.70807112284023,12.029176266432135
-10.293224274968248,1.317997209404809,3.294241970248269,38.764113289486716,11.983060135322617
-10.381542657727092,1.31903930777646,3.3016223061680097,39.24670587198385,12.046198707332485
-10.245317430737723,1.318509366570142,3.2962936850300975,39.725200589080835,11.969821168181674
-10.299793724066124,1.320229381932406,3.3086104772096503,39.29307220147615,11.992981293504501
-10.265224831486513,1.31941958786761,3.3017117712169535,39.61335435511731,12.008102119031767
-10.304245843686704,1.3180878618918437,3.3022398878854897,39.5285259218954,12.089127293056647
-10.257539251503054,1.3194057464937523,3.300994748674155,39.90445484102148,12.030092222159302
-10.24599761290693,1.3203529947617927,3.304486277743627,39.75661532890399,12.02712096116938
-10.354009832306081,1.317458398515171,3.2904186052222397,39.44915158430147,12.148539476925269
-10.279621732909675,1.3201443844657224,3.2951869198640726,39.79254199354893,12.069717578159514
-10.273497178052727,1.3163906403108074,3.3041365520280617,38.911784933598575,12.070332789165894
-10.413002864191396,1.321795300093694,3.306002319647352,38.873030304337256,12.036185620387206
-10.22013502472425,1.3206731785238448,3.295058871895287,39.005626325247896,12.026138627420782
-10.207497851843756,1.32291054841957,3.292725475335831,39.80444504965314,11.947922376612105
-10.258843647059864,1.3174504583402595,3.3006700871480676,39.6478382728788,12.106964123201015
-10.354194833861142,1.321980724562679,3.3019416496750105,39.84572836042294,12.082225865612978
-10.277547065982827,1.321614049833615,3.300589529508712,39.58557226227854,12.052134225681382
-10.322439266303816,1.3194051907464686,3.299761483696222,39.10244088519926,12.055512172153515
-10.23139907436695,1.319042027733423,3.2925925798055706,39.590802175981764,12.100460514759986
-10.300399269312823,1.3176491744353656,3.2984999594436633,38.64903290200025,11.987196380527438
-10.293215906403292,1.3171504899326019,3.299096395876043,39.25027767696992,12.03671516392876
-10.189056055313703,1.3183607724153548,3.297807039193947,38.683046783350775,12.010670173158532
-10.32884674983844,1.3173713088330388,3.292325046292425,39.473714755978996,12.157335581401062
-10.321660746150132,1.3230924099917925,3.302338946133299,39.244959130526986,12.113816385749436
-10.131860162589204,1.3169134505493034,3.3034630499263518,39.6833694058527,11.961171135641083
-10.143884029684434,1.3202304179244022,3.296821421757222,39.33959826239034,11.996888487347901
-10.189213451291046,1.320817591847593,3.2992561135674787,39.3540304816538,12.067228704240824
-10.170363877695895,1.3206732157043986,3.298012353833976,39.93631880096378,12.051491990612712
-10.21112932588546,1.3208593102124662,3.298051230934239,39.00331337908767,12.010161474057814
-10.288481034267445,1.3218705286814036,3.301972663542427,39.625313007369094,12.174883825413279
-10.271522716989455,1.3190933573951296,3.3020692758078285,39.132465755239636,12.094536360036521
-10.223864662684981,1.3201662547343949,3.30429908495175,38.87986964316269,12.103912328966631
-10.233660965169275,1.319408459736361,3.304215716080091,40.02321562330775,12.046831387497912
-10.260553524963017,1.3226035405230276,3.2993127756271137,40.01056525261188,12.118804914104
-10.168228991442152,1.324199604803321,3.311368417744451,39.447754856476166,12.064927066160198
-10.132794970825703,1.3176118659841343,3.306199807831315,39.51470010013487,12.071037444725802
-10.1995433908311,1.315935869310196,3.2973674402539648,39.500563365527576,12.117008978431489
-10.056989155101354,1.3211331486938578,3.3005063951463685,39.56199556918657,12.006261633163806
-10.284834856004636,1.3221309231967582,3.2920567466830115,39.17679134673583,12.16881386548522
-10.314617756153634,1.3238979015978443,3.3001090305313077,39.55078886970306,12.099331200587477
-10.186122998009095,1.3214519753619083,3.306694779050263,40.45731151854453,12.155506500147423
-10.213595353980866,1.3227584830004129,3.311125217881473,39.43092537262142,12.038934110481543
-10.184703312983123,1.323276248414009,3.2995148858705416,40.03983505076476,12.047790885743714
-10.265687620248528,1.3228733686204057,3.3013395295401318,39.609781519570205,12.037096385841537
-10.245940230773101,1.3216923014277764,3.3024212481155972,38.83922544180784,12.108946723224191
-10.274692704558124,1.3173502108666988,3.3079188142860936,39.44084015901084,12.10096961143306
-10.194533197906752,1.3198810392898688,3.2960681026480096,39.5509127549621,12.075686602617276
-10.175579049395578,1.3204794579569332,3.3106220521948773,40.23465709710822,12.049438598125866
-10.137364175420092,1.3196598652778893,3.2987317124529287,40.32733300283167,12.038045201914455
-10.095996927921634,1.3197618640774034,3.295319384244318,39.95872602125542,12.100181847974168
-10.11650078747757,1.3229496128230083,3.29873895518431,40.25270210002173,12.080555778143818
-10.246104052942504,1.3182770650298872,3.2967615799772143,39.44924786744202,12.070781864759928
-10.165266418548686,1.3213628976840386,3.3016770227665004,40.1172095796821,12.183641785705895
-10.15145963706441,1.3203702356035982,3.293390423449464,39.73721571217893,12.103394100953953
-10.194993623053477,1.3179933438951001,3.3005665601522436,40.049082604342544,12.172233558181455
-10.142550537775348,1.3175247611251817,3.302655875757412,40.19466306620744,12.083287758883154
-10.145510096883418,1.3162433908696864,3.305931335970038,39.99556011856472,12.123406045442884
-10.188931219994668,1.3205837358509394,3.3027224243504785,39.32550241376536,12.109608177211957
-10.114443651089378,1.319451159364598,3.305685097915993,39.60289512882028,12.028713469729823
-10.107750733487185,1.317889670418036,3.297577329309167,40.08540065798436,12.186221945022721
-10.179066872031322,1.3157511031757452,3.301576761024976,39.99925041742722,12.109255608139424
-10.21779517165815,1.3203293381221155,3.291083092022155,39.62776571287259,12.15454024952843
-10.119370618079934,1.319075582372432,3.2995440481645897,39.636342312224116,12.080821720792203
-10.195306670713217,1.3179532915176826,3.3015470051296383,39.68594217062525,12.111382501598586
-10.21041186335867,1.3174087642001333,3.3019089301704043,39.467786005332584,12.077481388961454
-10.177404119414604,1.3188143867350997,3.2937036913142705,39.53602717023746,12.183820917060908
-10.04382159324654,1.3201847539206983,3.298439336356397,40.69637020001694,12.138786123156576
-10.131561461606124,1.3185365533045952,3.29899695799657,39.54668227173551,12.142760649130917
-10.140421774811244,1.316769763053798,3.2982836996147022,39.92227183966775,12.193507128616478
-10.271009918853583,1.318979404129127,3.302900023386558,39.51914986939976,12.184602543367161
-10.104247030976358,1.3211341330965236,3.2991326902616063,39.300887074612355,12.166237748777252
-10.067362253027843,1.3190695072662426,3.300397307842394,39.36086819461901,12.058066961690615
-10.128114625515508,1.3190703070063359,3.2980415216029244,39.711323778572805,12.09554962124549
-10.066813796880536,1.3182251679899069,3.30425929776736,39.08529449762931,12.081316937236155
-10.107795433092985,1.3170387867450422,3.304556936745259,40.51657144451548,12.16906329174699
-10.164748420921837,1.316912494923906,3.298766633022244,39.52585727401381,12.142391941020446
-10.039335426042937,1.315373328497161,3.311402356932809,39.74405251953284,12.065503910629701
-10.01455755382286,1.3209968113257624,3.2969340888090675,40.460110381413394,12.126759939271302
-10.064521054150228,1.3194951719487737,3.304028787655521,39.8146701165533,12.062656557749147
-10.136015524323419,1.3186697270214032,3.29619599730165,39.988386220808785,12.13586675956702
-10.051649062555999,1.3190289994140603,3.3030920969930513,39.667668029465275,12.056915730898174
-10.041410684817716,1.3190485690981284,3.3027800159738656,39.93535200525685,12.167282843504998
-10.159581690481932,1.3168306952410118,3.2959530475305927,40.06822788188808,12.160894031457158
-10.086623959097956,1.3175781470790848,3.299477588141978,39.4820267732835,12.238545052745225
-10.132600287882584,1.3172077501151283,3.307470957785458,39.94589346408994,12.186690295150683
-10.042708446242024,1.3231051285734179,3.2967427937190075,38.94797849201727,12.124297173282777
-10.11919792483029,1.320047420656683,3.301607463948472,40.267806059291495,12.18748987711281
-10.06104568941074,1.3182661458734957,3.30134193554514,39.6553420609928,12.077843873983781
-9.943597552448683,1.3205843491162217,3.299830868181726,40.07854190232141,12.100741320918509
-10.148996490501156,1.3202523967891981,3.2930754784498366,39.6628255752076,12.166657126603756
-9.970121120302386,1.3149312579349635,3.3033145001372533,39.669815038379426,12.043219709976261
-9.945466436163134,1.3171645389002133,3.3000464651274735,39.68841499336891,12.150403469641518
-9.98071165330635,1.317494194492643,3.3044153826908107,40.247114498575414,12.102374761217195
-10.126821778007585,1.3186651622711472,3.300927032420811,39.97369063732509,12.15957677523068
-10.09144758560364,1.3169080556855908,3.3002578769263877,39.46299543895814,12.101745159545795
-10.094271983561415,1.3170715920192604,3.3014901641305494,40.02788152516738,12.177961976287545
-10.026648327649065,1.3162572545932343,3.296049876742226,40.16986101473102,12.158830548278932
-10.054162883720652,1.3191878122514895,3.3062324249090747,39.74038659369614,12.228994075114029
-10.106250511992961,1.3141119492541216,3.2984983426288617,39.270100801673536,12.160421081479765
-10.05999922372866,1.3160513142982033,3.2985497538629094,39.864984227155595,12.122757742255974
-10.06643562895007,1.3131247780951363,3.3051691852690075,40.01316149736252,12.149948048619036
-9.998226249089523,1.3146576771314258,3.3009893687820266,39.9800014854283,12.096179890653671
-9.909127179290415,1.317254863823337,3.2990541998728156,39.944748015924354,12.184794831591246
-10.085860736537501,1.3171951046272843,3.301655280374213,40.01506628641308,12.195073607909382
-10.13253812050465,1.3157974415451617,3.302503936314506,40.241053559583435,12.290130871740523
-10.06170052860537,1.3185715733655428,3.299526641493025,39.56848019702778,12.136666071511005
-9.961497556848927,1.3189302238863168,3.303689320340059,39.95780187522252,12.155451749624762
-9.991478592518483,1.3159809831009857,3.294917782521357,41.1142998554748,12.141133944855538
-10.059535395069469,1.3165163755865659,3.3010472391562193,39.99727627509449,12.181604713835451
-10.028835849104613,1.315005273448479,3.3032010787366253,39.4356055349559,12.191157457629295
-10.040749035831839,1.317057778599286,3.3024871804198033,39.72746889732809,12.170474814789745
-10.001064501050232,1.3133083194837631,3.291035802169303,39.69510268155533,12.228527182556935
-9.812239945897598,1.3191793520052895,3.299493629777851,40.5276773957228,12.14442592450349
-9.977396931275567,1.3177577077923415,3.295143852349898,40.1682970072018,12.225644278082276
-10.001903886641191,1.3129687607497398,3.3051430868173477,39.7415973526372,12.204317787191128
-10.019527921899767,1.3136762824702486,3.298437304392013,40.703468552365436,12.177845340030455
-10.04972912289756,1.3159833612374843,3.304698815410159,39.934595084477905,12.16375054813334
-9.990712675357692,1.3143497527547803,3.2951318246329895,39.83628263481792,12.301877894882182
-9.909950223293233,1.3159997010048516,3.3015625711362606,39.69165084214555,12.140737763875764
-10.00362095399541,1.3140748206661885,3.3000317624082185,39.63485192416205,12.197525087551037
-9.873721528844303,1.3177252217383397,3.3110562770402225,39.75414741436043,12.14615423049823
-10.005722287841525,1.314573079465758,3.3047117107505124,39.91232820226833,12.273979480028764
-9.935105057273825,1.3192773344694244,3.304455537079883,39.77580441502512,12.23006950123291
-9.921762106386888,1.3155202341543188,3.30811123096789,40.47006938588453,12.152836897049228
-9.977009159727459,1.3114936441024776,3.301135070365063,39.81220882531547,12.213406791326777
-10.014375944462417,1.3182419343545737,3.2996019749558063,40.3073285077301,12.201680903378778
-9.94353233363169,1.31614171610168,3.299145904481057,40.30952226383647,12.163980360470017
-9.913223100240177,1.3145790085295486,3.3013112666306843,40.431756819257274,12.228731676944738
-9.982090105318678,1.3149852829307136,3.2889195095272368,40.39451941139317,12.211296970149396
-9.917955783545516,1.3111861825279818,3.300009304830833,40.961417811134666,12.20362121860026
-9.99994355752829,1.3098267509033052,3.3009071661485394,39.66051393020838,12.191741208330773
-9.897081075434569,1.3132222076101558,3.2993765980904484,40.54423755982513,12.216387139129038
-9.917148514057999,1.3159324383235327,3.2938763699015223,40.3249505691195,12.20729730881344
-10.000877700064594,1.313834502632383,3.2994006536562126,40.423556786743184,12.199772375348402
-9.921773997822598,1.3163286219598587,3.2938652031629543,40.20077101477401,12.165752948730642
-9.907902468977822,1.315418931382892,3.3070950309579867,40.654599583458705,12.283474326502846
-9.967813960158606,1.3126829451023798,3.2989705992021277,39.547730826130454,12.147243502632822
-9.990569715901527,1.314873516687257,3.291749183787255,39.61713713989483,12.222120992851645
-9.908876491089975,1.3154145163915698,3.29917395619372,39.95456292133186,12.185698005115329
-9.825794088343427,1.312071342480917,3.3035815935459487,40.31851193864874,12.290654425757163
-9.924667147295716,1.3116656046134139,3.300704312296059,40.16920809218989,12.15846609679869
-9.855897551914452,1.3122345850799613,3.296344575700661,39.992193989834526,12.167836344930732
-9.861239872931506,1.3069894865013105,3.297287007260632,39.88117125922383,12.157063993934816
-9.941651027832533,1.3122328843826825,3.2988526110210383,39.854581889070296,12.222679625255656
-9.851300636774807,1.3129707260989132,3.29824134628799,39.61367603639742,12.138801383756249
-9.907305461990243,1.31167582382606,3.2949617354341885,40.070135103241014,12.18447108639981
-9.857163475307152,1.311932234845406,3.2997296090093986,40.262310492281074,12.10171884680979
-9.992299024007348,1.3110111614256408,3.2946650630618692,40.191816531864966,12.22229384699636
-9.872682979867795,1.3069584534047252,3.303796179383529,40.32138272763026,12.186193674398979
-9.789687363268172,1.3141312356391694,3.304284423395598,41.137984533894915,12.137729197159372
-9.901643564611891,1.3099231144330394,3.2959872502530665,40.52166220821672,12.267336082835687
-9.776943545353316,1.3092751461764978,3.297133424347646,40.7410382504706,12.148591789827007
-9.857288814963555,1.3130777658627113,3.298307999459465,40.431303090269076,12.254737767528807
-9.85535294667277,1.3121695260257693,3.2998739288227434,40.50358417646264,12.180749898902205
-9.944145414159614,1.3106078038909739,3.3010273909737284,40.023413291795535,12.296787757512698
-9.911471833534733,1.3114491924801055,3.3018522108633652,40.216904964404804,12.255089838249994
-9.923715927085683,1.307448502498041,3.30175888744587,40.92119097567547,12.16810889742102
-9.850916065631669,1.309443973410928,3.306215462211349,40.27014604094933,12.173551982875237
-9.861331208190293,1.3120418818514483,3.300241456262606,39.74459156057722,12.250573013091921
-9.74260565346607,1.3079438616375607,3.2947900739423837,40.79351187629102,12.208064294507528
-9.81329777554385,1.307146602219359,3.293563274260641,40.72348791204194,12.213598312894982
-9.930070823415894,1.3091449039932244,3.3065431474999283,40.201667725515144,12.286555390731822
-9.911164468032347,1.3090355529200965,3.3020386234737997,39.42633288345329,12.186382768850011
-9.85534402230566,1.3099696533596668,3.300825809325857,40.803954512551776,12.229251404845472
-9.81298037367526,1.305760613950136,3.301796045784705,40.466001943195884,12.273283331926308
-9.868440543592572,1.3032599263520992,3.300641075699528,40.13901552856006,12.266868748486111
-9.79562448135677,1.310042268270228,3.3017327556124703,40.88397469152779,12.21928886193918
-9.83294014677234,1.3058743405445372,3.2985096463257713,39.524264323089916,12.213676495637376
-9.739969522458022,1.3066602115438646,3.3042207863585498,40.56480544623718,12.142028967808711
-9.893057263867831,1.3033530089704488,3.2979005390216423,39.99756814281996,12.177001083302434
-9.732507290866272,1.3096040050982534,3.296386851526702,41.13184391164204,12.246570510950775
-9.881275931393292,1.3080969803975433,3.2932366214405064,40.33460129705124,12.224593265569204
-9.769401423729605,1.3078542539955147,3.2990491011640555,40.11533526792989,12.236064147152968
-9.854646293031946,1.3076777851469865,3.3050700102456103,40.74600130157726,12.285106468918793
-9.786785808859914,1.3027870222672335,3.298170599430046,39.4428155368509,12.17459918947475
-9.815269745299972,1.3047729601739853,3.2944858085000646,40.57262119314956,12.22297343194409
-9.793282243411314,1.3056752699776082,3.3011393123558794,39.90811888040067,12.245030627434785
-9.756041612771602,1.304916169708609,3.297395728814904,40.302941717394376,12.201195229203291
-9.770582447150131,1.3057050747792915,3.3061930683849083,40.36256417452225,12.308780727819524
-9.733738913429695,1.3065744640948,3.304298391061653,40.89656713258616,12.283435342168028
-9.780053076412532,1.3079284449600375,3.2949164208205017,41.32125838533271,12.253307267114824
-9.731956182392887,1.302788213418099,3.2993044210591242,39.82426645665574,12.329302241980617
-9.744085913522364,1.305563566063455,3.2969789146257322,40.690349866421194,12.16543137982681
-9.719516927752728,1.3068365145269776,3.2953579816556755,41.44194859529401,12.24077074412988
-9.765015714339386,1.3033970389078264,3.2997762620327604,40.24079669663752,12.260250229726948
-9.788896994573927,1.3046909183361868,3.303272931055249,40.16820639816315,12.196977345972789
-9.772684740674308,1.3058406801491325,3.299673170848656,40.5490090168291,12.25850792168039
-9.715422648787742,1.3047606119406454,3.2979353949934116,40.90068870745496,12.188905530817502
-9.789714258484466,1.3059168472145126,3.2911750539352354,40.68361069926471,12.279520332462216
-9.769438198625446,1.3045877575538893,3.2973367387210963,40.3176427623501,12.298637351693143
-9.719899982273295,1.303604210794633,3.3022072190457896,40.2391852503182,12.260110751439065
-9.717350046056122,1.301711769004719,3.2946322362734457,41.09175188570275,12.154597965833357
-9.911989729195236,1.304380469297146,3.30513024847169,39.866192237753744,12.199637248679855
-9.670211130557089,1.3039147254651635,3.297665460552613,39.89310371659445,12.27694677192717
-9.77244295430595,1.301557480685555,3.3007748792799183,39.873755883539076,12.250500815866381
-9.73337684544174,1.3045353513976545,3.2984034433780876,40.30279037925469,12.115465615735525
-9.847124804515673,1.3057349250344825,3.295294733038313,40.90275260233349,12.31302736594774
-9.769492709674063,1.3017064865375363,3.301761184218993,39.98566976167349,12.258433995696318
-9.756464499751424,1.3013987725437277,3.2976079491869927,41.095838266862884,12.211357970689315
-9.809562797388665,1.3011528865313056,3.296667875343847,40.90360196500826,12.302765213622198
-9.761754199737139,1.2991508031711232,3.2904954029092632,40.56658406255658,12.219841345865847
-9.6860710283122,1.3063438412760706,3.3052107470932124,39.60822024408648,12.219991822966717
-9.619510731282134,1.3012636809581197,3.3000245949932356,40.28735481256888,12.27302330004937
-9.724977303056777,1.3002709525782368,3.30442627755022,40.29663089253254,12.344843972268343
-9.70023648820612,1.2995605686696945,3.3024807696279836,41.29180772054796,12.337652920100528
-9.755962349062012,1.3008643035093252,3.3044257296727007,40.26040816232621,12.27513576515584
-9.726932187556754,1.3000758144767188,3.297743420738789,40.23696275686422,12.280941206392953
-9.713183804718538,1.3041682626921633,3.2945101775523957,40.64895317140293,12.2980636947367
-9.724472315171548,1.2986204253954508,3.3030507715016553,39.98724510573715,12.196301467792852
-9.75531450465886,1.2978665321414466,3.3005207949746627,40.479522392462826,12.29201503799293
-9.641391047721172,1.301872796486204,3.298134534468318,40.39779496763879,12.223755970939566
-9.650914900055044,1.3003803844669013,3.302970853630968,41.77327011200715,12.277030612121798
-9.695999270801474,1.299974431628723,3.301232522380231,40.24095190107717,12.250375420741474
-9.787335883124207,1.3013650856265573,3.3025557538965384,41.19730209996454,12.287446328497529
-9.721155668774443,1.3003447095215825,3.2959104222767825,40.10162185794366,12.268923199962575
-9.707498696178465,1.299803118757594,3.3039104658479848,40.69011277450563,12.109993620257525
-9.695187507407173,1.2969109372743768,3.299981477296007,40.80975058513466,12.273211807046875
-9.693345573093563,1.2962115358790904,3.304339480686083,40.670014684888756,12.296991925472641
-9.717401198840328,1.2979724005584654,3.303873013281863,40.59735791737483,12.287792708655836
-9.67034337353444,1.2970301063107426,3.3027451919702195,41.00389586657293,12.260973952643038
-9.70085694539869,1.2995628876728067,3.299555495155431,40.76523328950434,12.34881322704224
-9.674601865642316,1.2952527604274844,3.3028382768924853,40.58163532237086,12.282870613712593
-9.762681242471418,1.2977816717986412,3.3044431422145153,40.20486422143524,12.289777348032997
-9.718380180798935,1.2981557448317924,3.3024269314615338,40.49694256710369,12.320704903183135
-9.658976849784656,1.298248600639867,3.3008103893830283,40.61081110475524,12.287191472444636
-9.554766229947047,1.2989519837108598,3.3028473953772512,40.811361582520995,12.22473732621904
-9.624739512104451,1.2973272593608138,3.297897182018318,40.78100078482925,12.148292601107796
-9.621853284713623,1.2964717941071775,3.306055958199344,40.192564584902364,12.246919540204054
-9.630621902622714,1.3001223438056384,3.2932726904623912,40.327724708639494,12.309383819930368
-9.664719684192557,1.2968201037442966,3.3001376108832456,41.00327013693398,12.254237519540105
-9.610342916221251,1.300125408891101,3.2983761683256345,39.879147010651366,12.312501870761611
-9.58828067546294,1.296464079285879,3.297436433226691,41.30225145335405,12.280424790058976
-9.603552983923313,1.296909199841658,3.3012207840006598,40.56932575385755,12.337931916586236
-9.616776167673542,1.296491882755027,3.295498097576862,41.4342363829045,12.259302801936748
-9.519239382299277,1.2970596989735428,3.308607728794069,41.452007453623665,12.297974185064218
-9.696222770657922,1.2955857088044258,3.2945915782467154,40.476594484402504,12.300412275542305
-9.554262186697699,1.2964460907988824,3.2961949279069915,40.80198906857166,12.350717456676229
-9.55291780540007,1.2991441498478016,3.29581726544948,41.5314687275137,12.190819590719018
-9.547319994721565,1.2980092246484116,3.3007939924657053,41.414653713930434,12.253739877773478
-9.677147212709672,1.2978523083840532,3.304058176424259,41.03480165131785,12.319589665022812
-9.622246493952783,1.2928866055331671,3.3021040276217644,41.21318351063653,12.354956975194202
-9.552193384484406,1.2930401990995404,3.305889377168696,40.46060446861108,12.29015873200214
-9.687283453159166,1.295666263408956,3.296690927818299,40.70755201375449,12.264007657640503
-9.655643623390226,1.2966029231908254,3.302634885850108,40.380562072565525,12.31698118882833
-9.774672467037187,1.2938542381014075,3.2987858534567644,40.00536325260309,12.323037494546423
-9.623758976469341,1.2933287903003534,3.300912296484026,40.8180371465353,12.262091044015794
-9.67684671081259,1.2973434986456578,3.3044347243716508,40.480769544541275,12.29705592851468
-9.659793017538693,1.2957598331822109,3.2932309187269384,40.61391411084009,12.340028019895117
-9.486649174073774,1.2963367477880012,3.307964034254009,40.826687620598726,12.375980350440468
-9.527903073801832,1.293171008997917,3.299419024007527,40.44240300680298,12.319038034197536
-9.697483723606057,1.292847455446235,3.2935734899711897,41.28374979010661,12.28455974941019
-9.57293188503179,1.2956193308270743,3.2972286099403423,40.9164668409049,12.280088688525758
-9.57124924497241,1.2930306290224218,3.3004092209282643,40.28062407964118,12.311096533977516
-9.620261849611078,1.2921693885387355,3.2972276958102094,40.83226466614918,12.277871930555822
-9.594559611556807,1.2914002348724596,3.2918084281979696,41.41943669581869,12.29356106379965
-9.555156031591986,1.2920400784321828,3.3003871962472107,41.27317892935007,12.231603283335316
-9.709037448732293,1.2946494050852477,3.297113001745874,40.37443613209284,12.349762597685121
-9.626849640425307,1.289717018290262,3.3026045598087403,40.54841772267725,12.228307718531113
-9.570001800811202,1.2938321161170154,3.2957264505578663,40.47716617311568,12.264113151870333
-9.585293762400894,1.2909958023572445,3.309046118206086,40.53251094021266,12.290994748267059
-9.678790030421283,1.291830445616883,3.302054516314929,40.37806549478472,12.386055327331588
-9.621288474623048,1.2917979518897595,3.3007871777737106,40.17011435056698,12.265757277546294
-9.57062864220476,1.2914889522956419,3.302492493666119,40.68115067190094,12.253970617543425
-9.512660064349776,1.2911968002950889,3.2927139506567444,41.11227130189054,12.260105074593769
-9.623376385616512,1.29072358386922,3.298012167574045,40.5876484350663,12.370959814696345
-9.407365598517654,1.290311324327156,3.307132083082862,41.27221016051402,12.147761159106194
-9.589450309435074,1.2939362515047914,3.2987194692374184,41.46987267197789,12.238599670328664
-9.627204694058694,1.2911899955684771,3.2997486967306986,41.479856740226055,12.425653571420565
-9.604286556426802,1.2907318676065156,3.2981340020712846,40.76425603723517,12.318980300823226
-9.503085432519866,1.2895390126261543,3.305858032250517,41.3459020023313,12.23447850041976
-9.609624233104503,1.2898576827655786,3.299021462800403,40.714092976056456,12.288017882565445
-9.447591910383494,1.2892371905718207,3.2949926587950498,40.909666600129825,12.293817020416826
-9.681920136016881,1.2918969058873442,3.310315260490206,40.18942956773478,12.333075535207307
-9.500178235304311,1.2887064375753778,3.294499906240001,41.03428847841662,12.383063818023928
-9.559231654236221,1.2855693074793546,3.29961047908215,41.315289604376886,12.310830205007939
-9.506083132342345,1.290027335604379,3.29663282278694,40.478065771720104,12.264721560968654
-9.490143591664484,1.289201626518877,3.2971935956775993,40.90487536084939,12.331367999643044
-9.479445184750153,1.288439300169533,3.295760670213533,40.90697299817516,12.257398384592427
-9.564161183385567,1.2912852484441424,3.2978400313563236,40.97042918544884,12.240935821353101
-9.46403036787005,1.2838471590983775,3.3039361330085364,41.17704554194866,12.204893358538158
-9.390705951176743,1.2923195622998114,3.2923920551110646,41.433482329016734,12.214912912213784
-9.570566831531428,1.2911301305254075,3.3050432303302175,41.617659231351,12.248622022413928
-9.381056623826522,1.2876192054232551,3.304353592266812,40.889688430273566,12.234824153360332
-9.520171266997428,1.2878291275394769,3.3020362369720324,40.589476478840794,12.309639237754986
-9.529375391664832,1.2895957123200907,3.300504681910281,41.04019543551258,12.234265492829767
-9.506265628569183,1.2895064818799966,3.301106556767294,41.56855815866247,12.137304839933062
-9.516461429326545,1.2870342776986619,3.305693649721107,40.38212595112884,12.24253953058818
-9.632593248158297,1.2849273702644033,3.2930168610620822,40.867362448058245,12.271383489883116
-9.534771514541767,1.2922480931643545,3.302909158759341,40.84992153580713,12.264939734900288
-9.57668592276402,1.2897936520411266,3.297015312186895,41.188343422428694,12.371418559869122
-9.569986596543554,1.2880567290951586,3.303302990088624,41.11130285152905,12.264989689752966
-9.49596000902227,1.2879571260506146,3.2975455986198408,41.02748670668156,12.339931853621128
-9.52941550017843,1.2887117060061009,3.302827479846581,41.13617805689882,12.295149779984026
-9.551819796319874,1.2888156491968579,3.2938060586597557,40.6330491859081,12.294191265894911
-9.511340163395685,1.283026204546744,3.293229706314163,41.29740939077444,12.254739438697927
-9.48791278995359,1.2863635840703815,3.2995477486383855,41.57878383260512,12.293765626429536
-9.485161614750725,1.286023043269445,3.305742120105031,41.069740974128436,12.25864060970103
-9.552994243582884,1.2864782041428362,3.302145137684681,40.730830428114416,12.3055816363352
-9.491251913077352,1.2882120367734677,3.3021164578508864,40.95943534413551,12.285447287584882
-9.482143883201923,1.2829606790165382,3.303440775254036,41.35159488794635,12.250202061752564
-9.593915365214512,1.283713970131783,3.29841209433757,40.79542288440223,12.347196201888945
-9.526772081196798,1.2849212150806917,3.3024429954425436,40.46659844277993,12.319105869493468
-9.4508790995607,1.2864668901303526,3.2976813081062684,41.47908371403955,12.275517400379366
-9.464209750698041,1.2876969999344265,3.298743940316184,40.67844626184968,12.305346209054742
-9.504672389361245,1.2891710080374572,3.2992406019740246,41.16045283604959,12.294025775391598
-9.428752976793065,1.285212338422008,3.2978178891617302,40.3959492925875,12.254977021747317
-9.549697568604786,1.2873237767881882,3.299735797819741,40.94386517797609,12.302015366926332
-9.528650250709232,1.2869619999047799,3.2989817676030757,40.91538107756415,12.267568271769784
-9.476796429704782,1.2865049742871295,3.297169340073965,40.259580144879365,12.251494786491394
-9.353039328184899,1.2852541453409159,3.2994375931613305,41.42704714640003,12.217720042914198
-9.462830034114974,1.284385833835062,3.300621064351581,40.6337957891137,12.281039283072396
-9.510424236327335,1.2829374177694874,3.2956005428418265,41.0130522989662,12.327423733099124
-9.367860868291508,1.2826894865303278,3.3016698256416523,41.09958454321166,12.264442087860903
-9.556267207050459,1.2855324376537112,3.2980252795240252,40.295243014786294,12.425304649685845
-9.362258857747278,1.284616185354431,3.3007928150980965,40.857191866484264,12.343641959654217
-9.53566348884624,1.28378193523567,3.2973388110399933,40.54239556768013,12.364656946159583
-9.55115062979638,1.2858316586437315,3.304201981613341,41.29066386983245,12.339279651770893
-9.525066835894425,1.2839913346862986,3.303824462842076,41.28419254605483,12.3922321091733
-9.462241275360983,1.2824574149280352,3.2958024449108647,41.95331801981893,12.26030441677186
-9.449633957603478,1.2836434341641905,3.3020999966796056,40.895981548392356,12.171677597191625
-9.29614571515891,1.2857115520894082,3.305785086230183,41.19008219431963,12.277462430454573
-9.456493492532003,1.28191834109229,3.2962072851514344,41.14096218660024,12.327728176883106
-9.43583714354037,1.2842802175327048,3.2965241825625675,40.986219060602174,12.307435925838412
-9.492762619070334,1.2836483377066061,3.302940237807177,40.78144954586224,12.313670828041056
-9.524115130814868,1.2821363315110408,3.2947712860985643,40.973539677967175,12.365974108257465
-9.402729674324442,1.2829712535283664,3.2968899482300316,41.47598409848602,12.319057187270042
-9.573524965996157,1.2803158506187173,3.2959413390613816,40.0080936602449,12.339919944651752
-9.496384750477512,1.283581015403112,3.302989937179163,40.77835017218726,12.253010439826612
-9.437066379387801,1.2805360544948214,3.297230280964871,40.564750051730655,12.24522745975542
-9.407223960225256,1.2853154547382877,3.298861586380693,41.12401964164482,12.380705696151225
-9.471259256992296,1.2828929769254673,3.29700670304512,41.23053348707348,12.305042220973574
-9.404058169263472,1.2818409246840183,3.3045940540028353,41.638660392385326,12.268827117746945
-9.425762275097988,1.2852145966711341,3.2965624521658636,40.97497720664999,12.268904573594847
-9.34732074651896,1.2807400090723158,3.2943695997774025,41.34786753103769,12.267498152465004
-9.51705784241839,1.2812198792591472,3.29421283055727,40.29303441888419,12.26448065707168
-9.361846724413041,1.2789696063578155,3.302774638538339,40.932120212463076,12.235739807362485
-9.410902110365944,1.2851612898390727,3.3030634605059888,41.261052567046136,12.224839057139988
-9.374516725129325,1.286203515645301,3.3049942182298064,40.7073607759603,12.290067029223009
-9.467635626359977,1.2790274392250847,3.294956106733551,41.55953357379241,12.270122417356196
-9.457944994358359,1.2806612674699691,3.299075151423635,41.29351657441883,12.355072430746722
-9.4436454841119,1.2823519731548478,3.309709197630558,40.75087640222522,12.314308348608831
-9.4953966528948,1.2811018459571641,3.2987907335400437,40.41634114924361,12.312854744430272
-9.48532464898734,1.2819928530816327,3.297746365468251,40.7416317889463,12.262361480789483
-9.457348053113774,1.2817439026176725,3.2999159611180917,40.72557588120725,12.29338901873756
-9.425260381762104,1.282719189990044,3.3021198030941954,40.66268015539004,12.317407732153153
-9.485843954591932,1.2799085211242656,3.3020529328840107,40.46558796792926,12.335079002063582
-9.43848554579377,1.2821435209365661,3.297542275110512,41.0308688675285,12.294480464203927
-9.55966948624556,1.2794550854977345,3.2976598588425965,41.17356534352042,12.35303138908615
-9.440508452317635,1.2807941577988984,3.2988141597673275,40.83455020228079,12.299369116194725
-9.37501295651744,1.2780763041334424,3.2970796534249165,41.427927498092565,12.338500765353407
-9.360598212527357,1.2806740486167063,3.2950609476946995,41.14770650800723,12.274248867842942
-9.373615438905338,1.2802724181751393,3.3072318060745336,41.49769579882173,12.207989441181722
-9.404375299619662,1.283241215495144,3.2983723015430972,40.87665836488102,12.3119085048762
-9.478696059543617,1.2811731200385061,3.298599027308493,41.15500446790907,12.334622771767812
-9.326377758573003,1.2814756547648638,3.298723653584869,41.39529700619255,12.326984268057073
-9.2945536174892,1.2811261817159731,3.2996779599986295,41.95582054061123,12.319180889774847
-9.388076184016498,1.2768547394531846,3.3017390390781087,41.44734490754041,12.280491188788728
-9.229697340173828,1.2770623743121197,3.298139232785366,41.64300817475513,12.257426532920116
-9.458549488352498,1.2803636638947926,3.304557414117526,40.49494571076283,12.325187898356104
-9.488320819875545,1.2815043383129412,3.302391263516959,40.813259026521195,12.318755829222058
-9.429810742505513,1.2804251380692824,3.2992364055575027,40.82021927981858,12.269214814673875
-9.440833128856372,1.2791158555527202,3.297335061506014,40.78945167402527,12.352551630082074
-9.237816215481148,1.2803139111173036,3.3043397061439754,41.53057025027183,12.25275214031852
-9.399588497350107,1.2800923927117316,3.299351831249034,41.297151436720895,12.267528590069023
-9.488503675416121,1.2822580629250813,3.295028994998584,41.13496910149867,12.378329713757411
-9.47035393754974,1.2821010588039703,3.304084258093178,41.56386967933003,12.339735599065238
-9.31610998278724,1.2795046253930855,3.297094686206347,41.56119974001154,12.278198444673519
-9.339549187242955,1.2804695180616186,3.3034740031033327,40.829761277594805,12.310254715943348
-9.423954075521074,1.2810811569806102,3.2899429293191482,41.23310820245188,12.303406429943616
-9.433626677721175,1.2813389218484486,3.2985253499550367,41.36649761832709,12.158161632654794
-9.433549759332857,1.2837571896784699,3.304639874402944,41.637776090305856,12.249888511820217
-9.28273785987037,1.280359547329906,3.3000205229203847,41.372847636117235,12.292434141413722
-9.335839220958048,1.2827186727061122,3.30239254115056,41.27053455028295,12.276904545489689
-9.387143876024284,1.2780278514963863,3.2963922770531306,41.65727087190648,12.306843283275821
-9.299823786095372,1.2790410011310882,3.30139082090725,41.47178577023543,12.350709699768364
-9.257013205044737,1.2760145300609316,3.300015009067962,40.84661026133225,12.277900622153552
-9.357112394948995,1.2805601233735409,3.3009733362602747,40.56062653683018,12.240830901939232
-9.3894309758357,1.2815253930688333,3.3081571196166264,41.957448822780655,12.309686863145693
-9.405882385379433,1.2750939153409746,3.3052183585470236,40.50274415353365,12.276838165260415
-9.391181387133182,1.2805571061868362,3.303167973380521,41.15075246944592,12.285085627094885
-9.458785384440889,1.2813663113664169,3.30321847656362,41.43567602088723,12.2780140101949
-9.521274670831577,1.2812312341383763,3.296363376552119,40.25160781366285,12.40440290943612
-9.422064667020917,1.277725417642086,3.298115083654435,40.72324641911155,12.179978564488238
-9.298883275946967,1.2816452749215734,3.2938696730467654,40.90353723603953,12.27229428096267
-9.46618477896896,1.2801010545989298,3.2949216585504755,41.78808096297655,12.291218169661558
-9.235019543228288,1.2812494482696433,3.2964538647013684,42.33722254509368,12.25203159326866
-9.436829099816455,1.279802102624483,3.2998835016696004,40.83267310943355,12.335760564518441
-9.285578149753226,1.2808038574936083,3.2950999652107487,41.66064300329239,12.331107176049414
-9.389186022998093,1.2822497386084133,3.2998433192536516,41.34485292322725,12.287726050749756
-9.454681939250888,1.2796142278452909,3.2993838819674943,40.978318800292755,12.276244060119536
-9.28666491344558,1.2805830078977907,3.2954630848514754,40.775959576060345,12.283838355437062
-9.278784016598557,1.2825083839474993,3.3061023474581215,42.365417573276574,12.283849803280196
-9.416956486991063,1.2797379569080882,3.2947018971934314,40.43968151576916,12.284817919529807
-9.378801141216165,1.2777507183286372,3.304469299255062,41.32723974602537,12.278978553705654
-9.423322317997659,1.2813522132919408,3.290982895112484,40.894316281240215,12.300637422045398
-9.38779871237982,1.2828700217167617,3.299431067145706,41.62762710353213,12.325306523701851
-9.32359618831883,1.2825794960302308,3.295209500667836,41.69118629383113,12.225758400861515
-9.354736627704298,1.281435089976838,3.29738218112962,40.89900137737953,12.234358231827253
-9.424450761603467,1.2753215074035298,3.307240617822146,40.83504773113873,12.199080081862979
-9.414665112650859,1.2787443875746602,3.2986121295517465,40.55060921649193,12.329434955242348
-9.321333785225193,1.2788546043652074,3.2955818048117256,41.43525291794714,12.298234904552507
-9.38159913546723,1.280122815700618,3.3019505434694527,41.52115264136677,12.310580330685186
-9.339501355591212,1.2834204027206249,3.2985770123358646,41.14433164822149,12.21343482594239
-9.455233837146194,1.2778951036557418,3.300602852670099,40.991610639169224,12.373744502705868
-9.375328802668399,1.2845544237697428,3.296342181774646,42.01248108026556,12.253636493441263
-9.272811003768854,1.2793207140808658,3.296539134271749,41.82887304852615,12.292065863035358
-9.442097063906603,1.2785684343715078,3.2968492767927478,41.6549117622824,12.325945939151755
-9.283647329588002,1.2818110287058087,3.303193732569847,40.5358874749114,12.233443459537849
-9.334322529518975,1.2819891239893717,3.299092680990537,41.55023175721203,12.255036586651277
-9.339839708522689,1.2814618178289465,3.2958069590257697,41.42086955787498,12.290866374965818
-9.464684734030518,1.2786459323707557,3.3006472778744103,40.56983640174502,12.42433105454998
-9.377211155420989,1.2812133278582143,3.3003179180826745,40.82801854714304,12.296057893917121
-9.388360901233117,1.2781680915538938,3.302294411192165,41.13590387576232,12.36085862043734
-9.408535190764644,1.2786681559181998,3.2980727950674935,40.6461314055699,12.34035778520876
-9.33577478078899,1.2801018509982147,3.2996897139566395,41.00897034387203,12.298002862609565
-9.293603775172057,1.278682108678509,3.301686714536493,41.22815522896111,12.229665481813075
-9.241243463000416,1.2824594754791105,3.2959625879006973,41.7469207724148,12.33163054640249
-9.290312337684298,1.2792310831451392,3.3035448914482433,41.13665293040268,12.203249639287634
-9.498569893853718,1.2799814385720378,3.3000657745128206,40.82396525365158,12.357705907389125
-9.27840189557513,1.2786983781586623,3.2955959487476165,41.8529303292194,12.2871641251643
-9.288541513675703,1.282571906198226,3.2955663107766457,40.71721339945723,12.144149114136226
-9.21273116246529,1.2792038297328832,3.2996024057362487,41.66545223529123,12.259126151284141
-9.269459565893047,1.2828609852458568,3.2977990967583835,41.61684235352035,12.308334754090817
-9.365176324055522,1.2827564087091807,3.303018426487836,41.43637883824184,12.263266828663548
-9.31477894692657,1.2797712740486744,3.2988529923499446,41.1699001999075,12.310343734285514
-9.354049325480068,1.2807677985545758,3.3012121862555284,40.86595617544615,12.231562428907166
-9.306308835899271,1.2798078210976445,3.296605515534342,41.99518824135186,12.208229494433747
-9.296244427067778,1.281894924717076,3.2999080160955794,41.064912974349916,12.269416111110584
-9.272081178825665,1.2804642416689511,3.3052621437823744,41.00902579801951,12.274021235512022
-9.275145091651504,1.2800693846332563,3.2994074868316714,41.45779030954936,12.254473118557879
-9.363257563336045,1.2810493201644617,3.2977881433442873,40.9778359165119,12.332701100968421
-9.166334277767765,1.277846596389194,3.2965447801999255,42.087653009170026,12.228265216548007
-9.365858124569307,1.2809148435886426,3.299924917880471,41.16221381557615,12.285867752163394
-9.433804550189178,1.2824227180368153,3.3056372590725647,41.604580315688025,12.273036712447933
-9.381195472754507,1.2814579943943507,3.294545622281644,41.41711892215421,12.191226024853004
-9.213386002519155,1.2831450233748363,3.2998003292547837,41.41794378711082,12.202528799297182
-9.339282642994943,1.2805483671936138,3.2931445123776086,41.76704140946676,12.268489233835773
-9.373968386298513,1.2804470589223595,3.2983583111586343,40.991728413589,12.366361957190858
-9.380623838149974,1.2791950983953697,3.301051077455851,41.110695069138934,12.29566863304066
-9.317233449502062,1.2806837568500054,3.2936784996796282,41.57719674656193,12.179821508696236
-9.302309927396488,1.2854939513694235,3.298220761812802,41.48603007712845,12.109971887982946
-9.322550576030897,1.2821815764246942,3.3011620778397335,41.08542422254089,12.301536957507897
-9.335590358988357,1.2805291397468819,3.3005245523653657,40.71427920387858,12.259456547315205
-9.334256558428718,1.2797590443861946,3.301355833068884,41.324029481754735,12.32070843227411
-9.289126032656588,1.278646771078575,3.296101613453334,41.130900644849426,12.21898213067668
-9.36551609927271,1.2802569323215176,3.301160430815073,41.28082610423563,12.279896537034746
-9.439596748751425,1.2835113704433063,3.297599967093838,40.952417000393815,12.304057475273233
-9.412203209657529,1.2812155551496711,3.302856117394619,40.88856644798571,12.238733526871647
-9.138126583905212,1.2802312759377525,3.290757394641304,41.616484362454216,12.239155365835188
-9.242067725225814,1.2805306121317501,3.298841562486431,41.48649477324668,12.26107076269025
-9.263044011640018,1.2836066550497867,3.3003955083793297,41.751915813476835,12.286284468889335
-9.369780369137079,1.2822272283868736,3.305397728202253,41.42971483609043,12.257772047906862
-9.353228651353376,1.2812187478853196,3.300347188154905,42.13131194819179,12.306521740338411
-9.36662249716924,1.281941116887708,3.30075314300672,41.32332938919119,12.234053430747283
-9.374576707484144,1.2870557250749195,3.301501960913931,40.98167418135722,12.190053800928728
-9.413637783587799,1.2851705918989753,3.3050123488021943,41.10620637716098,12.354640817711887
-9.234038150219106,1.2857572984115229,3.298472422351295,41.759253005705894,12.224873980671546
-9.263920200712718,1.2794058501824213,3.294387596022489,41.87352985943708,12.225992324661041
-9.384997438219871,1.2826991653047484,3.2936218108955018,41.766593147720705,12.250428180457583
-9.34888458376961,1.2818043979603602,3.3026567810408403,40.89542911484826,12.256376489226565
-9.273590851403243,1.2842755503077392,3.3008928279769822,41.96508788418121,12.232977521764903
-9.361929798834087,1.2854026577391822,3.298974630123572,41.257732128622244,12.250729475536176
-9.322252953703135,1.2840323435352472,3.2976556221536732,40.984713727558606,12.248897735182918
-9.308209435651642,1.2817322638673185,3.3007233308201505,41.3020699519467,12.25890671297119
-9.245497189702974,1.2822541483947625,3.3008388929069374,41.9933076901773,12.131566510741397
-9.359616597291964,1.2849175386589986,3.3019193192322005,41.4636770274855,12.342755087116906
-9.363349040749132,1.2852180082347007,3.29556533227826,40.78848452605712,12.240612509061428
-9.375362259319946,1.2841624669733294,3.2929427777344955,40.76745811793539,12.276268987558954
-9.361346274500972,1.284244071965002,3.29634589248517,40.784389306970766,12.177589014305948
-9.409689402495733,1.2841898827386113,3.294595484562683,40.888005931356304,12.222195600224234
-9.317878435748575,1.2847341899591114,3.2943882962619777,41.39522298865788,12.211376673232484
-9.315598917323237,1.2857354815065312,3.3062789453975383,40.918329702174,12.317720843732323
-9.396045792865907,1.2856726490279424,3.290931992106163,41.03657790263725,12.21418151424771
-9.330503380022016,1.2845694336008817,3.3018788188392203,41.89980761475661,12.28060909765949
-9.264659771732852,1.2845352877077234,3.3036279928580066,42.117803734030545,12.209412358646585
-9.426967883293775,1.2845710839606106,3.3039498585363587,41.76625355084795,12.218526111202468
-9.338269409738148,1.2832984750022058,3.3011089280692345,40.605499673005504,12.228098635547283
-9.261603571819364,1.283387688739189,3.3052796387830146,42.146281736398585,12.303782909355654
-9.248036824530558,1.286177410642198,3.3071335989236847,41.54060528054977,12.144307967808881
-9.407867774832733,1.2837806488669905,3.2987910758036296,41.21545232722079,12.172222824323649
-9.240494054367078,1.2869522695137263,3.3017898868011253,41.93057316385912,12.139841613838662
-9.3465116034181,1.2853408490975735,3.3051031763294185,41.58836044632535,12.182028120093944
-9.267237207192599,1.2872029663094633,3.296552162852286,40.718054369486154,12.195015076704617
-9.330231949206981,1.2869590340470165,3.299020368373156,41.09454962174864,12.154058384351206
-9.314213549120838,1.2874934070705704,3.2974967137088824,41.22514549288837,12.197257957597131
-9.311478989307515,1.2849783272993691,3.30184391190515,40.84493543859547,12.132408064390422
-9.304176856412594,1.2868734407090192,3.2924076029866614,41.79050903549469,12.181418357036272
-9.394097870294129,1.2876570626997101,3.3057465079178567,41.787376102561424,12.291508395011826
-9.353799812974444,1.2832053305828846,3.3021351862574027,41.2881755611276,12.250831953136093
-9.405780826053748,1.2898391108378817,3.302359764686,41.307875468833245,12.239186716544319
-9.276321556359491,1.2910964029682506,3.290546743395548,41.44284389316869,12.178830813120802
-9.282196861757935,1.2885888695638372,3.2958394436252023,41.47526762797184,12.151317541727774
-9.399927363657275,1.2884368638790256,3.305961876680809,41.64721806118215,12.170311691538501
-9.271070055568872,1.2881344322490733,3.299290376518328,40.751660467776745,12.22425238272203
-9.36433068666681,1.2864428543515862,3.2931037443489286,41.46577994011701,12.268960781230028
-9.345238836813989,1.2870031697609556,3.3008864886315106,41.31426380478764,12.269805087093467
-9.302626119885215,1.2892870821019122,3.3027166324155472,41.10935907215894,12.255347830642677
-9.294962874759769,1.2855475627656647,3.302125969520423,41.20873323248657,12.186065604439822
-9.264172403848235,1.2855092405538815,3.299398379141575,42.20460338620096,12.223292929866249
-9.34342222202419,1.2869736351994328,3.3045422543742533,40.78215523812531,12.205116074541175
-9.26716243546124,1.2892193506152876,3.2971919520565196,41.39825223282252,12.210237264655968
-9.378223226626346,1.2863144435781568,3.302160356129315,41.895348259045505,12.321262505333742
-9.260587725338366,1.2877358657094042,3.300540070573864,40.970772652394835,12.13041127911454
-9.30544895524973,1.2881146282123652,3.299467654618201,41.206635965368356,12.205878470507573
-9.29183406894075,1.2864464113899876,3.2984840130206337,41.43325561589348,12.277296633977734
-9.256515317658103,1.2837336625231999,3.2986256304265,41.65203348051455,12.14250736534992
-9.347406205388529,1.2867040889164794,3.3001290136649337,41.27306265381734,12.182703211764084
-9.362661661183672,1.2894236588577936,3.298829116806574,40.91653126196314,12.187523209867873
-9.335315660296512,1.2900197897519212,3.302932279647509,41.50832968088253,12.201891126584288
-9.34413347066475,1.29018267985036,3.297856058735024,41.27149194254163,12.132334176375654
-9.416966250885519,1.2905603726618438,3.306273163989359,41.41716992105112,12.240968720353694
-9.483831737015773,1.2882365237673674,3.297677325926021,41.40181415484407,12.243587143415612
-9.445707970019322,1.2879569814442182,3.3036803231241745,40.51408824158706,12.234755904203402
-9.199723077162643,1.290537990920855,3.303852867464385,42.01380576625164,12.164878827423145
-9.382736118592561,1.2895148276805037,3.300663448661357,41.13267608724508,12.211779456274046
-9.205078785944737,1.291903704211186,3.300307039920945,41.91992674967934,12.161534360729672
-9.309869825117254,1.2910042679592533,3.297084131937163,41.577809335762126,12.188925064059333
-9.399810325216711,1.292961878966699,3.297931714201428,41.942012253503194,12.312272904377293
-9.436043473780492,1.2896166137588154,3.3008791343845183,41.130414682281135,12.208424992539694
-9.314285617417493,1.2928369232243946,3.299819457605329,41.21010254604072,12.14330073348534
-9.235882890730874,1.2949260829649303,3.304732336703963,41.32304775598829,12.210726809263596
-9.218316520174769,1.2911197890356645,3.298181640825005,41.14852934495497,12.133149385604492
-9.299816593138647,1.2921671744559806,3.2984237421561993,41.7236076001921,12.1398139801745
-9.389827191345498,1.2894644342626165,3.2933410775713443,40.77977783083947,12.146729857667282
-9.393958781289545,1.2932711942271498,3.3025741114548626,41.53181372011305,12.175588271920237
-9.422930181521172,1.2938994364461482,3.3022128752877755,41.06474070297343,12.243666158476612
-9.286847360953134,1.2908112892165167,3.3039083275839727,40.72101516548184,12.22474783563966
-9.264987006942025,1.293132014651203,3.3041337450784107,42.06533460612985,12.220984180911422
-9.311339692500962,1.2926807532114624,3.3031557861578067,40.026992877832626,12.138890965613362
-9.355981735100737,1.2930620906461952,3.303324463799872,41.25533301396266,12.16577056513418
-9.265982906590303,1.2940658597473282,3.3024402750514414,41.56161766786879,12.205431755938335
-9.395899997374906,1.2936414950686008,3.3030563732640723,40.285780802224025,12.15940746681391
-9.343625419707374,1.2924881594402415,3.292632153151424,41.489250662120206,12.175893276553701
-9.33776268825959,1.294595717732253,3.295600837152972,41.05655945267468,12.210864051941448
-9.398380390130185,1.2953163656037527,3.2949472239014828,41.10383172706464,12.170338407595153
-9.399975277106906,1.2921483189811591,3.305080692043811,41.737253691724824,12.198057370446387
-9.439660921229297,1.2934176775474064,3.2968681617704307,41.177766206133875,12.26536460759393
-9.268580136167044,1.2900489591386768,3.2975085512746305,41.32261441510908,12.176105502648348
-9.273375613579077,1.2949190982164784,3.3000266290663594,41.38506493654381,12.242632074496296
-9.366737100682128,1.2963641704630862,3.2950252822115162,41.97696718295888,12.210596932067984
-9.339950853576864,1.2935698412174945,3.3015221791173626,41.48194358133263,12.10822609673853
-9.369886388757013,1.294518250843489,3.2914784391891625,40.90672212237293,12.12543765548244
-9.341427392986699,1.2939783716930602,3.295290041292304,41.12181832635975,12.137817586017704
-9.374949359431504,1.2938187803831183,3.3007952647520815,40.77407268754186,12.135705090178764
-9.36781847827374,1.2952191373259234,3.2950334550689315,41.083678988010654,12.172878407203735
-9.355785123012584,1.293354931038222,3.305196452414548,41.931587173813455,12.207067778091833
-9.421881897411115,1.2946218702089554,3.3001851177545345,41.08970272421445,12.238032820526467
-9.386247057576306,1.2934527039221018,3.3045282805302465,40.69270073757953,12.189619641149537
-9.368147961200158,1.296609701478319,3.301431666603412,41.43607505084977,12.150859579208511
-9.33616776965757,1.296080114980745,3.2999522809202304,41.170633245536024,12.06796086872382
-9.398440930432733,1.2949095882912687,3.2960137513801824,41.42768215991411,12.174528507549757
-9.326133091541598,1.2960169689767982,3.3037165849931966,41.2507743098283,12.1712103807622
-9.483081298954378,1.295672417304129,3.301765018636021,41.611945532420016,12.17798791598547
-9.331518370971843,1.2985730104309667,3.308338591610222,40.97270485749803,12.273069885926391
-9.397269468723946,1.295574830628147,3.3033136014716846,40.739396170795175,12.228700897215536
-9.358490869832936,1.2978988501828999,3.2984103880948576,41.65805841686267,12.204834141506117
-9.308999775008237,1.2953905074075807,3.301157686291404,40.58057814063088,12.116384112352394
-9.407317889401996,1.2986018041272955,3.3016885519094306,41.11659106378151,12.13774197304467
-9.431264293480329,1.2992205743677236,3.3046518331849377,41.457717095949086,12.157550111063973
-9.422451388264017,1.299487828940041,3.305287479841438,40.2773386953217,12.12241952630353
-9.408374424004005,1.30043390750678,3.299352098806958,41.20910838257253,12.18510758102394
-9.349159272761991,1.2982500120978377,3.295137915686103,40.70330203152249,12.176821221730748
-9.391168725880604,1.3003144416841752,3.292584645523687,40.47972481892936,12.103448787442826
-9.377968824793296,1.3012604989715757,3.2954418021611236,40.81768589946434,12.216590404869592
-9.530342661006388,1.2959417765085581,3.297632894216911,40.86595768592767,12.1607474941386
-9.36681390223553,1.2971532852743604,3.3060173414779617,40.984021979324595,12.068057865135906
-9.31680352693998,1.2955423653709204,3.306078021955431,41.80921964547519,12.150820782905868
-9.40662412026698,1.3008301719308075,3.3038406402166194,41.21970629561537,12.166321831684357
-9.4646360759728,1.2958650344376448,3.3049215954952476,40.875145407127654,12.199771811185446
-9.42278490197052,1.2954967147150154,3.2971704290574686,40.630468643114035,12.13312617984367
-9.595446178181906,1.2970359863165806,3.2939387369117936,40.898751279305564,12.190261864474921
-9.45971973973829,1.2959285785194314,3.295973885814554,41.904120093898804,12.15708416736955
-9.299300459425572,1.3001239947583694,3.2918607257296246,41.12023248218928,12.08083364199721
-9.396478045526434,1.29758510157528,3.2955441789930577,40.97282319117769,12.074684547399777
-9.454138931305666,1.296548147928999,3.297976212094498,40.667436295191514,12.200424624183283
-9.569323289856978,1.3000194994284748,3.300666814730969,41.33502516416703,12.20294683699697
-9.506762066235202,1.30031199457867,3.30054182900394,41.35727809421083,12.158141361675689
-9.368164306075403,1.2967127076265939,3.2972414534899652,41.08516297094032,12.215626804894768
-9.392899092755874,1.2991993403320126,3.3022757917536696,40.9745841409216,12.192514848549616
-9.499816810191525,1.3006518863035135,3.297318241262382,40.62282513067897,12.172706020444497
-9.421300895274571,1.3002618773773,3.300040178802562,41.04167355100332,12.091796600098403
-9.452666291441316,1.3004908432969908,3.2955600710315474,41.50261902836232,12.222768587473482
-9.494197602773754,1.3036825819729607,3.3043546692481773,41.02821481283232,12.161844603921645
-9.521028488999798,1.3057911950361913,3.3000833385017434,41.47300194326149,12.114567405202362
-9.404686345425572,1.3010454918291061,3.3027153000638694,40.902562868065814,12.099273106800435
-9.385329397786446,1.2992021817493997,3.295135226451521,40.304254374506364,12.144350533112418
-9.33741541590496,1.3015504940549767,3.30069769668486,42.367303341556514,12.046780622979403
-9.381129079396603,1.3025818080917408,3.3022893348987554,41.32357511343772,12.164136992810132
-9.48698493005436,1.3022600594057214,3.291824530751325,41.337440588874436,12.080292081235736
-9.424872214767065,1.3037612131150607,3.3046723880064133,40.835249445704704,12.145315883963425
-9.423629121834995,1.3071366703444,3.295002301663555,40.607724500694616,12.09951690439332
-9.420677775159877,1.2994594245010718,3.300843600861827,41.22054380583473,12.111187037160636
-9.417342609719725,1.3020441014977349,3.3071508116723196,40.36863864670324,12.085370162145791
-9.460669044866398,1.3063129089046928,3.3038196120493426,40.97183740579025,12.1139595213637
-9.65490018278494,1.3023586471231903,3.294040248321983,41.099124217301764,12.215292984258488
-9.39305131013811,1.3051535818169315,3.2992878595896773,41.39328566352112,12.188877702030005
-9.418744305950712,1.3050079805433044,3.3049337190269306,41.26447219126982,12.136147104665053
-9.519664811963136,1.3063912379190172,3.296732899936693,41.658166127784156,12.115954625268534
-9.425525779658274,1.3079151584193567,3.2985604810315525,41.29908519691833,12.158223348025691
-9.489475863569476,1.3049253137173868,3.298448470454502,40.25927786544909,12.171303549414905
-9.440371629383923,1.300937873752338,3.30228015570289,41.05962871616621,12.072103666095353
-9.481748827161512,1.3031987466645296,3.293852034286677,41.80662952727218,12.108510034643164
-9.361427019141123,1.309141344169745,3.30250444087023,41.15337123952832,12.020069319774548
-9.516881327743125,1.3021101570413165,3.297508803284375,41.7118757551936,12.166105473530333
-9.559883251848278,1.306101103932091,3.2999546519811402,41.28969113248365,12.211982624370153
-9.378188759758912,1.300247021523998,3.299100514851636,41.08023215159612,12.111514516094743
-9.403353416481243,1.3027417329959092,3.3023990673632277,40.76109463628463,12.000036805154165
-9.471482185771203,1.3073857947140963,3.299915839383365,41.19299312322621,12.135506740206692
-9.38493613802933,1.3058511474141175,3.305761737769158,41.73832773247372,12.058630658815794
-9.474243643955585,1.30519320723444,3.3039577162488576,40.42005732422373,12.069438570914478
-9.496222198102815,1.3044837913304237,3.2968187092102212,41.05571059851106,12.132703834890549
-9.442196379215124,1.302285365302982,3.3054611910646483,40.299051976636896,12.112869764045769
-9.536172614999273,1.3078307310295199,3.3012776250205165,40.79181837246786,12.074501754811905
-9.428114189607108,1.3060426026631653,3.3006795333853134,40.4818784959555,12.065190164707065
-9.507846783281149,1.3037296419057427,3.303392836208309,41.20920075682976,12.10272364235199
-9.399541414151795,1.306997709567559,3.295835405539781,40.925317981126824,12.07471811929591
-9.402334154480192,1.30826325804849,3.294482246911979,41.65854619996966,12.038487285264974
-9.431446601673528,1.3068623046160315,3.300099765867386,40.92091010719419,12.076076939238567
-9.571319809926235,1.3076579741862973,3.297574792651815,40.60473148318081,12.108438920871162
-9.469952664011435,1.307664013756238,3.308294874286293,40.414028464427716,12.081306566510301
-9.505298981856418,1.306335363976287,3.2969427087431407,41.1458220390009,12.018287042580262
-9.498748419539682,1.3080180761756057,3.3001609893915855,41.199343541481255,12.137164742485597
-9.544075787132181,1.3095399918237316,3.3007678578918296,41.28774616949532,11.94951830859306
-9.556749443624419,1.3102982317917315,3.3049250966384527,41.14858164437124,12.062886345659754
-9.39045098897004,1.3099691629402765,3.2960217559118217,41.379605915245726,12.052938781481602
-9.46070853021063,1.3071956292624893,3.2935517384041257,41.316923403499814,12.090100150638671
-9.516276943113613,1.3099757206922793,3.3055777392286787,41.246178593747075,12.109515225349659
-9.565569245772128,1.309791035918336,3.300322075536565,41.231924237881294,12.13650975323653
-9.531999563865076,1.3075968182221442,3.303238970090534,40.324971991357415,12.043289120669783
-9.489298397743452,1.3082430564540626,3.3034267889480184,40.83667597921703,12.10697483039743
-9.514055090433557,1.3106858157974552,3.3041200343030623,40.322666873439516,12.08617150385573
-9.354862621756844,1.3122342833170695,3.29848854612662,41.42312825305108,11.989537032457172
-9.550967212795111,1.306010438660524,3.2974042593745216,41.55004937453903,12.168873000680403
-9.454802886149908,1.313066486728419,3.29201497185621,41.44893077309291,12.00063781231789
-9.590030372298436,1.3122665201291654,3.2960203942567716,40.57711824129989,12.092280631313338
-9.529570514067334,1.310487517470883,3.300248604367073,41.14302437650932,12.08953160636666
-9.496407380688087,1.3097581585792666,3.297194415025203,41.146761309726074,12.082541956393179
-9.51210456622593,1.3111699902952911,3.2954363965512754,41.06904273001319,12.042756472195078
-9.553896253336536,1.3092567330744351,3.300201686238215,40.37086916319827,12.107571863063475
-9.447438281749243,1.310330411655633,3.3053717681734467,41.631177673707626,11.986913510484275
-9.415521154482045,1.3078828719272506,3.299775936643337,40.69772156483414,12.06036186221324
-9.487264832817566,1.3074961790813509,3.2954687216365675,40.878772921791985,12.034179773417705
-9.42648915500107,1.315789301319767,3.305089698855655,41.53067839851713,12.027227628238702
-9.487517540638557,1.3113954543539739,3.296903530204558,40.87559842813794,12.081247769697836
-9.47800220866448,1.3118204396248394,3.3059174868915924,41.07571620654267,12.112401023740821
-9.546168920159598,1.3114944845134637,3.298947465611186,40.955504590539476,12.04007991052112
-9.552149640383602,1.3100424105472335,3.300412520430322,40.922066080375636,12.09499126529891
-9.535685873327484,1.3112249520083417,3.306243572302395,40.974650362068935,12.057157690919874
-9.469249077207232,1.3121616696659866,3.2945940103401696,41.147069327406875,12.008746453180253
-9.47242757495909,1.3117253195036405,3.295799578912915,41.08502589857144,12.039196848638026
-9.513516774135853,1.3107525715060413,3.298693808153614,40.614771255931004,12.035830556615126
-9.460583523208197,1.3133534020343136,3.299440128386619,40.45881607332073,12.014681286132932
-9.577218436943076,1.3129076574346286,3.3105682791218034,41.24481470058933,12.069646916113939
-9.487562932666009,1.31345229291872,3.2964477547120183,41.442385635008485,12.058662648897307
-9.436226434566475,1.3142111517223198,3.294783010021377,41.26253652382308,11.966104530943504
-9.457133941296162,1.3125936241462914,3.29625666040346,41.21738125420438,11.961766523576916
-9.543778200039306,1.3127295209375835,3.300928532184056,40.54636832212253,12.064282009257642
-9.48017785351526,1.3161638316646642,3.3019681430541308,40.064210153523916,12.000987608848293
-9.606707543211149,1.3114415206949979,3.2971716516344873,40.68710952325243,12.055557336837133
-9.555303284965902,1.3097118970920985,3.3000841445739204,40.13045255581014,12.078204436571475
-9.500051378273424,1.3146988225012053,3.307780809356197,41.073657121967614,11.974312048870472
-9.596521002782211,1.3124565946564888,3.300140673927443,41.328653665522516,11.965983940292734
-9.567615426321836,1.3116870982079938,3.3012839600930106,40.61831372231721,12.118982803357117
-9.640147764458245,1.3157377273264388,3.307555952854494,40.496226311145406,12.051539503278496
-9.573831579651333,1.3138021020341468,3.2972078971406042,40.45000579304418,12.011698029621927
-9.535119859077012,1.3116878250629598,3.2969463651256907,40.94746109808904,11.984661516347982
-9.594162080267477,1.318207077269081,3.29812127159861,40.79838370998272,12.00453437603826
-9.530594576502166,1.3112369525229568,3.2978883579295677,40.531158624195825,11.9692251089504
-9.585645496788844,1.3144050072303386,3.29271594755062,41.193738820389285,12.071621094303552
-9.599595449180532,1.3109187392297135,3.300551976571984,41.881757024124894,11.987309165143984
-9.565321134956003,1.3153564187557611,3.300867765209005,41.345301270729976,12.079519191664476
-9.610160960442247,1.313649566168887,3.299256565800672,40.73543639044568,12.003506282729854
-9.413239235816421,1.3166858773680876,3.300989883371336,41.12450451376824,11.970065037877754
-9.574794863141257,1.3151269532206715,3.3010324353601996,40.644986588499066,11.99961186272255
-9.585847390702295,1.317976185183019,3.294735392122287,40.61463604548745,11.888412599893973
-9.639513414840069,1.3145276221738418,3.3011545597884666,41.104235827371134,12.012276133026756
-9.512670457557968,1.3122888698965702,3.3022340483149266,41.375341864891595,12.008501876712506
-9.633259960983695,1.3160827190855777,3.2936115941411974,40.26566827392025,12.056937924200282
-9.625082368854851,1.3152111118034762,3.305852464089475,40.89636142725993,11.920078192157234
-9.570567725950232,1.3121850499349943,3.2950568147883805,41.303314712459624,12.071179134252779
-9.64053066914,1.3138189470528363,3.2954470475276443,40.57886585376213,12.052807909477606
-9.589522302735004,1.3145603675124051,3.300807821247442,40.73634186870353,12.073072027195684
-9.542327183602895,1.3192491028831717,3.302138795163133,41.19373870345327,12.00652548516274
-9.611019202926608,1.317655702403746,3.3031106852183827,41.067728760889594,12.0585479261975
-9.42397203933756,1.3156465783806348,3.3022439693408336,41.32367925316172,11.932982263765023
-9.728193841811775,1.3173837815572993,3.297921187942572,40.645303818459304,12.040888100191413
-9.63906404210284,1.3124618636040053,3.300434245173944,40.877306953328834,11.965368740566406
-9.58572850364816,1.3155084527629068,3.2987333185066143,40.71745607636313,11.920047869028366
-9.45028046055488,1.3175364702964008,3.3006970361476986,40.65235267277546,11.945101966877207
-9.508717699376236,1.3171601723089488,3.3002738266384237,40.35991881121761,12.000276556931464
-9.520943122815664,1.3158443659366572,3.2979803655616955,41.19633832637222,11.957476046803697
-9.67834107187668,1.3169388317385813,3.298611128335348,40.686596690350044,12.016185715935277
-9.619163694783728,1.317782738994403,3.2925911826987884,40.943880444042584,11.905661243578397
-9.622689028776325,1.3171775799188978,3.303320520078642,40.42307022582793,11.888409400888023
-9.709909397890579,1.319006762843029,3.301190230027954,40.621215581719554,12.06207490619681
-9.564075130082257,1.3180093045378964,3.2907732794024693,40.90330575026277,12.03733692197771
-9.621891338739724,1.3184802037104524,3.303172641074937,41.26782025001173,11.938373604241363
-9.642574937650608,1.3209693253243457,3.299787888765774,41.05555209724907,11.989380168815723
-9.617453745569385,1.3192803854844612,3.2962527115345543,40.46910831886466,12.039197408282346
-9.751197091135468,1.3211891045415596,3.2958982992825385,40.699426994800916,12.00787421420493
-9.643935183464622,1.316443825275728,3.2972471113250093,40.41337304674762,11.993017716252773
-9.739069258311059,1.3146819380231274,3.296273898664087,39.47666953475591,12.039056917192747
-9.647771675103497,1.3176639553246596,3.2968112479982508,41.3948370746081,11.946456539970926
-9.68684247823727,1.3175697087755522,3.3068025368654257,40.47634314215625,11.983244360572774
-9.691220234604652,1.3210147420350915,3.3014845039775307,41.03334477785288,11.979486629316337
-9.635550075623263,1.3159094590225129,3.3081440412714938,40.464362627782734,11.96543495549321
-9.635409073796854,1.3180840404430025,3.300902954462481,40.4062424793599,11.958277177370343
-9.675967440591434,1.319123018388533,3.302317062880335,40.429427972423376,11.980105683173072
-9.64211156457714,1.3185823313770073,3.296477179227729,40.81683660065268,11.976877912545616
-9.691940964229032,1.3181071339170602,3.299327886470217,40.68657669847895,11.921431895048977
-9.647733231746871,1.3192339919068035,3.2996732793154466,40.90361221463458,12.012639309896002
-9.659100810270266,1.3207403019208688,3.302480369781439,40.483250808890375,11.922427013855618
-9.697263750791732,1.3217174341607785,3.299802065676991,40.621643327368055,11.959031909289019
-9.716570776389457,1.318773974231767,3.3014053099669285,40.22958998462776,11.953877437383701
-9.702277347182628,1.3171376601941547,3.301262111508236,41.18316446264114,11.985245118177371
-9.516204719460978,1.3218979824152193,3.298788569309919,40.441990304799646,11.860083838858761
-9.710078074386729,1.3167317759645327,3.298377235742302,40.25105559782747,12.00928427150912
-9.738337801776503,1.3225248908537672,3.29732402746122,40.35395470879889,11.929589679597848
-9.664566098867079,1.3216872515682834,3.3043292147561147,41.62644054605379,12.023138473998104
-9.708161473003,1.3220315792462642,3.2987902735547263,40.89040959289387,11.936933896108176
-9.67616285721338,1.3204759132572237,3.3013155900178424,40.306242520922616,11.957102541631182
-9.781209186297527,1.3149310464171373,3.2993737794613787,40.76645806664668,12.053937371715401
-9.615866231443269,1.3171272209818141,3.304250469571509,40.974599503005635,11.943085302962963
-9.768689819814346,1.3198672126615658,3.2920476493599105,40.57211815356907,12.01759967089479
-9.622010205683427,1.3179486495755817,3.301211879382387,41.03430521638703,11.956315238421253
-9.780884851221064,1.3187144214030857,3.2949803580011685,40.46145890642276,11.973840602002605
-9.729510849348763,1.320614161913279,3.3015628059978717,40.609297392198705,11.955275159789421
-9.65003331866442,1.3190906848606259,3.299413813794583,40.07876238425456,11.992878299556804
-9.688262772217747,1.317033200383126,3.2940865555661016,41.200714028842576,11.91491856820264
-9.557262503938196,1.32128168436871,3.3013505591472665,40.70647295760987,11.898703120548962
-9.721001219198788,1.3205778120534186,3.3008967272786336,40.06310725765151,11.914688126838996
-9.710558223954447,1.3190861655214516,3.2990751153703326,40.377154102319416,11.95031486116856
-9.606334712871572,1.3210413492705102,3.299581737690008,40.60170883038503,11.933001849919863
-9.837437720298919,1.3198420764745218,3.3006460443299925,40.004630400180204,11.978271045210596
-9.862415228810042,1.322346373604641,3.304712880812762,40.58622950236282,12.006709488386239
-9.757558056711295,1.320016236876161,3.298742692525869,40.874561134710504,11.89139770281309
-9.669769093537832,1.3223903450396401,3.304052127825586,39.87678204194222,11.90221003507725
-9.800306919086307,1.316022349278134,3.299850198917659,40.19347579787978,11.86581452183903
-9.75726483099206,1.3207137524859562,3.305182938498072,40.30822845694095,12.037865347891021
-9.721054307193,1.3190237429549838,3.299059433326158,40.489033241786274,11.95030159077466
-9.638887991232375,1.3181240073513598,3.2973347031340987,41.40475082176822,11.95778088549613
-9.654243220261147,1.322180242213111,3.2956092939816832,40.366082099042295,11.865504264445288
-9.731331190185326,1.3216610349815974,3.2998647380498034,41.16230247510419,11.931181383272932
-9.687117305054695,1.3158880116464262,3.2968273077041483,40.56728154710542,11.955428790063882
-9.720016176879748,1.3213485456664742,3.305617953364212,41.18865872658446,11.916056347775426
-9.815906068152346,1.3211209230610017,3.29651514983296,40.24380508223761,11.98120871256142
-9.890625760086559,1.3185000385805077,3.297239906522127,40.047515799274834,12.041745568373445
-9.777387902110112,1.3182876093465763,3.3023243324360947,40.43616926196238,11.87753285742897
-9.74650812697231,1.3167875825424715,3.304743167808035,41.02388403257149,11.872515053239507
-9.739968594192828,1.3193026642520305,3.3029241814926364,40.58338934926017,11.878466483192815
-9.943442372457744,1.3196302266433897,3.304234738705788,40.196816250001085,12.001400593663433
-9.817174498344821,1.3215851470037314,3.2996791356002513,40.620330079883544,11.971946253028008
-9.775609459121663,1.3205343434912935,3.299735499446145,40.096891762972895,11.911791474150796
-9.751549045989282,1.3178786731099186,3.3080470314690342,40.63157715142023,11.919136776474945
-9.668244519889024,1.320477621606261,3.306761074855497,40.41225173199368,11.875224114480865
-9.800160561917615,1.3194916426656493,3.302856809445757,40.988185013663035,11.959296754475982
-9.836912269880475,1.3181284185680755,3.3044264261506946,40.493640292339336,11.894546028354346
-9.8972098033873,1.316815871068275,3.303434130617372,40.48267098488644,11.89928466161043
-9.771420861615091,1.3212397840983376,3.2951761021754775,39.64142750133471,11.941477016083791
-9.847665820683584,1.3208767412703062,3.2998413915601517,40.58736112882109,11.900388513244556
-9.745138565367915,1.321089732716037,3.3059870971560588,40.43870657588386,11.896792410616705
-9.72224833627094,1.318510432216055,3.302881356713314,39.980640091640794,11.90782366196397
-9.921167464726272,1.32029828667246,3.2997456413577293,40.195656807612636,11.94581862874453
-9.819381438180303,1.3171930847830093,3.3060350312009232,39.753921999479154,11.987133256852665
-9.751349637070062,1.3179568147837462,3.3014772076317147,40.74171215797875,11.932842472021356
-9.776031019058378,1.3199820943920826,3.3030223185531624,41.02152637689247,11.942495264844066
-9.940701117079787,1.3204224690621897,3.301498125783088,39.40237010699299,11.891100103316107
-9.856266486523669,1.3166217449269362,3.302164649059514,40.275474355451124,11.864468049071434
-9.918733779294644,1.3177443951156713,3.302450676667606,40.096576148730755,11.931324296210759
-9.80128025201148,1.3191072903209344,3.305198696307732,39.60161110831874,11.90595599823233
-9.770879853510973,1.321732194161453,3.3057198260881804,40.82484189525698,11.825033450439264
-9.987757722511967,1.3181645228915315,3.2981956355239372,40.27476872893746,11.87853430445088
-9.852907364160465,1.3200459435238954,3.3014220443437936,41.10462065160008,11.88956783742661
-9.778972302638106,1.320228137635108,3.3050840356741893,40.64052236355636,11.866966721784987
-9.870791866606966,1.31920902502213,3.2994737623919486,39.90681636983293,11.965355368241998
-9.848700090206382,1.3202140041980077,3.294764415335153,40.50833419524151,11.914041583827823
-9.90456515867671,1.3169561874075193,3.2963654072288073,40.70479252232053,11.95749151464148
-9.921317175065527,1.3183010073939176,3.296641683844723,39.97141770656212,11.900789285057835
-9.857114887968205,1.3224463687063377,3.2981672839852725,40.62673582547962,11.890474806615526
-9.830380824221539,1.3225507550819848,3.297015086764075,39.39727467637327,11.83836507940996
-9.823171601968337,1.321189154915171,3.304116424332888,40.943683599393204,11.884583188168783
-9.821194915087338,1.3216647006983249,3.2988927036654383,40.677765368165126,11.88343335773699
-9.826201572480308,1.3157712152475531,3.3050444068506057,39.32984906862825,11.813221148883008
-9.78922351853332,1.3174832866907968,3.295478826605708,40.57461538271761,11.853398905833908
-9.885697230055742,1.318714640910079,3.298586708889646,39.434004200083365,11.863011863116562
-9.971142336073147,1.3241228209147744,3.300417109415486,39.813281325345656,11.898652984280048
-9.859956860000443,1.3186185930002068,3.3032426464011824,40.55163350509853,11.899851849815244
-9.857815387001027,1.3206863278726841,3.304574507060824,40.229958787655924,11.846526103104868
-9.864724052322241,1.3199035597649007,3.2978467308323545,40.77319701438283,11.897845558865866
-9.957022622721219,1.3198079009606607,3.3039736740336343,40.11144860098836,11.864110575010365
-9.709410736942557,1.318995976914944,3.2932724287040136,40.566198653009295,11.728548376786815
-9.836744915999025,1.316588906423302,3.3034853247360436,40.76590808119302,11.846611569359935
-9.938642815642444,1.3135311320947762,3.2946357398701167,39.987675725767986,11.923615854785794
-9.911368016277224,1.3214401908675348,3.301786575762051,40.167197446981525,11.784398368131894
-9.838373687602635,1.3175851187936567,3.3045167461129825,40.36592023507601,11.872947952955078
-10.008824870601853,1.3150240633666714,3.303548921357635,39.95534972883655,11.945403716776323
-9.751293326196718,1.3195729586726705,3.2934432883578033,40.96150052759625,11.826939820038247
-9.945741738904882,1.3194719384711262,3.298211070351935,39.84179581200651,11.86391030409952
-9.775971906678178,1.3201060482196407,3.3028677324849443,40.11593365341259,11.797437012603517
-9.966460421267014,1.320736184746494,3.3027531796565293,39.64240700313655,11.94283697311267
-9.820693310828288,1.316599861141946,3.301103724768314,39.501880549710684,11.856149012552637
-9.965790992292472,1.316619546892342,3.2911935709910565,40.66191484677527,11.861489873303935
-9.956173834451594,1.3176623812847268,3.3047921954442154,39.72733766761936,11.92571912311983
-9.894613257764567,1.3198719521057818,3.305505041559312,40.1153353808597,11.889926291654392
-9.867662065351912,1.3139508894822687,3.300654959403177,40.887870308380364,11.811921932699347
-9.849967254357972,1.3183386932118504,3.3009143117470052,40.2433106769845,11.822193217721733
-9.976735313505479,1.3198712602227323,3.302012241521277,40.25229114219224,11.878160192777079
-9.917342202122962,1.3197120941978813,3.3058417712136987,39.59707856152404,11.821066879215813
-9.813120540122286,1.319269503735637,3.3010022167345463,40.93310071038451,11.745272883291412
-9.984861578369886,1.3198990213406725,3.2992353014187503,39.98163762528429,11.847337960068046
-9.875442887280958,1.312197941137062,3.3015260804539315,39.841796485417454,11.774857173830103
-10.003281737784,1.3208371828415078,3.299955560488092,39.585826929771365,11.928552578789976
-9.94471769335144,1.318187653193407,3.300000997902784,40.78655496108521,11.855451456065042
-9.927874330110138,1.3201114089165389,3.292936562515667,39.9097805105919,11.800229824689806
-9.988335014660635,1.3150067722223489,3.3020913263840614,39.62469218016247,11.809436401818722
-9.929838394304248,1.3137610005602587,3.30468582019509,39.96709542704916,11.748780551191519
-9.928177900957312,1.3207527076178283,3.304081491055077,40.16179315842193,11.787162728565413
-9.998861222542283,1.3152368982570803,3.303803965877195,40.06300533144263,11.891840380857072
-9.931650141267218,1.3163769323303116,3.299787990755074,40.3144427569732,11.951504952499937
-9.93071273307511,1.317960933122263,3.3005827047727037,40.23247894957223,11.875129943155901
-9.956381280497915,1.3183579034045056,3.304765610788726,40.346092925056475,11.833105531658552
-10.014002436043775,1.3188737886074509,3.303469417172647,39.86289650933796,11.815010320712796
-10.007473514814224,1.3170672812253748,3.3059454250130886,40.81392476757178,11.787687240465207
-9.917942228924455,1.3144141776012448,3.2973091342176755,39.968739482996874,11.93740719937337
-10.04368365901854,1.3178370901942515,3.297284176156995,40.45359019061954,11.8238914950009
-10.036801158000682,1.3177687151860675,3.298669726700515,39.686792734552895,11.9380236204619
-10.00685596941399,1.312592068329346,3.296227869379441,39.41518114336576,11.900834497171983
-9.971767448457209,1.318956807454852,3.2947141795677948,39.38962964298728,11.743038307355237
-10.043024456329666,1.3110413586486567,3.3018745489042436,40.035531387300665,11.795703351433145
-10.03284181952012,1.3179791936061136,3.3016022015778423,40.39909995761615,11.794474812885996
-10.03620135215051,1.3145357832202675,3.300984903568939,39.46718873361651,11.822864124783543
-10.049401885818265,1.3171074594063796,3.301414980971935,39.550198441343774,11.82277340063103
-10.006515723894848,1.3166080707971293,3.2941451532182167,40.14141983658019,11.974537055078677
-9.987822418326655,1.3154034921690736,3.2980797900593135,40.02333836534532,11.769803030588522
-10.054290185066742,1.3162687867363827,3.2988261262244536,39.65716071492266,11.834055602274145
-10.029065070281698,1.315081422110422,3.3001940241720176,39.430164938935796,11.852378551097987
-9.982884811567178,1.3165687653625349,3.2941609479282516,40.15786061846737,11.820424019605342
-10.0493643315344,1.3193967984863781,3.2962888352627036,40.1624439177308,11.824964521943452
-9.948624209668017,1.3122280239261386,3.298254086191656,40.299451366019966,11.766171358871803
-10.11072439655671,1.3084173207043444,3.3042331416070696,39.78915664368811,11.822695881027519
-9.97722971240046,1.313844249688208,3.301047481153962,39.62325863764652,11.841904765798382
-10.046378969534015,1.3135884136805274,3.3040862647839058,40.03306390934852,11.831681586615858
-10.057715720525353,1.313681087856611,3.299510275452577,39.98049982064145,11.842781860402654
-10.120403383503904,1.3124620056522378,3.3000039555735,39.23390717312418,11.883876004040525
-10.143529039279645,1.315937321117377,3.3019963036698283,39.59200530318958,11.8590712854405
-10.151142206734308,1.3113062822758639,3.299291156731953,39.84428772212808,11.814768613359922
-10.068756884200608,1.3148459084033823,3.2975010980656023,39.831190085958916,11.751600483837082
-10.004947439952918,1.3150956445151007,3.2940408583067344,39.20589140584525,11.779176270181114
-10.110316562713246,1.3143249478323977,3.2976083313014515,39.52322534852878,11.797186741809954
-10.160267737492438,1.314538562608868,3.3033447490265293,39.39671388401889,11.819781008661112
-10.106558202224875,1.3153340376354326,3.3050426965707804,40.01060113780471,11.78224616803214
-10.06658845578325,1.3134128375896723,3.2969073723937705,40.90617645076719,11.758378925541727
-10.060834803421647,1.3124819044177831,3.2930650500664065,39.93191647446555,11.744762139805166
-10.039180409309399,1.3140158258230956,3.3037064434938377,39.44245222765382,11.720623403350071
-10.007811327331535,1.3141110114402643,3.3002771946705955,39.920174935006784,11.790448720281251
-9.966858330144891,1.314555851858945,3.294611812714178,40.07053720269062,11.727730713431763
-9.93612660126958,1.309216942169028,3.287556842334301,40.43038495642279,11.75020921599188
-10.172025096068769,1.3121389398032335,3.296146357435823,40.15279857664814,11.779565724450128
-10.10524241012507,1.3102385890450123,3.298148216531904,40.345922314263845,11.731494092300027
-10.057779444855761,1.3133536360763065,3.295393396324519,40.09933279167229,11.816310547140237
-10.138847923837702,1.313546574077179,3.3027676254657004,39.721987102346304,11.833370929520402
-10.030621562881072,1.3114048587429805,3.2967497286968186,40.53211767650152,11.76792914099248
-10.075554062533726,1.3103547661928443,3.3000496077792754,39.709890995246056,11.772593737521591
-10.020490284108435,1.312865947649383,3.309493957155012,39.98081125841852,11.820365115798827
-10.024292251362057,1.3112633654987575,3.300469845197809,39.85404065545021,11.756846328403586
-10.024372059983039,1.3142397349674755,3.2995379264778357,39.098739208580724,11.752465793282436
-10.165120425004764,1.3147887921129822,3.299628289120346,40.17846202738435,11.85048778595681
-10.141340168238159,1.3130995362741096,3.3026760578913517,39.98752734686214,11.833936607645684
-10.149631780267917,1.31141781199673,3.3021803401690164,38.752732611372,11.818873082780405
-10.232660251890024,1.314457195889728,3.295985782088531,39.935381129510695,11.834150196713741
-9.984313000511763,1.3111402127090024,3.298355388293059,39.90999907709867,11.688080451044648
-10.114056966676953,1.3095522986507266,3.2973306842188275,40.167304480944445,11.853716642593401
-10.158318310889902,1.3090111194329357,3.2988694274418973,39.713679410121564,11.804712522801792
-10.077687495259893,1.3088051219639443,3.3073064840056134,39.3016893102111,11.834737129098691
-10.181070506750919,1.3100489326843523,3.3024697900847837,39.64840039353992,11.802648900337891
-10.247953941584422,1.3108366266662308,3.299680949567286,39.144711146620125,11.784833929930322
-10.071988589096028,1.3069281652904499,3.3049781287226576,39.36686881214944,11.767723248417177
-10.228073827378088,1.308707910303832,3.300753885085671,39.89066394557538,11.798951108358558
-10.14899982664129,1.3098780156604284,3.2934477985438972,39.85861858663263,11.764115851724068
-10.157239147452824,1.3105853978141428,3.3066558587924435,40.284549216034236,11.822210603960219
-10.08798010558575,1.309091423325187,3.2993744042416,39.66628579438864,11.698611729526341
-10.089182927019605,1.3094767123552076,3.2909758930241972,39.43647278722305,11.749977759267068
-10.1727499023004,1.30635439408392,3.2936014951506496,39.91002196207626,11.878423949905322
-10.110685884047971,1.3068509356846316,3.304510741684996,39.44515544643901,11.74400926058468
-10.203657468203184,1.3083951951500472,3.2936664017683035,39.468607121833195,11.762513871603133
-10.125305237048916,1.3093797821232809,3.3053968981891413,39.95942769995252,11.729458079265665
-10.26659529148003,1.308662410999714,3.3003241903554428,39.41643116331987,11.789522788329077
-10.05856984900075,1.3063426557178226,3.3028555766199923,39.687367910748115,11.735064965812882
-10.253053680954936,1.3074070682791306,3.2989727743375696,38.93282778619625,11.761749712324889
-10.218380146404137,1.3107431566201104,3.302093459423689,39.93799626947664,11.81262999386606
-10.240864131460569,1.3086466961993952,3.3012662688111063,39.37090099329065,11.734409279437221
-10.245551275910143,1.3070712378626854,3.299845879424797,39.75613462951691,11.807943180946944
-10.20459784141385,1.3051821913839736,3.2957382450710733,39.78520134923698,11.808793672553362
-10.245765475167987,1.3056441327443271,3.301434113502838,39.94498386816897,11.819604016298873
-10.125339536819757,1.3069205272997646,3.292731903609805,39.65509358737567,11.773061704818039
-10.260709277469074,1.307295186348001,3.3037260052867827,39.33949393742088,11.927280506793114
-10.250237181738145,1.3077098510887037,3.300787980152186,39.056218243659906,11.81713160556288
-10.215039772600791,1.3071896264196594,3.301856786032344,39.35286013159435,11.779840655138324
-10.106622652213275,1.3055076251540465,3.289532373706419,39.923220079921826,11.71899690717276
-10.147540092510868,1.3050598548906573,3.2954970651831443,39.37809803269052,11.757141041618922
-10.311275392021512,1.3100095460921064,3.2979769352279225,39.50376400750661,11.832515748084615
-10.293656625979263,1.3046356868283246,3.302694712949722,39.99960355796695,11.845886077767124
-10.221334190307974,1.3029978294464566,3.2962287562525208,39.37924672290674,11.833540311214694
-10.214071305991073,1.3021359922130251,3.310192015017203,39.04610958438324,11.798102557151317
-10.250050916836134,1.3045388274735106,3.298946749495929,39.33453770540758,11.695283608404978
-10.188422857228995,1.3069565515250563,3.295936017980136,39.05409029173468,11.781652992578799
-10.246376462568204,1.3037556805394754,3.2992526005162977,40.04093648926506,11.694457686507846
-10.111306089951112,1.3076932233055731,3.2961962101597067,39.81132835439998,11.681391784824067
-10.203693580096,1.3045538886031034,3.2952626340564284,39.30123134630854,11.76696546768036
-10.313231732718407,1.306617477393284,3.3040439185094574,39.14959406232258,11.78041435907679
-10.289315604745124,1.3027124936089063,3.3020529624454027,38.94852356098549,11.798674773541391
-10.282948439968377,1.3025727550586073,3.3020645777128177,39.83855919151257,11.7776189554327
-10.244170739261993,1.3040682235909782,3.305107012358335,40.24653700550706,11.77860237454898
-10.230832709689578,1.3046798892428686,3.3019466879559505,38.94069745948761,11.702056098983869
-10.312047415280867,1.3031852302560343,3.295730371719614,39.7932095518153,11.745310282075003
-10.294647531498377,1.3039561706493255,3.30283457433584,39.3123646422031,11.674478414098125
-10.168366944521322,1.3043760499287032,3.2954935251066435,40.17026225261253,11.648945696775662
-10.255452312994533,1.3001856613139176,3.298087845270783,38.75556411239031,11.785430965108526
-10.231663140250518,1.3021721619339053,3.2998171275412855,39.62683159933027,11.710032076421134
-10.265100211399533,1.3016438185870287,3.2994112791726433,39.306639786354275,11.790607491363287
-10.327078714429367,1.3015678819602559,3.2928352673971304,39.609478189449135,11.80169903238281
-10.238410624722015,1.3031486333593574,3.2961295818146543,39.54763550144477,11.714619704921914
-10.130073721997856,1.3011518728479867,3.2999099653887476,39.74875496123836,11.774409887229096
-10.183311417083216,1.2979777056606419,3.2975572531582533,39.59098254084879,11.71115011426309
-10.244154835349848,1.3013410814600046,3.304505031393504,40.136609878399696,11.651232495066775
-10.310160080234532,1.2995114263795966,3.3051899430657845,39.309690353417736,11.74901528001149
-10.438202048838072,1.3024588971724107,3.2955184560687836,39.4693092012691,11.718634382563776
-10.205890849886007,1.3029035103023496,3.3002390189883197,39.839623635819045,11.719506801338186
-10.285863823282432,1.2967682433075318,3.306330869938006,39.78379599618586,11.839616504330957
-10.280816261591157,1.299395136463943,3.2994631283791347,39.03246729827601,11.663899529728035
-10.384458237432172,1.3014759743684676,3.298372082098721,39.51395275166969,11.758683912421832
-10.336075351971628,1.2977770471891168,3.303440883841121,39.46259707053882,11.689152929360793
-10.290312085820345,1.3019856430556418,3.2989031928071237,38.94359321479764,11.783664268341527
-10.309724980824495,1.3023444462036728,3.305083480732638,39.29559175408359,11.752535649666935
-10.267520524516858,1.2997472549792068,3.2976210138863897,40.382670780804055,11.755949190746778
-10.273346586379205,1.298348930732278,3.2981016482634318,39.29658425134108,11.689110385321298
-10.227627413036176,1.2951010942272734,3.3031606258683825,39.397685267744116,11.697453382873968
-10.308390818297747,1.3011757767679564,3.300402174893928,39.56350240310363,11.781478247509616
-10.30453185536395,1.3033783312783993,3.300433624228478,39.17458807475551,11.823043594847466
-10.449978004553275,1.3027901385892109,3.2923626740896497,39.15622526149841,11.757912140907742
-10.366808238765097,1.2986345290407793,3.298586346689774,39.08681987033921,11.688423821515707
-10.348105303266104,1.2966648386134683,3.3034561498246267,39.464743837992636,11.749644968866592
-10.31626508158565,1.300351240437168,3.2968651600714636,39.34271496263056,11.85347991919354
-10.212656762786999,1.298248156996152,3.302802672262559,40.35548359267181,11.73664083205534
-10.371897564939836,1.2992841746462171,3.3010719592879294,39.27460765392143,11.804030220509874
-10.34624718962656,1.2987595585920346,3.2992011395699414,39.21846125204666,11.693345317818313
-10.446863558929937,1.2981663466761555,3.3054310186517424,39.518047382200514,11.727686225621405
-10.296843585017788,1.2998638057220635,3.2986406238970134,38.84987904262084,11.760202675001318
-10.378657263027126,1.2997647196428002,3.298919411861827,39.91937448981562,11.748529871776832
-10.141590772260082,1.2964147937519652,3.299155454462602,39.32142616076242,11.689788229883447
-10.364908377010359,1.2954409232132196,3.3003220996319937,39.74716229390501,11.687081174995946
-10.241697703315136,1.2921161021056675,3.303067830274859,40.09924849057385,11.776425838892171
-10.330712311090576,1.296249416447998,3.294109779222776,39.12825286498678,11.78604892755938
-10.44783693742164,1.2945827271330077,3.303472181073085,38.93244095981647,11.801543540613316
-10.382012388148171,1.2974356555942723,3.300272392270815,39.1923040180884,11.81560308042681
-10.310423997036356,1.2957536713245268,3.302216138319205,39.62777056122956,11.731612949500592
-10.361568355392551,1.2957989635507963,3.309567401666371,38.87764003359013,11.708802674743751
-10.341814103458391,1.297706453986114,3.2979533583953833,39.2726813264749,11.791398090903192
-10.329665860918373,1.2967060304290299,3.2951013177149777,39.21529837063049,11.758993172591444
-10.302926263695205,1.295507451576941,3.300775196113967,38.93362250168029,11.673713377313234
-10.340879946308734,1.2989433180286927,3.301408667345554,38.900238398279,11.670656065518784
-10.45098461390406,1.2968767368156087,3.3034864373175687,39.14932954331763,11.74644135369778
-10.370815717345144,1.2943990398559537,3.2978464930240707,39.302578706844166,11.712493401064222
-10.36185928404409,1.2943189408080094,3.2966795725157896,38.97069054205317,11.719553231868359
-10.514896647517503,1.2964692685932984,3.2938681165875106,39.00190351626118,11.77402430745067
-10.386771269840072,1.2951296514246247,3.2945300258844883,38.96767635605608,11.757877729300093
-10.419426370698524,1.2923134932196438,3.298336151114807,39.68398366306782,11.785953099515117
-10.412295386887372,1.2961775055282596,3.299533660256323,39.13421647292356,11.622421537906813
-10.411509030673843,1.296735238826936,3.3082605366655873,39.6159959325037,11.731212495084316
-10.423671833641206,1.2964166868507951,3.293229666737127,38.475580485958496,11.752826639884088
-10.236016282585824,1.2969729946238955,3.301341605308732,39.657073764660744,11.641317902588705
-10.362792445667907,1.2978599458768616,3.297096256586788,39.512846611772005,11.684462770606848
-10.311574959596777,1.2970159988135794,3.300891466894515,39.321696733039595,11.67474903576572
-10.404731527075146,1.294072426161039,3.2977870565072935,38.9749955624637,11.7174293358732
-10.552614284956697,1.292809771994648,3.304141538348183,38.83321764962141,11.797313659586171
-10.412062353537166,1.2894034653174575,3.3041167615772222,39.47286136313627,11.816632373671386
-10.423319678500123,1.2929209736732101,3.2995475958552407,38.66914733488412,11.674375884485773
-10.43982544170276,1.2937746201215419,3.3057564477887476,39.40054503835746,11.741010907636133
-10.486005823321502,1.2926611169911824,3.3030404346815407,39.15533463578523,11.742221152714132
-10.41650648989408,1.2886357978773921,3.3055702358541543,39.06267003553187,11.733266203351269
-10.359562193672105,1.291677803708963,3.299827451148048,39.19365055038398,11.733442998399806
-10.367436295199681,1.2933811071487074,3.303807194992739,39.28987147855419,11.728295698333655
-10.365125599979553,1.2898786119689885,3.296926947652056,39.933196628702845,11.797107097798877
-10.34428455091984,1.292102438045394,3.296521363862232,39.45063187598999,11.767477405257946
-10.51893379620612,1.2924755497386609,3.3087193025606583,38.58505554581061,11.658977348804308
-10.51647213748432,1.2936901099570906,3.2956565124464654,38.792936459528285,11.751407545262532
-10.558031302183345,1.2947219151964484,3.2982555774692384,38.42610613054384,11.755882097789478
-10.399449293138424,1.2903842448111158,3.292407972684338,38.445186099132954,11.726659228395002
-10.501613737447247,1.2913512789565469,3.2966165475141938,38.53191741447567,11.767135021376491
-10.468039957729978,1.2912584564159735,3.2960230577434437,39.11195062967313,11.719625953828231
-10.454230629217191,1.2919723201266167,3.2973188371758853,39.60112172055861,11.71990960437963
-10.41852736086006,1.2915943391598261,3.3011995351175742,39.56125463778923,11.71561773512042
-10.479332900050716,1.2932162286641147,3.3021641415290715,38.579229885623555,11.60831852279799
-10.516402348295838,1.2855510422878778,3.2959727618989367,38.648135293426606,11.704891362421908
-10.428298792896,1.290897841379097,3.296841333810817,38.76792886491605,11.675184850333293
-10.345690729553432,1.290885541547498,3.304334040917755,38.27597476267181,11.64896662497107
-10.486836326516004,1.2892899497089576,3.306821172275106,38.959270965951696,11.779687136698842
-10.511743578464596,1.2850828571181563,3.3050236674343214,39.297814825015166,11.732899356491151
-10.581953736278937,1.2893401439827,3.2934146755223432,38.73513637263548,11.705905749800218
-10.384685918134105,1.287893076779094,3.30475762856956,38.72350154308279,11.678871030308898
-10.50967753918182,1.2925229849897188,3.3074147554260573,38.642585621981524,11.721639147292633
-10.553891659573155,1.289771357744168,3.293216202850365,38.76067796102089,11.756127524445734
-10.54463828880817,1.2872843422946563,3.3043308022273483,39.218811428763345,11.664938066077278
-10.550742836390434,1.2846254060732525,3.300900866460278,38.825387142462866,11.70578116999992
-10.546007744703292,1.289768173781602,3.2986914491616086,39.1619482331627,11.749167740821589
-10.434670972901241,1.2898363482878017,3.3004247313909967,39.098121518864225,11.608711788511494
-10.541923258998718,1.2878704877114977,3.3017730422784153,39.01086907441521,11.702386392562076
-10.45105219399635,1.289368274736443,3.3046303402093353,38.72182795792922,11.683558959203438
-10.486448034356174,1.2873241666650237,3.304424058117818,38.75276600980011,11.698096297818362
-10.331217577589678,1.290015834491592,3.293972290724387,38.835240978464014,11.679476246277742
-10.584846860534705,1.2897283927101109,3.297405310991301,39.070968444278776,11.711214412542942
-10.519594280555273,1.2843277248093286,3.3003742620836327,38.8443373869586,11.800295680559968
-10.464697550906237,1.2846786882612256,3.3062888749476977,37.631552611508,11.687704966335502
-10.554396477677917,1.2913960860708547,3.2890900339122875,39.0836688116033,11.718279048276164
-10.531448882100607,1.289063330601774,3.297556658375105,39.3267587461589,11.803228867780128
-10.429385143914224,1.284540566019055,3.2938884373056516,38.81654549489035,11.675794462072798
-10.530895104218574,1.2837919431050078,3.2945224897676124,39.1303237778468,11.793838351400547
-10.41038017163522,1.2872166175910602,3.303942940381771,39.095348570925175,11.703185729708885
-10.67051130039697,1.2843858181034375,3.297872457628228,37.81184921145997,11.791835042077182
-10.566570008814082,1.285907424635603,3.2906652081012457,39.64804702227121,11.740076597835172
-10.418424192897637,1.286317696523708,3.2993662437990685,39.081663762225354,11.717753933225206
-10.44484686537118,1.2861038283760335,3.308143437953843,39.19087259595927,11.698954620413275
-10.455127297187534,1.288411276440984,3.292773235212705,38.83990900212291,11.67087739091956
-10.433001144241995,1.289702261185997,3.3021317495018856,39.01578564305759,11.705718020795242
-10.644457416743016,1.2849505254926705,3.3062708152472546,38.775750127581496,11.746651171484306
-10.460886456549908,1.2835237284941698,3.2998023092812905,38.66121122635433,11.700987859839685
-10.439084387068108,1.2864405072789054,3.3077120012789285,39.799417111077126,11.685678304271633
-10.54601617232828,1.2888046351771338,3.297360756724154,39.24322635852107,11.688842013780958
-10.381713210468439,1.28461520567231,3.3057837601531186,39.44330499482295,11.750882352406753
-10.535385618926982,1.2870034250046207,3.3048397488861427,38.87251583272124,11.76239966332747
-10.63329706416057,1.283510626526875,3.299869869284976,38.428918384288615,11.667672823562254
-10.480680962429991,1.2851107591668929,3.29405118337835,39.45067392043829,11.667495407007687
-10.574799942592666,1.2826287876979707,3.2959930803002924,39.094677479455086,11.71979289045351
-10.492255401548864,1.2848599381276737,3.290623251649131,38.85572023204895,11.777107388159916
-10.521572405061216,1.2844921204175637,3.3023765997060517,38.523046343867435,11.757941838444047
-10.532200770919589,1.2858291957896748,3.3018972020367015,38.30523739017463,11.637966949864445
-10.432685154914973,1.2880581646085172,3.3003168698078147,39.14605857576048,11.687278700333202
-10.451604339744154,1.2836145221786575,3.299509144613755,38.997221663850404,11.653880961839153
-10.57601611691547,1.2802843149409142,3.305430366987146,39.322217581186415,11.68696985795875
-10.58404376107055,1.2837722225238917,3.3011911926717716,39.228794288145195,11.780506033327212
-10.470002676277343,1.2846689276419692,3.2977814193711814,39.075552369798295,11.629101256688633
-10.519728541222724,1.2843691677731555,3.300588913034854,38.928095038375304,11.619239487230262
-10.539445916728031,1.283546818277059,3.3081900204403945,38.46027326365811,11.658712215077307
-10.546816215600606,1.2867346190769866,3.3024886675593663,39.33075857204209,11.714468332636132
-10.62303456789485,1.2839303803735151,3.2984403271425364,38.731238907188256,11.731109132908065
-10.690190394880213,1.2833483653722064,3.2998221102261174,38.86173160250726,11.721918113196159
-10.562042406889859,1.2819038043826128,3.3018535149365027,39.34663683479049,11.758809971889349
-10.623954906445455,1.2798683136401148,3.298315655855082,38.52584715422818,11.611857143369052
-10.639678024365907,1.283923984334252,3.2979618218608437,38.38947767096067,11.759419682701726
-10.650558608048057,1.2836614161035766,3.2999547121181196,39.68636505268288,11.684395233997686
-10.670928324375348,1.2809582607016794,3.3060763604607275,38.8959308636795,11.736577571274022
-10.496725061597687,1.2828958072780532,3.303163906052655,38.895110493005596,11.63384015174259
-10.570501549128881,1.282605775147967,3.298361884554156,39.354955203183195,11.700273536578251
-10.580086467256686,1.281554705711947,3.3034760517091253,38.716524287319345,11.711859229982533
-10.668149446103138,1.2811286236445194,3.3000342936473612,38.79389526147059,11.757858943750948
-10.561636368063619,1.2834382630240886,3.3013783533906245,38.649433957633434,11.620840071376945
-10.541702819523861,1.2820906538273065,3.301014495285809,38.90980615924814,11.701677550175733
-10.541109467433985,1.2812757970692592,3.291558972098116,38.80815301263122,11.645920987337163
-10.52997511069072,1.280651283129995,3.287810256021022,38.63929741136408,11.725506091338197
-10.5297952962698,1.2820328422196774,3.3009064856832335,39.037554403818454,11.739146360348249
-10.617144282432726,1.2840613131295715,3.2965885549286518,38.510273362562806,11.764703996179918
-10.669141638183893,1.2825465143796084,3.293442949640902,38.892111540170305,11.67365966685821
-10.641501477686809,1.2815812390499692,3.29671196271133,38.59517933983409,11.746843823117235
-10.6143348147428,1.2825960793502298,3.3036985701147783,38.08329056706771,11.768604639847293
-10.581476826962842,1.2846328562990228,3.301431302747295,39.08538558243716,11.618479974535646
-10.656061748041639,1.2828112801825338,3.3030870448112797,38.9429155023203,11.731348030926975
-10.598749216616035,1.2822786035992233,3.301812382230796,39.70392236912201,11.74875050715916
-10.428170103682874,1.2829643993520727,3.296324672058406,39.1507485271768,11.687988480560689
-10.58095221991814,1.2813018461579169,3.3031061793677643,38.91142422363462,11.640491670374416
-10.607135267700249,1.2819179424300016,3.3023429586612867,38.97716546119868,11.74828937837796
-10.633579094644626,1.2805052341518506,3.299530066744265,39.140722669084774,11.641283080349712
-10.507222318986813,1.278316786698284,3.3002353607543142,39.36843509798221,11.692463568764301
-10.534226827533782,1.2820397284864415,3.303169863426738,39.059060498081344,11.69950324163456
-10.558677068695342,1.2819850003520163,3.2970022027371533,38.86945574156181,11.737420333974718
-10.493286066058605,1.2806552223821157,3.304351531859928,39.350492596267145,11.670451520557679
-10.600461187716894,1.283242727910171,3.302260375858593,38.76923790180154,11.667699258855631
-10.613937680152082,1.279669750500273,3.3000090315868222,38.25645741952581,11.707025236851678
-10.51725990340364,1.2775134980087337,3.306124945618244,38.36499025131251,11.75255567838859
-10.615277224505373,1.2796067874698438,3.2948226737267317,38.65213963386768,11.816771015128742
-10.692871399219731,1.2778653397314896,3.298159260910526,38.66224481569184,11.627192481598918
-10.579338497375483,1.281570941165704,3.29727099680426,39.83013470135775,11.718507331673264
-10.60781039976825,1.2793398177631758,3.3014323641856307,38.736368991012554,11.648592828065814
-10.572968125183753,1.2827639157410264,3.304729652260403,38.87270396785996,11.754045146114436
-10.554737923976534,1.2826741613849393,3.2960679122438923,38.72879101248487,11.656368013625963
-10.691552664047471,1.2788501082408403,3.3132219922689505,38.864417048963425,11.669759135950555
-10.574406560761926,1.279038805113728,3.297348974813246,38.96332410793321,11.674229954868258
-10.591995820739797,1.2816803337537401,3.3014427338909664,38.56067373403349,11.700091143095941
-10.594069416333172,1.282529046132213,3.3000107452100367,38.40727696184248,11.720274199381764
-10.586605225498655,1.2765035171849792,3.3001846260541985,38.66584280291466,11.728518251963003
-10.520377876375145,1.2810529747976263,3.29683035406232,38.62189581747316,11.704269296787198
-10.553423389674993,1.2760568123112024,3.3042701858981025,38.80068883252458,11.638293239584085
-10.629537090581215,1.2793188103727917,3.296584314981414,38.79751773405037,11.741412835246324
-10.543714999212133,1.2825684967134916,3.2929242836637385,38.71209259272966,11.702616947499195
-10.50958493189796,1.2863675579185123,3.29551201027109,39.5626296898358,11.763598584466436
-10.543685566602178,1.2798387011118917,3.3057812624772094,39.37638678500955,11.670377476905035
-10.565019588177964,1.2777919471382142,3.30500188075124,38.77813776450406,11.625908852246202
-10.591800128212402,1.279230525944691,3.291971057268188,38.43073324889966,11.70458505812047
-10.636780812902188,1.2803624845351964,3.3032549183932822,38.714520872062245,11.771353354194073
-10.623787280707099,1.2788642030813897,3.292072268305574,38.69893809953255,11.714877774891999
-10.487091227725676,1.278330886099695,3.2998910885940793,39.000704562294864,11.697127707905377
-10.646284298145842,1.2793041906590086,3.2951689937614796,38.548221351144896,11.663879952964574
-10.598844268712199,1.2809279134781497,3.3035631261446863,38.38255299855574,11.79557730389847
-10.607088610278403,1.2797783220040426,3.3022186436132768,38.79977858415571,11.656506092717628
-10.697038449827168,1.2783358293752027,3.3039183170312727,38.465577213790134,11.672019310999286
-10.652957048281875,1.2787423206047872,3.2988190407556472,38.58931176251561,11.737099088860223
-10.614860189320336,1.2792396559324692,3.299234684241432,38.80786408029594,11.616110247622862
-10.62669934698819,1.2780549656110087,3.2940030168440892,38.71885794304995,11.77296026035704
-10.640639112303731,1.2786274927667218,3.2958780616044137,38.7476097564995,11.740765363597435
-10.715325760725781,1.2813185390095392,3.3037941337394,38.41047502651139,11.754847771916372
-10.558214873610106,1.2795616300310448,3.3014690598552168,39.02762816929792,11.738128102710762
-10.564073303609748,1.276507824361829,3.3004173399809087,38.58473371967444,11.702507626978537
-10.512742329722585,1.2820587439551157,3.3050484550406605,38.5393387109651,11.657753428529642
-10.617727481447103,1.2808378568772778,3.2947994312580144,38.408553412316124,11.704259657002657
-10.614161093544789,1.2772352447319786,3.3028805915951547,38.50100201132682,11.662859675630873
-10.6072769248556,1.279269369031401,3.295283373523888,38.270325526324875,11.73629280918804
-10.6930811879273,1.2784160688374273,3.3059114954823174,37.936754934685844,11.752693071066947
-10.668294201641519,1.281355740422755,3.302177896691094,38.86479595901138,11.786569023318465
-10.6599146233349,1.2792618099920852,3.3038580054427937,39.18986803432653,11.731696955238732
-10.75174621432917,1.2798642759039414,3.2971934129448957,38.719589204457684,11.759722784492604
-10.626771632542384,1.2796376641889684,3.308728392901085,38.55321797544177,11.699027677914025
-10.657214256345721,1.2770635362810743,3.307994231564274,37.998997049146475,11.690367403206606
-10.669961452098361,1.282843871252876,3.301721516082028,38.73685467721706,11.738366639652293
-10.612918707546482,1.2813685331661107,3.304701046852377,38.13123985709195,11.695766618503592
-10.575614115309149,1.2785614197207564,3.2987924528317683,38.81410803155238,11.728962192879523
-10.670449407479316,1.2804537434345407,3.294926075070962,38.33926935425421,11.662861351684697
-10.645010055859863,1.282033605837109,3.3031831620702574,37.79774202277434,11.67226304319639
-10.709439382325527,1.28021371902397,3.296322759648,39.17333487669011,11.74854375893308
-10.720406877869074,1.2832341276545214,3.305240880576737,38.056864685167774,11.76154205644265
-10.660228780658818,1.285976217139559,3.3041914325535475,38.53722602073002,11.668364386974755
-10.678503320786623,1.2799096805350763,3.300940890602151,38.59140510993534,11.751622929289548
-10.602222778478444,1.279019783818286,3.3007171835308133,38.60737417544821,11.691905815571491
-10.632609488631106,1.2782304530986948,3.3039571539341983,38.920613092969816,11.719823602035497
-10.75097636868273,1.2758080577955047,3.301098256092385,38.201659104566744,11.790306657883729
-10.595384217157253,1.2827589377490596,3.298382153090803,38.96199486265412,11.760300233751986
-10.616771605193112,1.2795846037062966,3.2939419711040268,38.893858761453416,11.76019123861627
-10.756010887567802,1.2820727473732514,3.3038355989176686,37.936877544650486,11.816314247528242
-10.563844342811427,1.282506883325131,3.3014657560014977,38.9666475257755,11.686163167085933
-10.611280322882168,1.2782254777490965,3.311022640307755,38.35585041411206,11.672551094880335
-10.64752080498914,1.2785607226191098,3.299616355374005,38.23870208330318,11.6862317352833
-10.62896976327608,1.2839481485009112,3.3012081442123358,38.85828550772872,11.710111087576283
-10.60011761852025,1.2803565562757957,3.301302014228716,38.63642326179192,11.60561217778427
-10.620150238196398,1.2792155086073451,3.30260302543206,38.90887459326857,11.713477132129427
-10.633780462794464,1.278486616450559,3.296132484294421,38.885134378093504,11.697134100360584
-10.699053679462455,1.2803364099778138,3.2996911389888868,38.03069049354058,11.764069966054352
-10.790142121340933,1.2836789447925216,3.3033106376755135,38.715962913159814,11.743027525214666
-10.613689011059853,1.28207933890158,3.298668946286322,38.88662853504834,11.695901531318754
-10.698048493033433,1.281118763743402,3.3031607549751447,38.36924790548773,11.755969429195018
-10.632815128911673,1.2839805226137444,3.300386863871895,38.68002015243203,11.763174771728226
-10.613813802012464,1.2836447346215498,3.3016074842702197,39.08002946372793,11.689129758362904
-10.670967196123563,1.2815725903822468,3.304604545654331,38.53022118177796,11.703456451119884
-10.545911966273152,1.286509201153054,3.299090577619794,39.75427985896629,11.61739529700879
-10.623848104779457,1.2805161816050588,3.294192595156987,39.348580989029436,11.674691415976577
-10.635491930152352,1.2832625970725713,3.298934640278556,38.77572954869678,11.692667050182044
-10.674467532612809,1.2803375008864524,3.2966977792756493,38.55986993860634,11.73407009494055
-10.540120676436265,1.2829875825066674,3.291497055793915,38.84588925538738,11.683669043572204
-10.695157483151302,1.280744935876257,3.2995732734913097,38.36942367680471,11.705847092166936
-10.654341512810058,1.2822257000011694,3.3007961226361977,38.741405653289796,11.670839782897529
-10.744536119953496,1.286145912166777,3.304083045371234,38.78594640057576,11.741253737670053
-10.633448340168108,1.2833334400060845,3.2954427581749757,38.193312078323935,11.754580587283524
-10.711775902719229,1.2824489288824825,3.300354104098087,38.833559827157345,11.754015017467523
-10.695664785833698,1.280012760535138,3.3045123653282014,38.98209085760799,11.73512176535635
-10.659996088011303,1.2820069471033277,3.2977014111864804,38.90887856875801,11.658062072317252
-10.648584942429599,1.2796842071753294,3.3021448870371213,38.65085219096188,11.704735095343741
-10.733037676412424,1.2835452809588026,3.3063908720334116,38.746176857390346,11.715989532585485
-10.793002049349697,1.2835675878094863,3.2925503428936684,38.93370829736305,11.716817207641716
-10.64320422539791,1.281558448568505,3.3010906172841255,38.69031387231111,11.741363148757673
-10.831533422023938,1.2853200473999966,3.3046515595121155,38.3463772298507,11.809528266496711
-10.638412313425741,1.285115410834895,3.298597148637931,39.57619333441477,11.77949810185226
-10.55142257186898,1.2824469126309295,3.305547039884885,39.02005237019666,11.690164466660821
-10.696686939004767,1.2833580019431277,3.302536887139182,38.20370853352271,11.7741125226295
-10.608149925398932,1.2811307790140243,3.307077428660451,39.13288864907601,11.772864466821968
-10.65164138751814,1.2818453934830436,3.3023298592995407,38.85749398551252,11.701207878219964
-10.595817851586038,1.2803171412858128,3.3074101548092263,38.54619748624946,11.784621372681336
-10.694114545870235,1.2816012196473752,3.3012000001145276,38.170190030602164,11.734830977992102
-10.777582409404738,1.282435181095313,3.294528817463847,38.540274324755764,11.673028764297394
-10.687287784599892,1.2794106112572539,3.297475998479119,38.601384043006455,11.76696808692563
-10.574221162547277,1.2839736757021754,3.30407345386063,38.35385775801463,11.755742423682058
-10.63363398609283,1.2849543146147333,3.3039947585492184,38.6973425239262,11.73420168969378
-10.701543425438333,1.2829855343906036,3.298757594201153,38.53633774390293,11.744408999239642
-10.633972699851894,1.277699492041785,3.3072172032602376,38.70708880745757,11.711028292311711
-10.628780439506128,1.2826818843872412,3.29858412944845,38.93907499162724,11.778194821300538
-10.675943357925574,1.2804962715575428,3.301847907967454,37.94335586563214,11.746226297890928
-10.518555631799359,1.2821602530443335,3.3017371330005547,38.518037284805416,11.757436595443082
-10.712023826201879,1.2863810765538943,3.2946781192272176,38.3811742146259,11.767691349601293
-10.583094507028354,1.278707228905018,3.2995580323085374,39.36428262051177,11.69282983558792
-10.604083274985854,1.2820436718769581,3.3095213183042667,39.73894618436765,11.706574577139383
-10.658931615830934,1.2854370011119916,3.296310932442325,38.6840739506638,11.641525852281033
-10.711796753920478,1.2824767099893573,3.3025006303091367,38.594624484934975,11.780999256337916
-10.580829013609483,1.2824276297718789,3.2953824697494887,37.86099587102392,11.692895417430012
-10.666842756074308,1.2881544500042894,3.296269243299445,39.02809943327546,11.760882872208086
-10.66118899411468,1.284952771630438,3.2943428490515765,38.85747959311885,11.773556944698473
-10.78538546210882,1.2861721643782515,3.30376428389532,38.54248340733677,11.78588298643773
-10.602665468456804,1.285401657049218,3.2965144495654832,38.296183768740946,11.696326959718693
-10.65320337390556,1.2848456575163125,3.30506997658266,39.48554843731653,11.754036820780481
-10.71759345602548,1.287161436362322,3.2978747194822398,39.17303026356247,11.841580639759144
-10.69312502456022,1.2885563737876846,3.30051199704381,38.731491411479524,11.84455867581405
-10.721062841918137,1.2814921024413841,3.3016455233078754,38.95467221863993,11.80899001089403
-10.715671423027345,1.2849031103254787,3.293532494708261,38.589101136728665,11.777284003926754
-10.66098587010546,1.285003100595795,3.30081459700104,39.00645908210102,11.710944079797345
-10.717285796563019,1.2843478321691548,3.3013995911367475,38.04252768376494,11.797925079182182
-10.536540644364717,1.287286523036847,3.304560067949221,38.01743500942274,11.754892066439504
-10.630466014392768,1.2859573098846828,3.2961619864424003,38.231271362552384,11.791623187681626
-10.713281424789031,1.2894147215214786,3.296731912610134,38.25084411387153,11.73276274799317
-10.544309837480156,1.287885649258499,3.3026381918497996,38.65395531153132,11.756570897302279
-10.700689784566604,1.288536952096604,3.3056495679008653,38.77786554438084,11.774242023075958
-10.674795345022417,1.2835327303724005,3.297629989976023,38.547473990388994,11.779170116137601
-10.62868199829453,1.284443469960027,3.295059185376588,38.73117033286895,11.792368342498357
-10.773668888159023,1.284733903810874,3.2987330874700604,37.978818309009576,11.73955287575744
-10.650341622789556,1.2889542215861842,3.295946707969469,38.19085033494219,11.702183227772451
-10.744461823304729,1.2845013713705202,3.301591124397412,38.52751770284427,11.851425919059297
-10.719095953461625,1.2846886281776009,3.2956806608935585,38.34496607767195,11.895492967516407
-10.657866438531444,1.2844515821400404,3.303891618844013,38.68609327416523,11.79424924588011
-10.640121424452305,1.292331156792523,3.3008504667732588,38.9375168971696,11.70653089994828
-10.656363659116279,1.286672451234822,3.3040163997664376,39.34306713046965,11.734927370091025
-10.616771067273778,1.2881494970680778,3.2903067655260085,38.75827699521835,11.799903936208855
-10.683053339312227,1.284942275547502,3.2929673971581246,39.35923088148209,11.842369064347363
-10.634457722388456,1.289276789111031,3.305170690497923,38.89359448490748,11.715538255754398
-10.654923113088103,1.2839466639049126,3.297121916075819,38.96595509837378,11.770839911314336
-10.561274114213496,1.2856726688897389,3.29413446899244,39.29868581234695,11.78773116497615
-10.677395968720303,1.2863055457779737,3.2991892063737898,38.93310669421726,11.822045721521256
-10.6880189402157,1.2883445873425132,3.3009693829885225,38.3032793908251,11.762523192449276
-10.740774071762823,1.286460151266531,3.2993679419223043,38.9516738729154,11.702403154948152
-10.76647044469456,1.2912346940454305,3.301872056585971,38.317426073728605,11.812548587007925
-10.720607826818405,1.2893344258293222,3.3013300007442,38.67945983423216,11.838627486954875
-10.668453658314203,1.287090943015088,3.301120605373717,38.7162331668254,11.779161238294815
-10.707020942411777,1.2906084325109084,3.3053934839527113,39.04359666144075,11.804460064463726
-10.63014591843998,1.2879705448527707,3.29994327869355,38.89693491653175,11.76138485550125
-10.675554561819478,1.2877210125486798,3.2998256789899014,38.09442667416431,11.74373622551745
-10.742617343729634,1.290839134110357,3.303211245957873,39.351428015766295,11.838265671340375
-10.634502452883767,1.2842883047308606,3.3022106388308257,39.06496863497894,11.807242758034759
-10.59114297787488,1.290810862005615,3.2963885670296045,38.597517002044896,11.813314012633304
-10.764491527769593,1.2880631239800149,3.2996315450116582,38.016097267292906,11.864832978109776
-10.618963168395416,1.2882089850868876,3.3017529163933848,39.14178144222923,11.737920745331568
-10.759892822098632,1.293704148780999,3.2976526874390584,38.0725878305704,11.76400117545433
-10.751237287719404,1.288875902277438,3.297843298176022,38.81781217356752,11.800442750707052
-10.679445708811365,1.2920013762316185,3.2944341660058045,39.06874172558805,11.765277965403811
-10.609109769733305,1.2908000102889083,3.2884688825480546,38.52187339796947,11.833601929665715
-10.699049235520459,1.291160219891732,3.2985036854331398,38.306306809977976,11.786030530936051
-10.680537925967192,1.2900466018518124,3.3005091431912152,38.45083719375275,11.74673313596526
-10.65522513941429,1.2900964237194932,3.2956183432514603,38.29399767114792,11.800611521474686
-10.657127919368808,1.2939127079509773,3.3055114885798043,38.77757158413958,11.806806896309938
-10.724905316970334,1.2928732240520255,3.2958131993024145,38.699101082660015,11.845994921237159
-10.544409056429513,1.290169199184897,3.3036501222291443,39.20217874153037,11.819892545357122
-10.680515294381001,1.2892337385586345,3.3016746801535293,38.305639774159566,11.82427130510327
-10.65355559627561,1.2903141337086235,3.3087053415682295,39.02887255494539,11.81821083967034
-10.671050763202436,1.293604310647201,3.3021593572910284,38.26282805391933,11.793771165238251
-10.606619526748675,1.2941575791339828,3.294214895743542,39.12251787778876,11.76836111850562
-10.583308155306868,1.2930695827130854,3.3042174664229997,38.23871994955505,11.819607503083915
-10.541285682296856,1.2888862658713565,3.3067903273398587,39.54452460101569,11.789506567812928
-10.736651738171616,1.2937880782267008,3.2929111509223645,38.31808994761122,11.891654848116087
-10.615401338073376,1.2950489766730038,3.3025565156311294,39.00883286794194,11.875277414144486
-10.62994654457801,1.292950809141958,3.303441259392324,39.01149151090259,11.84081849053425
-10.597295496543797,1.2967257412037907,3.2991486872798115,38.2975952799696,11.829111748395896
-10.648807099167929,1.2902871837095748,3.2903121813538507,39.036439067368086,11.806805930135988
-10.62436268238362,1.2944622684655973,3.298816168438046,38.53097546354032,11.749166771777425
-10.582283881578235,1.2912162651322732,3.2976757231416705,38.713002788703136,11.802436997842616
-10.588234995394203,1.2955383596184271,3.306119103452254,38.555441105001144,11.81934181687731
-10.553912960528399,1.2948120664606007,3.299645634827927,39.5376915081893,11.826774381124537
-10.641071350888845,1.2973546137549417,3.2983507553330664,38.24986739790566,11.839811634340457
-10.669807731791389,1.2949173524919741,3.297653950124142,38.832499648656075,11.863438081191267
-10.769748574815864,1.2932764196363522,3.3013029904671662,38.211038361376424,11.783804100002488
-10.71814939211049,1.2932692381029776,3.3002274727699925,39.00013007418531,11.785301712693935
-10.697554444434116,1.2939184086809226,3.2968402202901212,39.533432893640104,11.893045453815962
-10.722031148335986,1.2935651247484183,3.301056082497422,38.30379959896755,11.860102243434255
-10.577128985135575,1.2974490126939249,3.2977709802660704,38.90176555289388,11.80306855838426
-10.710707987280157,1.2974746926698009,3.2896309608651793,38.42450312307799,11.818303865864646
-10.661326250608072,1.2920992891919576,3.302672091613197,39.09257597378701,11.819589402975023
-10.661343546044012,1.295338526064479,3.3022927364050085,38.57783219783536,11.827367819400788
-10.571369811304848,1.29555653134022,3.3007989565047087,39.219469331947955,11.850490597600759
-10.730699148928926,1.2940390481766086,3.2982301291096334,38.37950933100771,11.954676706399677
-10.607409868519861,1.2966485641101864,3.2997117593397434,39.682675262465715,11.838488799279242
-10.633601953233839,1.2988645131612093,3.3032771305896067,37.85618641566269,11.863208036443812
-10.531376854841094,1.297897485783588,3.297472753353601,39.08799253090622,11.746834686381973
-10.563545441984205,1.2989793568677055,3.3034385832585955,38.86869257598469,11.807997129319833
-10.658340458978786,1.2950199195637624,3.294100609433949,38.664625174586874,11.894769680229949
-10.73637015410447,1.2967017757975694,3.3006726504157884,38.64141738200527,11.854534673974213
-10.527620218328156,1.295269626619665,3.3001030298001535,38.968133134375634,11.616056301900782
-10.640388710199753,1.297452187467697,3.3040107399510816,38.8068379670505,11.870309449611302
-10.652019660593767,1.297804864985931,3.296324282282396,38.859200888435446,11.933615878321039
-10.614455209775205,1.2992384923656537,3.2967607594076056,39.47068198904091,11.739014738189963
-10.58849189569696,1.3001188574321965,3.29442202270776,37.71678429998037,11.915885029007592
-10.547695111110793,1.2990430764255712,3.297733062175296,39.643441611539245,11.702426439198742
-10.695329115301343,1.296118208555167,3.301021671885937,39.633260976737965,11.88903577015711
-10.642753149197608,1.2953077936382862,3.292808626226903,38.014061947946125,11.842817999284604
-10.439828530851383,1.2992259212977377,3.298228349961069,39.139485497376846,11.726869461789613
-10.584384123318634,1.3013608037756093,3.3024431614118672,39.379748794480115,11.867795468888971
-10.577748259939638,1.298484183035818,3.2995884824372395,39.211916775198205,11.904154061634488
-10.682256711751414,1.2956530965570918,3.3003008221162218,39.30597038476735,11.865932841302868
-10.665382823690583,1.3030516108858374,3.2939756032753613,38.81801167506357,11.878109188739321
-10.638782216823968,1.3000352084962996,3.2995998176394656,37.90931822715552,11.829416194383047
-10.549335264152525,1.2995730547104691,3.300114742143067,39.42318126319622,11.758065561136386
-10.63340363857924,1.2970692602384675,3.2993450799790107,38.98738300363452,11.886866133085814
-10.677502205659312,1.2996121111445096,3.30061120717567,39.23153300350391,11.940901323523228
-10.653182648056172,1.3011279551904429,3.2987634981904668,38.08003870462797,11.911036156637472
-10.599742942628612,1.3009347551941137,3.2981758502564316,38.3141182429488,11.756309577844117
-10.573403042858562,1.2987434718123803,3.2958409165538654,38.85977641697,11.78110765156157
-10.511218803536712,1.3001636399558612,3.3038978464557935,39.51079998261668,11.815705712754681
-10.648789386049094,1.2992202604174925,3.295093366615683,39.347056889468256,11.779509758600224
-10.576794490601259,1.3039550658447463,3.3006317880011093,38.55611262783221,11.862525139880267
-10.522150083368567,1.3025909117647316,3.3072527882986864,38.793124353267835,11.881146206288514
-10.568985554834356,1.2999268541870406,3.304405740114361,40.010813302971044,11.791125161302796
-10.643530541145061,1.2988128704333861,3.302037458950775,38.49182719875132,11.902659273041913
-10.550551306404323,1.301879638179951,3.3009989686622645,39.169036420303826,11.89502566488977
-10.634923509136765,1.3005124706721096,3.2994889150069753,38.54941558259283,11.838732699824874
-10.585207969834887,1.3008354754736646,3.2963946019159343,39.019487830806575,11.8586872936351
-10.600379299652822,1.2995755165474383,3.2989846745081666,38.45270814440744,11.770998597180624
-10.68919617208456,1.2999968428031607,3.3022995025773216,38.28647332901388,11.85305331496432
-10.593152189595635,1.3025185621900228,3.3015588597912595,38.66538243442231,11.871215919664028
-10.662411628961802,1.3018328595995772,3.303154889973214,38.45708982408312,11.880466757790971
-10.59109102696418,1.3075328596506532,3.304878687460178,38.69617127058472,11.892158367078798
-10.518641717702723,1.3039013587093433,3.299366171308487,39.17305713512938,11.886614165900301
-10.460081081319418,1.3005822758524084,3.3007674059413286,39.83598922404802,11.862374842339845
-10.577984658006464,1.2999869883457682,3.2924037145474907,38.60782866740387,11.891094091343671
-10.538824960104751,1.3040269653272858,3.309024791100142,38.526963737923246,11.928080606742771
-10.54707652227929,1.3026090040542677,3.298344604359217,38.90965066258097,11.874401089376896
-10.602792128407163,1.3062375447047918,3.302606770108048,38.45387715896492,11.89625502386401
-10.681150562664918,1.304309906825529,3.298341891044293,37.983645558982715,11.872268289951514
-10.455001706113014,1.299952437586001,3.2982490185437494,39.5157029993822,11.850442715629239
-10.643209473959288,1.3020496303342026,3.299051992340143,38.74578358749746,11.910130694854834
-10.468764781413979,1.3029086041911717,3.29501952531961,39.133867815712954,11.857433673081964
-10.541466464815025,1.3053136071999143,3.290079149412668,38.14620138261911,11.90571275984388
-10.621687228639617,1.3024940561573601,3.3046387602784386,38.522720649016996,11.889030790550727
-10.534489928138397,1.305074873624475,3.3021828102280013,38.364669436432635,11.873636034921041
-10.423007404823583,1.3022662530176616,3.2963365805671385,39.145797231491784,11.873642490375378
-10.452710256097461,1.3051198616316666,3.3018076418220623,39.148309455362345,11.865862538894106
-10.545526371286147,1.3060160919410309,3.303295735987956,38.962386970521734,11.810199556531959
-10.606545437852308,1.3083672079944042,3.2972279188691074,38.52013074641129,11.912857443358769
-10.55236544893575,1.3061030709985069,3.301647391826478,38.55408083002929,11.906515126886076
-10.582086365649745,1.3041457557249563,3.304027213142348,38.75854071636998,11.938648395499177
-10.46395715635734,1.308932101059133,3.2942465906667326,39.21489065374612,11.87082111188696
-10.55054064445238,1.3057461473067178,3.3021336447345213,38.66723285845807,11.993394165872834
-10.637865655134789,1.3078255839184552,3.30145754867686,38.34930610475887,11.880871144837387
-10.494709065384786,1.305218127714726,3.3075218026782687,38.65269678107448,11.857337324311429
-10.528283061427732,1.3067904539222657,3.3022281410149716,38.68006215691208,11.852645307670722
-10.495067257407827,1.3051708363856143,3.298356476202267,38.828805719569914,11.816872040247569
-10.562272707942276,1.3075818511992365,3.2988192440425914,38.436182049690345,11.981439997698129
-10.49948806202136,1.308708418207997,3.308093574730154,38.822819454713844,11.974604227593309
-10.491717468630375,1.3062740534452328,3.298580597966328,39.5110187571976,11.937332159831753
-10.556169868815259,1.306323972980899,3.3023445845394144,38.76985776499756,11.863736269902807
-10.580596883128862,1.3083013965621912,3.299046477795474,38.34326634651489,12.000351644226674
-10.548117601345625,1.3060989216535839,3.304325048038484,38.00036744309355,11.893451569431246
-10.622375142527057,1.304873669574335,3.304522680251534,39.48980440183579,11.898837197021846
-10.568864415024589,1.3087759507978862,3.299909328922659,39.317999131559624,11.985404073581575
-10.430328862560861,1.3080135500918404,3.298372955268367,39.253184137432896,11.947740925812868
-10.68045221522955,1.3081299854802166,3.2982775677803193,39.104176861362184,12.026106452728431
-10.528514515303339,1.3095879661541239,3.2930909592750357,39.15400925861376,11.929744906270852
-10.512436071665347,1.3100247962940006,3.3004022357298357,38.94485978534634,11.898716325061542
-10.484565223403216,1.3085380992804885,3.3003215850230387,38.53479419823893,11.889238243003533
-10.526834142370216,1.3067708969964547,3.296735472215345,39.70978512415267,11.828740826803077
-10.591898556512414,1.307894508322799,3.2926607554919807,38.641386463202025,11.908424497828934
-10.62278900071738,1.310496357453091,3.300825141983919,38.60146594315696,11.980849082479711
-10.444664891681052,1.3097532723383465,3.301330492030855,39.12565293040414,11.95482770741647
-10.567100975417082,1.30853426372497,3.3015785809600486,38.887646590603474,11.927169412419323
-10.510804876538197,1.3082175912800103,3.2960402461592513,39.20827305275614,11.877676709129283
-10.383161137126173,1.3111738463978606,3.3015870923417237,39.41751274969103,11.940037883202784
-10.571196120084707,1.3096459756594268,3.2992856699570283,38.62686230003472,11.980607076102997
-10.490088060100755,1.3117450253835268,3.303457951613184,39.03017855050201,11.952775845546775
-10.438237833036125,1.31214779499173,3.296100716092437,39.340755710333205,11.94085144217851
-10.415055622405646,1.3099121842951826,3.3046008128483653,38.90509242576939,11.893942886829489
-10.595512080640685,1.3125850966651982,3.3060399455284926,39.38763778202831,11.978427206524168
-10.45644725530093,1.3111097453390523,3.3004643148020674,39.07900471680523,11.779751457415857
-10.481369442196662,1.3115147414706556,3.301614696040087,39.67665143667127,11.956768778197928
-10.436444221519483,1.3067471898601317,3.303135570290196,38.57025732493126,12.067423573705177
-10.49388631623183,1.3093274613205104,3.295897191790822,39.27407892920256,11.864770950308248
-10.507456095102572,1.30957967285508,3.2980549412688354,38.62893994421642,11.929404430660092
-10.456460641158099,1.3109186406548783,3.300736898088613,38.833290073820116,11.9423617518808
-10.43103897257129,1.3119266606015028,3.3081075780654636,39.49986250267385,11.920913648494551
-10.462818173360317,1.3121495768779503,3.2952155748135388,38.9829727494363,11.997148054480304
-10.53824861061695,1.3125507861716323,3.3065508982199674,39.96246751533914,11.970239487075611
-10.509309250906915,1.310748706876212,3.2992270944696016,39.18859265244532,11.955520565327287
-10.478494449168757,1.31363970288898,3.299862252074543,38.76470082888967,11.989058776903757
-10.394077673305711,1.3160130013349687,3.3048721774087295,39.419764923784065,11.951323253695383
-10.561099182039893,1.3118242782759941,3.3080857979269656,38.78292164284028,12.110770454760027
-10.470302356199111,1.3113391410403652,3.301691383166563,39.39221575647277,11.960637007170767
-10.529496515136245,1.3114303984504587,3.304658987945531,38.8225322970657,11.964127089067512
-10.306372816914507,1.313105607623949,3.296318769421338,39.54992498328594,11.870133774182452
-10.435946689270878,1.3120157705989202,3.297882126820188,39.20747959868562,11.929779697037475
-10.420659741092166,1.3097382697139939,3.2945902094057837,39.19005205023126,12.015616953801972
-10.419303499837616,1.3104160473679127,3.297937647661657,39.578112304037106,11.89277187839989
-10.39326331535306,1.315499540867482,3.302260939168408,38.49217235172668,11.852964283618888
-10.540970592412743,1.3161513331773371,3.3008485818381987,38.957063034827925,11.96375608281863
-10.611275830510905,1.3169150740221531,3.306908410824912,38.496978675674356,12.031976422352203
-10.371715528568918,1.3142944090001394,3.3082188441423237,38.717108577385076,11.966857842197454
-10.430484020735323,1.3119854402763464,3.2994539823386972,38.80390895891,11.94923280573831
-10.382514615983677,1.313215606503351,3.297281262359516,38.98706920343375,11.874415540657361
-10.525395550249831,1.3112321779082639,3.304640143597585,38.85507397344606,11.991254167154814
-10.507636809977507,1.3112774010519779,3.3050568945590344,39.1196581198793,12.003007336960527
-10.326406440232155,1.3149688504728771,3.3017649925271435,39.56410442485139,11.882159649288878
-10.356401073104191,1.315656387113825,3.3028222442485946,39.12357055153913,12.029276136835838
-10.486615499314496,1.3186140398908603,3.3021966107794842,39.66061832335306,12.012138053470307
-10.415957663481844,1.3146489151356848,3.296044973241349,39.019552663329975,12.031773334873705
-10.42885933809681,1.3122161139476964,3.2951257136345435,38.36369868633368,12.005638525873314
-10.446972351234011,1.3148034869699188,3.2997963924044216,38.96821875145513,12.010451588381946
-10.323016807815078,1.314596807595058,3.2991963382191494,39.3728305214907,12.005109102811847
-10.467729995358464,1.3142925062714086,3.3011077752273827,37.75535339052115,12.023802677306017
-10.29661617426676,1.3160745491435992,3.2994751006906156,39.889702017518424,11.890747549683347
-10.35380984991882,1.3130690135506502,3.2931869411964763,39.252749633955894,11.907939192049911
-10.394520868500258,1.315869129845176,3.291551226997005,38.74999992822936,11.947498818117628
-10.324019301741563,1.3170193532958334,3.3029497216654757,38.967909593869,11.979115552859968
-10.399551521421014,1.318663045238213,3.2973488381265863,39.50558695691359,12.006321029955808
-10.418821439627083,1.3165504593030797,3.2990715023786827,39.515925592129044,12.00445613793372
-10.347734730597779,1.3181208733043968,3.2977681014010485,39.04502415215483,12.04538544156205
-10.35397746769583,1.315250544021758,3.296347803590939,38.74992841751574,12.04826321096607
-10.303932978620875,1.3156322302564476,3.2962405926049465,39.44448625920963,11.948527660092946
-10.634725079297091,1.3190377427886515,3.304079345493874,38.85631374672848,12.005384339992156
-10.345510510656986,1.3136988732476271,3.299043398725951,39.53508671042902,11.952372700682723
-10.373300685817929,1.3157345027592342,3.3025390571837305,39.02814768558317,11.986660769410918
-10.398480030288846,1.3188951575986547,3.303076339622603,39.154200396442114,12.013471607802913
-10.26414103482437,1.316312256108879,3.3012662565840287,39.47977504430026,11.82825540339099
-10.428188119524084,1.3162582156324154,3.3032081739043053,39.530348482105865,12.120562201981985
-10.35461971683057,1.3163924139953311,3.300057236746478,39.82248201289674,12.029629426655298
-10.379893329440435,1.3172497515525379,3.3054552615539565,39.880489539792706,11.972832796878842
-10.334574656797564,1.3192786896688173,3.303293665611903,39.85184289258336,12.100295366432913
-10.318424703973179,1.3190447562758811,3.3038257727702627,40.088535061761476,11.987864163406876
-10.342167290460269,1.3173076694121801,3.2962459293128763,39.7209298483257,12.01317043480177
-10.32715738743387,1.319556677453103,3.3010529751476194,39.109944072417555,11.98349729397248
-10.338365185252652,1.3181413086962523,3.2926599074791896,39.93667306327336,12.091761145835115
-10.300114076267494,1.319260456083527,3.3056040917595326,38.84920366823881,12.005220613695457
-10.37207414945151,1.3155686338703452,3.2975066927478536,40.20163763208729,12.019252149764696
-10.329770533490073,1.3211842931156637,3.298061192012532,38.95036479893467,12.073274923860872
-10.36079699669782,1.3182280801164592,3.294530547742942,39.63346524610978,12.043650411429455
-10.23774758832376,1.3123701470741829,3.2998549133820245,40.10220633968753,12.012983383616179
-10.313521513896093,1.3212635712530203,3.298926991150947,39.556672949070915,12.072527384886886
-10.450120864466298,1.3180310113613283,3.307290790665347,38.27961766140501,12.145238723331854
-10.214705014052887,1.3173049258080098,3.303436941547865,39.191412399404015,12.035491461209014
-10.473137357138784,1.3169581817574523,3.297941395547804,39.19645071649577,12.026764946516865
-10.307597376924411,1.3191208021009913,3.2933350681915496,39.63905359084569,12.030763901239574
-10.413579077995823,1.3165358818185726,3.290865317951024,39.10132519977341,12.089059203759929
-10.208596801246825,1.317228313443697,3.2958949868802057,39.61254053631436,11.994882575502015
-10.311838914248312,1.3173444370039142,3.294675133809517,38.78876141591244,12.012230844838713
-10.34060816803534,1.3179323609129863,3.3013944536756705,40.02852458429544,11.950578338142689
-10.31525448703221,1.3175516901595812,3.2994202118961566,39.218317560037974,11.969560332624068
-10.356191114275347,1.3203515714816427,3.300069305104195,39.60312126203503,12.004166418348724
-10.340680934357415,1.31925048442645,3.296204312366072,39.88006296358987,12.028561689277275
-10.385105030859474,1.3195554251780324,3.3006081295789613,38.76777260700164,12.121114228744094
-10.377048498868028,1.3200501186540672,3.2943183740766386,39.297109140995346,12.060760604376634
-10.276987705742963,1.3187008543176724,3.299646800363832,39.557221280635545,11.989657293727861
-10.271728689763291,1.3169031145092893,3.3033209886518433,39.353322369346174,12.000161778753338
-10.404950940052569,1.3226093257971996,3.298538268872045,39.56104018892051,12.106597124902281
-10.43586149452997,1.3209078509726653,3.301774575296273,38.86137929814758,12.095488375097476
-10.287636873508752,1.3223307855731488,3.292092540885718,39.44671728482146,12.041862774593326
-10.259996703024138,1.3212251033393358,3.2917716608123477,39.33164863906372,12.019625607011077
-10.284664229543246,1.3182847198362342,3.3013090349423857,40.36088872454504,12.099294428382587
-10.239823371637485,1.314557480343522,3.3041880761730478,39.255233387346294,11.99467646700265
-10.210532196148256,1.3168417507216281,3.2990470641060154,39.87691397493589,12.065238535759852
-10.28944865616446,1.320618025253178,3.308580833689038,40.13975891049601,12.160563289056736
-10.134156698800801,1.3191850497129542,3.294226407957018,39.36434049838564,12.058490553793721
-10.081734156047164,1.3185909337128516,3.2972800647662446,39.874664867573955,12.010733807795123
-10.400253856799518,1.314480134588472,3.300560366792203,38.80492711477826,12.071323286288283
-10.401926426376756,1.3194841124139443,3.3018574993886745,38.390979099841196,12.028594017349311
-10.244773384773035,1.3173844494026066,3.2976643891979007,39.196446250912174,11.983677271454482
-10.263783919154996,1.318135392245879,3.2957629400022843,39.244286830784894,12.08972245899125
-10.30633482172083,1.3213190250960951,3.3024810514609415,39.18295903045932,12.111848930830105
-10.221167051052117,1.3175936984401586,3.300532962623884,39.43780863053366,12.041697365009336
-10.275251698347885,1.317816272609064,3.298621515911167,39.45194756639232,12.039665312900024
-10.283374386517197,1.320084981759866,3.301995258233525,38.954530582566605,12.011732110769067
-10.291904886882792,1.3214872138897056,3.299454608600447,39.556838312566356,12.053595745318674
-10.258329059026561,1.3189642430500708,3.2994410312672136,39.968674724018754,12.034255088099169
-10.181784992572005,1.3227297452495785,3.299293692275393,40.168688103370116,12.013101667311771
-10.331468691175651,1.3172621281924952,3.296715768986005,39.232992907021796,12.15954032570141
-10.281244095370537,1.31693399812683,3.2963090260720795,39.79506697011807,12.089533871343926
-10.229619341640408,1.3167846690577303,3.2978971907214665,39.268361247321536,12.096105071704628
-10.280809318915658,1.3165784925890238,3.3001282838920165,39.30103588491046,12.112930095723346
-10.196339190826725,1.3205740629549314,3.292514905975364,39.7667315170391,12.108585419994762
-10.286173269504186,1.3179619757570629,3.3037789788061374,39.29376865489562,12.050650270058014
-10.31358641670816,1.3171122422404915,3.300073765029911,38.867264640870715,12.086204199828474
-10.210842860529826,1.3207057749840942,3.295739641714983,39.91161634180248,12.060394463695664
-10.219801746317653,1.3216061157348842,3.3064663806885415,39.22895495275774,12.097037182455166
-10.290783966145058,1.3220704497854991,3.3001671693158476,39.210441570738,12.093465128759567
-10.137404169246736,1.321728296975844,3.294659404684318,40.148480737150244,12.058512700487546
-10.076095665768614,1.3181489947879177,3.306286883655414,40.06265879133376,12.012444428191303
-10.263385183870941,1.3205433353719138,3.305419472652476,39.54367408683346,12.087483365671751
-10.12494266170147,1.3209893259170773,3.296364875964372,39.1623917257673,12.071218660569157
-10.312181323055272,1.3190487228503491,3.2987080795276165,38.91031723431764,11.988172594359662
-10.161858644724814,1.3203293771641809,3.2981696523349466,39.83521242404255,12.109331792653732
-10.286550223973023,1.3174964970445338,3.292442125027589,39.67891223713776,12.133471709023315
-10.21280850805357,1.318742870643216,3.301298750023576,39.67559072794479,12.212876704200674
-10.253269667716797,1.3207384601669958,3.3033805816216613,39.30396472330143,12.06815163625079
-10.193219679850278,1.323005262736981,3.3026275552524194,39.41091848255787,12.062026877665218
-10.220650957464507,1.322286826197991,3.3001310152008583,39.64503050786311,12.03474068832932
-10.215025955694058,1.3212979116149437,3.3037686362411502,39.06923925124242,12.101891385032754
-10.089433347515666,1.320126321160588,3.2954586166346,39.857808911849425,12.102821007340403
-10.177554766003237,1.3198056659223056,3.307273126367652,39.089382337520014,12.053384325205787
-10.05755599069561,1.3170486131693686,3.296911671573473,39.46383664019772,12.086444902821334
-10.159412286109063,1.318258967339671,3.297355969403306,39.75246106823125,11.99749855624648
-10.116563013482837,1.3183089202833986,3.2976991369503676,40.000166777925415,12.14398928372881
-10.258359872481277,1.3210472816326266,3.297407413140574,39.62000017494289,12.060373230595227
-10.1935818241221,1.3217692762617865,3.2992291037741106,39.1670237177877,12.098409240199484
-10.170925970443335,1.3213326313833296,3.2990742207317774,38.90974089465955,12.030040344336108
-10.064771227260342,1.3222034088692405,3.3005185599385434,39.86713144973804,12.073488363024623
-10.15065012686105,1.3199596717986855,3.296725211442635,38.9389483029544,12.089855559447372
-10.290916768583662,1.317824868032076,3.3006664174240803,39.7959367931469,12.104497672029797
-10.253671199703644,1.3196649271656065,3.295638290824449,39.060123486589234,12.13027393717544
-10.256959672915634,1.3182876781729749,3.302929898879943,40.37975627228071,12.1794641390379
-10.119647719705643,1.3210241286570887,3.3028802803308146,39.37590788788929,12.14536695862358
-10.130273535105463,1.318959789315494,3.2999768523582422,39.9246343725067,12.158058595174602
-10.205840404199874,1.3194489577821777,3.2974012115145888,39.29367617571862,12.183472436750106
-10.195958197595383,1.3209998262503837,3.3012445332506037,39.540814060309124,12.140867372100908
-10.102042183034373,1.3180954604122168,3.2964494113496237,39.86950505418535,12.111759225424779
-10.23607780646639,1.321469178449634,3.3001381609253455,39.871961368290975,12.165260625022281
-10.13957645861362,1.316808120720698,3.299392738869782,40.1286531948163,12.169663752789127
-10.131204503733755,1.3200770182542954,3.310519633734657,40.02851865815853,12.149647630445084
-10.114578580927146,1.3192412389649875,3.2950917899360608,40.18589530010656,12.045691777063476
-10.086696611117226,1.3210353620542319,3.289330760173089,39.58016118151732,12.07755171302284
-10.11571917128425,1.316588096125707,3.297449678227577,40.02808002176699,12.107081301756097
-10.115481482554037,1.3162299548163638,3.2931378735234254,39.63267939595979,12.161002043959535
-10.202466150666146,1.320744849720942,3.2970932205562042,39.989558713955766,12.122148334830516
-10.11162047469103,1.3184146749903394,3.2948095834494433,39.82298872718148,12.1812514044694
-10.088466632748986,1.3189652115008548,3.296381997349863,40.071171733952895,12.191359752698443
-10.125014661425103,1.3177761557173797,3.295740361363957,39.866560909988685,12.18674400195607
-10.105466560171925,1.320868658921673,3.303851805932389,40.09321817595083,12.188247650194452
-10.089177699810485,1.3195874045045743,3.2998058820906198,39.498583716466364,12.077303633809555
-10.064197647331673,1.3194147880978613,3.3043018112125675,39.24283890814898,12.154465352194114
-10.083610974862289,1.3165372649671139,3.3001619259366812,40.228365173135636,12.101134891988952
-10.127464206445113,1.3198211254725802,3.3037143596918566,40.28306932273429,12.05023329049774
-10.040513099082219,1.3167738639190985,3.2987914195862507,39.87261463169042,12.11948578733015
-10.225176659481646,1.3173799305753022,3.3063782081221693,39.87408700777249,12.201266380592594
-10.08565605009543,1.3159036643234179,3.301883872715131,39.176963668334885,12.159234250427788
-10.161695979307757,1.3182571806475092,3.2968807155161337,39.42799215115565,12.23825264311538
-10.116607082992923,1.320633699863032,3.3024765984076345,39.79956769039737,12.147386091233916
-10.133254314811829,1.318891223858832,3.300108393583634,39.039384487321925,12.262074493777178
-10.126462111273975,1.3174858684926858,3.2991899692714832,39.13528049979979,12.14971753011162
-10.046383141029418,1.3185180804577241,3.3003840851353923,39.97041441650416,12.143119914963139
-10.038246192135977,1.3184358996819399,3.303004998936461,39.681234984273,12.079178123681809
-10.135524293725972,1.3182883048377463,3.291529949665342,39.59028110816257,12.199824767690455
-9.974961185094081,1.3184369494001875,3.298596238209091,39.88755666749812,12.120336629626875
-10.036423148392506,1.315927027865881,3.30273068285839,39.4137220771931,12.114233990478649
-10.056148977218072,1.3181434580239053,3.300992909060092,39.8006929101531,12.211788596219169
-10.003005305465047,1.3143418838273615,3.2954944760423945,39.988507859449584,12.206776084542362
-10.000413303799878,1.3189242675169894,3.2905289505179645,39.766089250856275,12.206602568360534
-10.009357426941076,1.315486808166273,3.306803706667183,39.7806950007299,12.133022636410908
-10.067160015869716,1.319965441122681,3.2992516718024945,39.784090658993435,12.149712715622949
-10.13163541850752,1.3126363707589368,3.306056198034996,40.064633646352846,12.150395205938322
-10.05158479297443,1.3207909562582363,3.3031798509992907,39.85904558640416,12.193637331506636
-10.014660221783213,1.3140775998226197,3.2968255457737725,39.200148398577674,12.233310210872867
-10.026513032242613,1.3148687849911618,3.2899942648436653,39.46943119275025,12.175156897174706
-10.29168693686858,1.3177780663236989,3.298151402303222,39.78935171525408,12.256608731363428
-10.002936428605203,1.3183273718951687,3.2998510305339908,39.719885134395696,12.203835500171614
-9.968020421243034,1.3164318592865456,3.30180264008631,40.02856447561583,12.148344385068963
-10.065640963122686,1.3186912359458538,3.2955564855734165,40.63867449053642,12.202625452810496
-10.007265632579456,1.3152190215784165,3.3007120263322105,40.23819506240836,12.247589355345836
-10.033266650247976,1.3159175721241583,3.3007105676303192,39.07413659050465,12.263306159671574
-10.088858166512143,1.3160163530056284,3.303943812665046,40.40024680802876,12.223832536085927
-9.939487050810602,1.3154460043310063,3.2987727719456093,40.18088458630345,12.166864818276517
-10.082822033634152,1.3125554677804605,3.301771037585138,39.9820760594537,12.155836407203083
-10.02709442851322,1.3162742689402502,3.3011537477965733,40.067479196022425,12.196561346219294
-10.057594596613443,1.3159921238043129,3.3035023466924702,40.25015333151506,12.252540203072073
-10.06376257703482,1.318275803298966,3.296720358291928,39.84057827126211,12.19161032718817
-9.993594624388775,1.3134436210423697,3.2877165760476452,39.420183377743776,12.19372562237233
-9.920188663099468,1.3146315476847867,3.299052547957908,40.28903303418013,12.174642823621168
-9.911531000007626,1.3182109856074302,3.2990761351635327,39.62421106347198,12.15674900387961
-9.94418661444915,1.3162830181663812,3.295369924544471,40.83826201822715,12.166104161381085
-10.093868029943204,1.3166864417588438,3.2939677571614485,39.66740755839744,12.182046198953506
-10.108904082378457,1.316384604513564,3.297701196179366,39.76149562785075,12.262240575499732
-9.966899137744928,1.3162823567524913,3.2995404910483535,39.7957914256042,12.165407205582534
-9.98329954501076,1.3188964194109454,3.3003817115492713,40.16906785510247,12.181077439820973
-9.985248882143136,1.3153239450253553,3.290858777854813,40.211248429179456,12.136228497150872
-9.877663750088127,1.313003568408462,3.292985840072779,39.97319139793731,12.21637606026927
-9.998952060541452,1.316188096879864,3.3045182220823888,40.18332141139393,12.249922155348782
-9.97627424644722,1.3136605100117664,3.299241567425883,40.074541995826614,12.263853321000454
-9.911087524837399,1.3144557242692632,3.2999902654597055,40.139477368531665,12.193833410245121
-9.97340953556073,1.3152968274838668,3.294666973481338,39.75256591404772,12.21341615676166
-9.800117555048562,1.3127935155769692,3.2999823853293355,41.325520207756,12.178050668684447
-10.0261154786184,1.3132942940644539,3.298497316076031,40.42088578898078,12.213155324976013
-9.997779556305145,1.3151441499211147,3.297525871395548,40.29578608103722,12.203475299280177
-10.00866662753029,1.312971651245209,3.294152663318658,40.43326031701359,12.191709336677524
-9.857400102260588,1.3158911288239197,3.296526051474673,40.405163169023275,12.19669928318261
-9.907964939574883,1.3118463980836614,3.3078880698720887,40.04433724125923,12.213419580253012
-9.967164667719079,1.3117129672654937,3.2986021176678544,39.008444582382396,12.177124078851897
-9.984717962129896,1.3173763877887268,3.3031584784762558,39.542969387599435,12.18071144330206
-9.895618017693543,1.3103750502407918,3.2992144088048505,41.07477416217634,12.279205294576467
-9.979170619588228,1.313252273967162,3.298751535891406,40.50573919481933,12.330361752941375
-9.815456050879755,1.3168778653403603,3.2974559894624087,40.45001536600702,12.135609578312115
-9.89939590214627,1.3129859020500474,3.3053825279770797,39.57019358717345,12.13384414847835
-9.869737584269771,1.3156038203031684,3.3014922875849244,40.51443510189221,12.149946103139612
-9.90084889782726,1.3140814395453175,3.2968415635791213,40.08708450566245,12.193621593712793
-9.978373699141503,1.3126273239203394,3.298423559934289,40.32243576742713,12.244553525352112
-9.939051769191785,1.3122447123216767,3.304303628045116,39.677129410900974,12.23030182901007
-9.988071671437734,1.3081306907915748,3.2886458463501733,39.82787699000457,12.210311599069424
-9.893382229683438,1.3115934831033118,3.3012420088808616,40.56728069017661,12.229123839632592
-9.84392244698742,1.312557592746166,3.3021504059019575,41.08328012656641,12.169035915828465
-9.838482832133456,1.31241700992468,3.297001014297703,40.05965830811332,12.192393369431118
-9.860598391669477,1.3167450196710688,3.3006183772282696,39.878958404530664,12.204550169679118
-9.86628040726122,1.3122339367118296,3.302009239459858,40.67659360713055,12.127295555764533
-9.773143910548434,1.3127901407743312,3.2950754140217633,39.9497447696446,12.14938840649855
-9.810820933837775,1.3137167279780486,3.303367740812365,39.903147583317896,12.152319208073816
-9.825294260964185,1.312323888627739,3.3011893604801656,40.455785695089936,12.247542549136693
-9.805668847433845,1.3109260160433664,3.2993881053043355,41.222936483392274,12.222540526718577
-9.906534686564983,1.310790122483555,3.3004197135540885,39.847416073091,12.241757477340487
-9.811570250105166,1.3101047371528902,3.302828769611525,40.22895713040897,12.12014928486584
-9.79438579786318,1.3115471941861159,3.3092644658469217,40.45574987623991,12.138877278384406
-9.960594576720764,1.3101700449895983,3.3024397856106877,39.88972404174447,12.247135906759079
-9.870336518770623,1.3116116730868708,3.3032423299552462,39.55259315814952,12.075957100944095
-9.977880921592355,1.3081939504681874,3.3007741073226526,40.3650210262185,12.277033407981586
-9.827333673254946,1.3103553690958396,3.3076066051833295,40.41986266721132,12.125543331441786
-9.904639892990716,1.313014587676721,3.294136026066503,40.337466392677314,12.259779555899934
-9.924612117500098,1.3093092321747322,3.293050392774127,40.094094220100914,12.174082059726873
-9.875079495248393,1.3132917654129006,3.3006121309186103,40.85511110665007,12.27185129624433
-9.940894161424445,1.3097796565271917,3.302640568739428,39.91639618689299,12.38070479852653
-9.724326521644128,1.309185128891529,3.289701537593952,40.1205268421472,12.107524319536981
-9.745836241564685,1.3093765058339542,3.29998625748859,41.1738102872227,12.256834295639083
-9.773782524798616,1.3083648495992235,3.2992780409654467,39.57298715635843,12.132535311963531
-9.895986647672876,1.3048703267556883,3.30297663275404,40.146507466486085,12.245155658629384
-9.796695786039377,1.310434858876433,3.301714942165282,40.3764053919939,12.214348108059106
-9.840506928305931,1.3129023451525093,3.292767112580532,40.27316521696792,12.232041058366786
-9.826590984499953,1.309319538432966,3.295679771033777,39.72633330410281,12.180828560250418
-9.903343443553325,1.3092824463380632,3.296772841311852,39.71929512719434,12.26629655079004
-9.820939523242586,1.3076751191198306,3.3029557805437415,40.74131710081296,12.15570389778149
-9.86816832735288,1.3101957704638882,3.3014985849280607,40.81779942419354,12.291051604079696
-9.765150866126938,1.307640936697437,3.2975171012719136,40.30277420141795,12.209350817605184
-9.75507043565112,1.308092619930596,3.300578188943873,40.117593641167055,12.160518015751883
-9.74831283123123,1.30426587101447,3.2957679737089336,39.789457920856826,12.311234216183351
-9.773008335798215,1.3061751811669238,3.308198554802456,40.83021123480509,12.228950660584198
-9.834567116898265,1.30780558127497,3.302297429602628,40.730724484606085,12.328525586959191
-9.858426937725644,1.3087217700444644,3.303144707905771,39.15882926812802,12.295033151393532
-9.849002274788722,1.3086131716350602,3.3055072441375413,39.33243073349456,12.194875161816402
-9.835969605916889,1.3034203623678648,3.304064972772872,40.382787813856616,12.231345589217387
-9.846113352065123,1.3034580957003854,3.300126105245286,40.414245713324966,12.242455123065195
-9.990109199086898,1.3074163720806944,3.29926014013906,39.828850488439606,12.313522032122474
-9.866957026133834,1.3045884479134326,3.3051531376607146,40.25290632630709,12.259881887755727
-9.700983765887369,1.3077047535396105,3.300106141129148,40.49913683836678,12.24761523181521
-9.76280783980477,1.3024882850540163,3.2970039288619586,40.48495556834106,12.229596673659273
-9.808464153506305,1.3053844169495852,3.3078665299036083,40.02270790084423,12.237848292014586
-9.793062519329107,1.3053449535346437,3.2962562884620548,40.40897433446421,12.30638666246908
-9.8988773758041,1.3062061394417763,3.2930611796997864,39.93249849294417,12.242118648820117
-9.752007798088053,1.30301426389143,3.303971105435747,40.192900050969506,12.222955234747575
-9.685278711462459,1.3009740477955067,3.297075014437429,39.88268553002823,12.21524683630882
-9.766700351762445,1.305080739744778,3.301740386736653,40.396382902703614,12.216546397815087
-9.841785409317302,1.3056213122384714,3.307268843344755,40.6376186080819,12.174887666746365
-9.773840769880515,1.3064132711850562,3.29450061417918,40.322084502794006,12.208226847870373
-9.725718211996973,1.3035108325671931,3.299836338505235,40.407170320484546,12.321415095165165
-9.741584841984944,1.3056085517964775,3.305933636892127,41.01911796946038,12.23690789355823
-9.862235204504954,1.3048576797340954,3.302727545693592,40.68552255277218,12.28319750816596
-9.552762925867807,1.306359590065607,3.299280716506216,41.588307236591156,12.124773445871472
-9.843493796103777,1.3034323689090779,3.30955751817463,41.21584649772265,12.277856449139056
-9.76187175492168,1.299911441142376,3.2996187302306583,40.50005136227464,12.242098111401694
-9.79881458664667,1.3030637586745641,3.301587498114114,39.939503799948,12.226813845609803
-9.812573662708044,1.3032035741703898,3.3065974179836406,40.1663972708091,12.260649168254682
-9.757909932071211,1.3038904253170804,3.3039234542855462,40.71338095633224,12.227520441198715
-9.649202457028442,1.299615818912467,3.3052868784008895,41.27763718419001,12.146823687749448
-9.683389435685262,1.3018840366458821,3.2964018420127346,40.213676048659714,12.299830743569787
-9.764312430051547,1.3040710850454498,3.3049126991287503,40.573486433720376,12.266565306914337
-9.78513377334937,1.3019532808137093,3.300678368363896,40.11258774391058,12.239408544761275
-9.676812644155213,1.301376392168801,3.297016884342226,40.58771300146703,12.207482780702605
-9.65977844720364,1.3056267715592402,3.300887776973758,40.61579774455478,12.182980685396526
-9.715499697246102,1.2995002300684502,3.3007609851526274,40.7214750771302,12.268344825564036
-9.745444103249758,1.3039325426300141,3.3074723540100925,41.32204202780465,12.338493971461704
-9.730818424369383,1.3033346157903907,3.3015251828225125,40.728398461862625,12.268647071969509
-9.67586534201154,1.3006675681043445,3.2968767808224633,40.47633595512826,12.190012571256677
-9.730193977890488,1.300877819497859,3.295954289552531,40.30166366959107,12.271063457487251
-9.645467804246351,1.300696310855725,3.2998104101968346,40.63272743634602,12.257792496234405
-9.59626403430064,1.300958692972207,3.2946145370769617,40.45879611872331,12.30430889008568
-9.710119717995436,1.299231238586406,3.2971385763140573,40.63562010158127,12.292085460992425
-9.628845015625162,1.299389516681091,3.2990232345946753,39.7778158166247,12.113094785436322
-9.69874693632553,1.299360837185198,3.298312458584342,40.518028612041,12.290280136933676
-9.712232907700042,1.2992501585301168,3.3029076304094795,40.522730724340356,12.213471163323387
-9.61378543840212,1.2991007170171198,3.2970486895303774,40.30816878341942,12.193180784389181
-9.661433516158162,1.295066076600362,3.290120075021452,40.524275851612195,12.255460607338998
-9.72551285507791,1.2995685554969054,3.2932569083626735,40.99694049631288,12.286044846690412
-9.59226832113293,1.2981439006322328,3.299928727457995,41.29228309950878,12.184066519439124
-9.701292001771177,1.295290853902531,3.297652786919973,40.38416064257752,12.301933963298598
-9.759516129485457,1.2981500882190822,3.2950533130721675,40.69036187509507,12.305468899633091
-9.659725730610885,1.297914077028497,3.307833805316357,40.08114770289657,12.270242492838316
-9.641161882957274,1.3010523836026209,3.3033150004855454,40.5992127729367,12.225099126969255
-9.59239306461685,1.2972494512820718,3.299766291359427,40.90753613416184,12.220092922250341
-9.647694866345777,1.2994896355451877,3.3009331889699967,41.31538135246091,12.320934820468763
-9.638155415109951,1.3007459637545673,3.298939435955972,41.20081040170025,12.19464833747198
-9.721768696996254,1.2965506406970553,3.294984739021219,40.64003442457346,12.323999108345918
-9.660052775209385,1.2975383890850154,3.304122881145563,40.315285753642186,12.263076585679789
-9.63755503530446,1.300917552671208,3.3034053203244356,41.268296212612036,12.267100611128852
-9.587490466462212,1.297745100466291,3.292090664867712,40.68890378297603,12.18703856687686
-9.634940252709407,1.2978618334689058,3.3009057300084628,40.90951517087986,12.265652549756533
-9.674959770719024,1.296127231320261,3.30134732890231,40.601069459636896,12.304207888873696
-9.558443242092997,1.2981434791108948,3.298713075084576,41.6800103696301,12.207243132900182
-9.70208125694143,1.296517976528907,3.3083890613545255,40.3518199775595,12.299525237098425
-9.500119756491365,1.292761199318458,3.3079549786650375,41.36626209842605,12.279568634999489
-9.582288681897627,1.2955433557834255,3.29848996813901,40.800860736715286,12.243449582353055
-9.730697658730417,1.2937161642141708,3.2991087231580236,40.766246507832655,12.318885110360297
-9.57303326248635,1.2961360029975075,3.298638918274363,41.501938362217956,12.166547453052209
-9.599038052439123,1.2939071535026965,3.2975546705078105,40.00009478706382,12.294497897190572
-9.695715589419159,1.2965267236082072,3.296316957949758,40.58241302543759,12.358633909108935
-9.757517267820337,1.2954899658248102,3.3020274284467677,40.12733950698447,12.35015231332507
-9.701448543155667,1.2927347435562841,3.3078457657469023,40.77539566743386,12.298133201888504
-9.58684849120044,1.2940763711086862,3.3062003275595813,41.102835285995816,12.264041231588065
-9.713861663302936,1.2961336346095527,3.303156707979628,40.384085839567256,12.247812232957457
-9.701438069288196,1.2970199460994936,3.2903715523281254,40.38830315688549,12.264927838253877
-9.601013632782458,1.292750970177764,3.2925418020664305,40.879495536912316,12.3077309253017
-9.610385632574715,1.2921931988588213,3.304256653225981,40.26994692444477,12.240639466501548
-9.67548871952574,1.2981227443071444,3.306477493791715,40.782309660211475,12.319328591679264
-9.695419102018219,1.2940343732217934,3.302214938496091,40.28207780494596,12.388565812135939
-9.696715146879853,1.2940704344915106,3.298777678739799,40.90002899833076,12.279258642820542
-9.544950986619323,1.2922427675075445,3.3054092040375838,40.382945684196734,12.215572707163487
-9.62002419090926,1.2939865212000143,3.3030143750875154,40.533044291573574,12.215989468802015
-9.65443911533861,1.2968212939505999,3.304549781122933,40.39066686668549,12.322483850265373
-9.578216292601521,1.2937353582829438,3.292573723570954,40.72430418840648,12.28109172990051
-9.635480295179013,1.2951925952097405,3.3013733596481267,41.279575434580224,12.328338641365061
-9.624752678797377,1.292957205695403,3.307098284588533,41.08888164517488,12.258228025402595
-9.733606391530786,1.29068474162247,3.3021097937218653,40.34091350629363,12.326848132265539
-9.565139367840676,1.2912075378417416,3.3037929789264906,40.67749995246551,12.277803781220497
-9.565765903118903,1.290176635524127,3.300145491642021,41.22259357368225,12.24948988245827
-9.60751988098997,1.2926866195736302,3.3004243004891722,40.31937745745691,12.266456059397036
-9.616510568295556,1.2945382206382943,3.305610110169495,40.775931622115394,12.22703870901775
-9.630860522818825,1.292252463923218,3.297320846605972,40.49597359944826,12.386739386170525
-9.548361693491609,1.2911554919176593,3.2969294435269605,40.83460108988754,12.282826829782532
-9.587562129507013,1.2900330162323275,3.298087143900914,41.1485189094814,12.320240660749889
-9.463332463642143,1.2921650664007291,3.3000937856098784,40.80563448983346,12.261535052137955
-9.504184861173236,1.2888204403052732,3.293559644354661,41.38128949462585,12.236140179837102
-9.571099037024489,1.2888716947798111,3.3029242357215187,41.73763669324383,12.277395110416691
-9.55148986681196,1.2927840907282466,3.299343012455711,41.13862393318234,12.344495823817605
-9.550074681549713,1.2902728479461771,3.3034147570404433,40.866216212769885,12.263741158316806
-9.539302045135765,1.2900786620218065,3.2915237202938905,41.38424997030133,12.246587183037713
-9.487654189741994,1.290181400955918,3.3034300921059394,40.581153462139845,12.29821750433189
-9.625689298391054,1.291817959677007,3.3053475797758125,41.35705060693328,12.315720402947914
-9.596792124952595,1.2905446410943684,3.301754191336007,40.50518906145188,12.373231126325457
-9.492378332151105,1.2885756363393193,3.3001200759526714,41.882480950606976,12.309090144862603
-9.55028369829527,1.2884965350955522,3.303460813197347,40.61258434008998,12.323910610045864
-9.590663034842684,1.2893701865523235,3.3050857130349636,41.083354668847115,12.32797753938415
-9.621905393255819,1.2902153160885346,3.3020917062713733,40.13235940069418,12.234660250338939
-9.658330522287592,1.2893911163172513,3.302390564723917,40.5980383510931,12.244436092629076
-9.39236518435893,1.2890652179321276,3.306627767496665,40.783392257761584,12.238693987655697
-9.49006824622999,1.2892596412879918,3.303044627942587,40.44325648164473,12.226562044154221
-9.594671342921822,1.288948326194324,3.2967989634691177,41.292864997618885,12.333217273963662
-9.523890917634485,1.2873145461445166,3.3050665676076303,40.461196414082956,12.308216146328563
-9.59433035284666,1.2909447979075206,3.299505114840642,40.517310265260264,12.297952214540821
-9.488420934753933,1.2876223155067816,3.300133132034411,40.68251465855339,12.164599758350855
-9.63910326808835,1.2887024910016829,3.300427521709694,41.1776587008642,12.39726199796523
-9.591601614196819,1.284181370921728,3.303875471470623,41.223796383118994,12.250021519109977
-9.704667455135851,1.2877305751960153,3.306995411630625,41.0987831245788,12.397567110066134
-9.584621490112486,1.2858215293951245,3.3000976857684505,40.5161717421522,12.22275013526132
-9.44133487634979,1.285923360401857,3.3069250484404495,41.657170536407236,12.254822267975836
-9.525002024688897,1.2925873949325033,3.300658353251082,40.632002108335406,12.185524348591942
-9.495767231826948,1.288104627353396,3.3056086717748916,40.70659037510193,12.313991929258306
-9.431833823992095,1.2899211163052056,3.3007937322861363,40.85684137402625,12.241036068927508
-9.486909956819918,1.2890441297914093,3.29803030537417,40.761255739038425,12.242656494473625
-9.496305811822676,1.2891654236657157,3.307688396271067,40.97107361561785,12.227882742281608
-9.522141305978847,1.2866671847059261,3.2976484608048784,40.62023993660265,12.335572512145468
-9.551466103831812,1.2901455072056767,3.2973807636873245,40.98963237425718,12.332468598624278
-9.479751421994838,1.288494448056993,3.2949758388178227,39.99673779945101,12.38768211517641
-9.37496266435988,1.2867531187907886,3.3050690700768093,41.34133303441738,12.262974438162415
-9.421200798531649,1.2870674186603681,3.306013789197733,40.72172651902444,12.308374426964484
-9.597610567484432,1.2861387900699848,3.3014925193654134,40.53701650751572,12.233134725033818
-9.516636417549048,1.2863891835234955,3.296064507455848,40.70862281180817,12.28101189435563
-9.483620282980612,1.286070998407246,3.29997288485706,41.410028332853294,12.27197827142242
-9.47872849142798,1.2867958159702189,3.2987895225959676,41.244383443750266,12.321294054577747
-9.62203450987717,1.2893883088011557,3.295878125611664,40.68971416424272,12.349067991787605
-9.620432404804733,1.2833746185878592,3.2980444337472554,40.47304142864674,12.347909903152056
-9.389660141277215,1.2879475244959557,3.302022942605188,41.533830837594486,12.256349941864393
-9.54574513101998,1.2848052059808261,3.2975793246912657,41.62639373653257,12.348542254741304
-9.573486729677162,1.287960962281519,3.301166935532604,40.841828675732344,12.29653722141701
-9.541566005672744,1.284635816494564,3.2928947112010345,40.277540490911115,12.282628564632674
-9.440449049776527,1.2860104050650238,3.3067167242311872,40.83794346869496,12.263544076408381
-9.515082487586568,1.2847505279331017,3.298434353685891,41.193521483713646,12.271078410401861
-9.506935939822242,1.2814914880158148,3.303480995535896,40.809042901044855,12.386290747839658
-9.542442094561435,1.2883162277593032,3.3007547400857464,40.57163796638262,12.314639753402648
-9.583218014473692,1.2828395231479508,3.301609992470214,40.47269072544631,12.308088269346642
-9.380359266855782,1.2847807157136635,3.295472062426093,41.27595285505577,12.286328096599712
-9.50782390134807,1.2823971978187878,3.296957764063253,40.37082098654942,12.421816431739106
-9.521413806925297,1.2817183097175016,3.2970485863438324,40.94330966347128,12.364839384868693
-9.480226419728499,1.2838738935562273,3.300101389704163,41.07493358389381,12.263601410205546
-9.370454795151856,1.2829894077781103,3.305304622322017,41.07928173778296,12.286033713739325
-9.422569383741244,1.2817326623523795,3.301733019359485,40.73771677079985,12.289056483703671
-9.396493639770547,1.2838945023671875,3.296398638511537,41.614374155570566,12.307110847019858
-9.477395104500534,1.2808978504514343,3.3003493359010454,40.51209770980862,12.264798777619442
-9.466093468441192,1.284010136792223,3.2996774646605593,41.13690550885092,12.321838023660751
-9.468602486004606,1.2834032976557848,3.2985965395964048,41.35389628620036,12.372533014725938
-9.454875180139668,1.2785971458334426,3.299938333896721,41.15403457673164,12.23427290309671
-9.43052989456391,1.282412996830175,3.3030548476853583,41.631412847438746,12.2435669614176
-9.474239607166972,1.2842985550352508,3.2971202943260702,40.59736243385334,12.275830649154386
-9.414749270428919,1.2811384286917031,3.298616435985336,40.854136008417136,12.278157366210829
-9.577179247187386,1.2841941646927137,3.303928483211571,40.661147969439035,12.399923293737297
-9.436990229580998,1.283942280191363,3.3018758510934236,42.44229826628673,12.350082605216963
-9.449573258984458,1.2809491091432523,3.305116447254462,41.303974974919655,12.347204694525164
-9.448550227572555,1.2828689134084093,3.3057433988703866,41.380906160026925,12.286756013596532
-9.407195465427332,1.2844536889274607,3.294557835519245,41.44694893942941,12.285638638207576
-9.425302229331605,1.280962400609897,3.3011531911504415,41.180923636973354,12.227343337435702
-9.49783456188233,1.2822164785667163,3.2979681734897923,41.424105977434635,12.338984208895058
-9.4161314804698,1.2848427554663695,3.295205123727925,40.41961541984084,12.324412807491452
-9.431813980013546,1.2807425201225964,3.2968432264636047,41.24716196623541,12.364117116339642
-9.458467318246608,1.2832929437530731,3.2987969266031083,41.25435237120126,12.289227225204408
-9.463768255293623,1.280134430134618,3.298821917259319,41.47992293930856,12.292625509164537
-9.445397712365109,1.2818904221854417,3.297572445247076,40.646931852730155,12.308156792373518
-9.484035361170145,1.2830266876603293,3.299945434419526,40.59909401518144,12.344183739201727
-9.298815341254011,1.277246429514045,3.309786584791557,40.994817863640506,12.226006720062331
-9.424961942288295,1.2809104523388557,3.2930991256199467,41.359004283043774,12.336243246213478
-9.422642818843867,1.2827627501240604,3.304548707669284,41.36934828125501,12.29833289886294
-9.452021894363345,1.2822821403305702,3.2999265027466214,40.71603470022646,12.246337351680262
-9.324573917036512,1.2807134448668034,3.2982484846113707,42.11656271305911,12.194944767897143
-9.452828001693147,1.2794781763323906,3.2919271596956414,41.20889257565737,12.29225151452602
-9.493427387612627,1.28287480339535,3.3030510532502966,41.062827558640635,12.37135529991303
-9.41211721423594,1.280904993313419,3.2942361300106957,41.09271478279105,12.382592642764594
-9.40080037930753,1.2825738394028674,3.303311575617685,41.570596711193225,12.316510288805905
-9.612971829992114,1.2821783396119903,3.306965323475975,40.92985404001011,12.396719142702265
-9.420678207171989,1.2804592202105298,3.294868784945627,41.914584239723425,12.296343501327437
-9.427168745787514,1.2834367636691346,3.3046734423398294,40.660102701010274,12.346021746192621
-9.418555393399505,1.2800420930785839,3.300101757458988,40.54466370014058,12.275655357021373
-9.385577910420606,1.2835519937212712,3.2916231814726347,40.932820818868166,12.272341614738767
-9.498323828260258,1.2837555422030917,3.2951807325802096,41.22469252685429,12.264045081242447
-9.523655158905994,1.2831564961814435,3.300712906570554,40.78145334386799,12.19473739813618
-9.494650740135171,1.2806398968548216,3.3016047329825318,41.5191095964497,12.36195609790126
-9.36961924178197,1.2860413766253296,3.293677234977604,41.10333829140135,12.265351836455244
-9.574717198748335,1.281198557372901,3.3001268203746146,41.28332894334818,12.257187830228306
-9.421041580216126,1.28132608646028,3.3032942238413923,40.825612277402186,12.238081836541838
-9.508868518655573,1.2807504146655588,3.303994302077677,41.45548416607774,12.286677444219087
-9.455951792291398,1.2784870308257077,3.2983486561309365,41.635757693451424,12.384879374536562
-9.330884212132556,1.283290202902086,3.301753875114226,41.1123172189703,12.401197395681464
-9.36624074531654,1.2795102119809107,3.304289741545857,41.463343195666106,12.213263158388438
-9.391050512977557,1.2824506765004475,3.3034098239168745,41.324984939417035,12.278376510169256
-9.315989973700772,1.282888472785954,3.3035657488613164,41.574702851376834,12.244167791956485
-9.414385628288413,1.281735401169324,3.300454026462535,41.685003489120525,12.345083704777998
-9.40978432227469,1.2791056945057706,3.2996219290518294,41.56971597390084,12.309772003268359
-9.316983006753938,1.2797698369858646,3.3010884542950194,41.571679094176595,12.263383742924894
-9.36078475353214,1.2750616902312266,3.2969449251239924,41.543651413250494,12.298605126298737
-9.356829969715818,1.280148247784966,3.3044483799723054,40.77863267570941,12.270864188247268
-9.433576955950441,1.2819534380270734,3.2938783817729274,41.116478126539285,12.375200459753044
-9.418154588819764,1.2798413386220258,3.2979827587523234,40.723089212493555,12.32158355987177
-9.344266508438787,1.2791060183104395,3.2998550287332304,41.30420319886286,12.327468582432072
-9.334912208976318,1.2796620164453023,3.301878717995746,41.776899131081976,12.16036776784373
-9.304710489008942,1.2826610770997537,3.3026301140600087,41.38775745589539,12.2901048462787
-9.49403422374574,1.2800959541826804,3.3059559446291833,40.00969548406764,12.397329879891757
-9.32513296688519,1.2838963658044718,3.3003110084552194,40.931014116719204,12.359195255637815
-9.302400584238397,1.279016423662184,3.2971280566006813,41.62763408743081,12.200248216856538
-9.426081992826292,1.2805712225159618,3.2994198530739367,40.93219052271461,12.276639727801392
-9.314146036690406,1.2792503360309013,3.2987224097751597,41.68524543056228,12.231937804242198
-9.455447556848558,1.2842480078029048,3.3020797338534775,40.60622102342654,12.377266054137447
-9.376694145031465,1.2804418562267776,3.2957320040095692,41.39929914958915,12.303616535057774
-9.381548582693156,1.2843235253062126,3.2992982811155027,41.409680163391755,12.252698939896227
-9.379339458977787,1.2792135632963726,3.3064906480741,41.557281466293865,12.292477170089066
-9.247817716336884,1.2830969411112076,3.3007194085237384,41.24228063832609,12.160076015660009
-9.310241896173162,1.2802672737528789,3.2957882688169704,41.69143348294422,12.235865716501355
-9.435910593531055,1.281695583142587,3.298640861531829,41.73080241787032,12.291599934178036
-9.451718238896138,1.277575376324179,3.291068066889857,40.187485797838605,12.33171996557131
-9.300736230966892,1.2807056744554042,3.2997645596666687,41.41920867116027,12.192023429932721
-9.33443264237188,1.2778661763617263,3.306590725443761,40.608594719842536,12.269678805550974
-9.429310824984434,1.280515703460883,3.2952535881304463,40.79729996716632,12.338862795707437
-9.230898066850935,1.2769633469375525,3.294175812515544,41.22677409171335,12.215442290097116
-9.318656683725088,1.2798121004564,3.297386959932998,41.336106151738775,12.299105062199667
-9.400006385355983,1.282193153078849,3.303685265361318,41.35100364450055,12.290570133396745
-9.446115068596075,1.2811002222021688,3.306818550336787,41.46976320113692,12.37261044280674
-9.36694561661211,1.2775419224725315,3.3017928486024513,41.371717304003724,12.274999173681573
-9.373773668441588,1.2762192802629786,3.2948563611155572,41.52190368662111,12.277535055305714
-9.303291372913883,1.2810176945014466,3.299911100509493,40.96201771058637,12.328466727551218
-9.264203379932228,1.2831954765076785,3.3071577019283613,41.89425681257585,12.218999521486078
-9.347966122922742,1.2781159809780032,3.2987563971924594,39.985738691760325,12.27386557753302
-9.302696082447978,1.284250995079209,3.3005618900207017,42.00528467660376,12.261710846019835
-9.301095684321876,1.280057033016212,3.300962238415996,41.93668862907353,12.277133448213277
-9.370857262514072,1.2761679829400654,3.2938165481633317,41.55830710731896,12.326075895127937
-9.342047728346426,1.2769804762850276,3.3039917868504807,42.207490886342754,12.310934780371944
-9.297202898325263,1.281660517579928,3.3034150469979857,40.68406680602602,12.245358331901219
-9.32496508840025,1.2803996515373937,3.292025838408588,41.661840712207535,12.289187764743271
-9.434038324006009,1.2831263659384857,3.2946773935265243,41.185965804283406,12.356429866940799
-9.369184973253855,1.2777885937709712,3.2961211994994577,41.35926427988544,12.23988911583688
-9.3695212440979,1.2804462611990637,3.3029933969850354,40.79552954191476,12.28825999579437
-9.385429501476379,1.2802487291644717,3.29699555171931,41.387063998551035,12.270882529058872
-9.43396425322051,1.2799766186000459,3.3016054043970224,41.27120085276169,12.276923877157321
-9.265136897905643,1.2795263768691294,3.299272900018664,41.19388814747665,12.19806947967237
-9.360264594175874,1.2795966371272343,3.3002846870119322,41.25199343897106,12.34966341311022
-9.406115217202503,1.2807032706319141,3.301983741718328,40.66196801797849,12.239925270817169
-9.384563299944732,1.280992580264635,3.301089336485604,41.07271387265469,12.329458754877713
-9.339336190264628,1.2809274967088067,3.299924112497731,41.70565468972336,12.246593320802894
-9.316628625712003,1.2828707497398246,3.3013083217172032,41.7590654774961,12.245888627158598
-9.437808292040483,1.2780941295508053,3.3008678883087534,41.431864065240376,12.337316454024409
-9.44804610586391,1.2769127166125729,3.2991613321148208,41.488062726716855,12.325845686209629
-9.315399515232357,1.2826108931491431,3.298275058379575,41.75858699092679,12.28607065799287
-9.451852362340096,1.2787322714567981,3.3075217712721146,40.83887656874147,12.313175549805853
-9.34696395876087,1.2799042043133346,3.2982291804325494,41.44189079435976,12.260165804723014
-9.359018061260523,1.2794842636582884,3.305467979977441,41.71667576818634,12.273645255906835
-9.329976294085855,1.2794882144065969,3.2972594834133266,40.78822244278429,12.240447393449935
-9.34602821746704,1.2778869526501122,3.3032406980598985,40.753815788622006,12.318191628727977
-9.224822479158338,1.2797141291161396,3.3071350329199145,40.97409538878606,12.237772285589156
-9.470665490820139,1.2822030081853608,3.29864997405249,40.34445296832706,12.346150153357888
-9.276583913412797,1.280949098958762,3.2973304313770258,41.02650967704545,12.25554483522032
-9.487837084619406,1.2820200421732597,3.298283081517285,40.81413836233706,12.271801013505776
-9.271473291581692,1.280074376083363,3.2999225294613885,42.06197562361074,12.308145872829494
-9.458842033970098,1.2829291860781007,3.301287485353701,40.90732623208789,12.270831434949228
-9.18160002770613,1.2801651618831413,3.299840011241478,41.03025182985648,12.254166406745542
-9.357437704491625,1.2770245956423347,3.2983200617615944,41.35159994961538,12.266979136090184
-9.279308167590477,1.281936210955188,3.3078181674312397,41.36579816785239,12.312584600701221
-9.252361169256515,1.2829004098850694,3.29919824469819,41.182424891410584,12.234159346149674
-9.356624080353477,1.2803112583784835,3.2975195944914417,41.05132657042571,12.260393292082057
-9.35505429264742,1.2838936591919197,3.303322044670322,41.716726986621694,12.26661758632034
-9.404690545043643,1.279860781744085,3.3033857431979743,40.62666504895368,12.308725551015296
-9.28275494067215,1.282971943320056,3.3056499575076312,40.76818232314708,12.259892009164107
-9.402768464624787,1.2851897640627927,3.307711455036197,41.38119731251677,12.354682176186301
-9.37705077909933,1.2818447902310717,3.301385088080954,41.000310243960236,12.255818204912835
-9.293331632115923,1.2813908663580607,3.298846983017827,42.034220370261416,12.251133844791989
-9.380762846252173,1.281706376109384,3.292391051731843,41.17675302568309,12.25383430606093
-9.317741476446232,1.2852495742001326,3.2962485943266078,41.32436801922507,12.195916730688939
-9.29829730179143,1.2828751838437376,3.3008342470733316,41.71802614471481,12.209270366444036
-9.35565691577489,1.2864360247884752,3.2952762326137233,40.61982208595685,12.233926299859787
-9.3880152281902,1.2827854824757068,3.293659512981234,41.35900394854797,12.316599113577839
-9.236960913437064,1.2810001001300992,3.300263311579806,41.37983089376751,12.257494348593218
-9.32980031810738,1.2812227406672103,3.3031070368763022,41.751122027428764,12.234256538651671
-9.381690313162359,1.282596371244726,3.299014087816443,40.97790849302206,12.319148660730766
-9.378536045964355,1.2784752483948778,3.3035871504109076,41.31365675479146,12.334709046855247
-9.333178924123516,1.281693979150383,3.302466331855696,41.19005646553291,12.319242684247273
-9.369591559191978,1.2818257500824646,3.3045969332523946,41.42597668708916,12.21313754944447
-9.2907109519061,1.2832996272630208,3.308693753833582,41.31811962447097,12.230343236488988
-9.358570165175413,1.2867936945144836,3.3104561065626763,41.38778382453002,12.345101232362664
-9.441787456493802,1.2831110028372408,3.3029266844660174,41.81772056000793,12.265775331111193
-9.213970080191887,1.2792486579844091,3.2981605992403646,41.457665149717144,12.239636080499064
-9.258515218169123,1.2813600546163175,3.300247343546086,41.64406933288994,12.288229101955858
-9.401323615195215,1.2838076197060195,3.306293018340509,42.1119399403999,12.301966123751534
-9.381081537167434,1.2835654806287646,3.2964271001788297,41.39377873398069,12.222313368207914
-9.319752708443998,1.2867261149972624,3.3057906443865703,40.386823506967914,12.261137744551148
-9.436606008288608,1.2854963296674997,3.2993203037603283,40.86028278644035,12.295768887151619
-9.216979259407054,1.2855366278742884,3.3009085038059167,41.084541834154024,12.190696914468521
-9.356225278741343,1.2833435957039767,3.2967692497529586,41.65633468722434,12.248594197609465
-9.202620061557843,1.2860788043015563,3.294705099189634,41.55723213427635,12.191518373934068
-9.35265450674809,1.2821926438738283,3.2988846559697547,41.72009818352043,12.19731505653631
-9.320438836613825,1.2860262262856617,3.305212046777342,41.60374504458711,12.217590609412682
-9.263696639957516,1.2836311590373022,3.2971921577588597,41.71550291252413,12.268848443442478
-9.339175203148132,1.2814075727442664,3.306450084640082,40.83232670305511,12.228133524074991
-9.295338231672815,1.285598791014699,3.297708506474939,41.61128138480886,12.211051288341084
-9.263659113740813,1.2873173499703439,3.2957270913744754,42.01931774847574,12.245282826478732
-9.332686934696074,1.2838201827997462,3.301014548194324,40.75578751812251,12.184585244866923
-9.41450375653455,1.287871204079237,3.302716287951176,41.04413512355682,12.262597219076861
-9.443980602687406,1.2815472544619624,3.3007523516660817,41.2538063341349,12.296945481905233
-9.291293989685162,1.2825801585643,3.300603813582368,41.45661839192805,12.235630450964788
-9.300006674019391,1.2847960460090875,3.306411840843765,41.974621495870586,12.228668151095377
-9.274168153216381,1.284464858867924,3.3003796581899683,41.74306665457634,12.256678019748149
-9.294407998922185,1.2839901350057819,3.2981183728583643,41.57362075786469,12.135783401181575
-9.428099620629418,1.2857108899572811,3.2954681218270014,41.4708413771109,12.26324409891191
-9.547717907748485,1.2845065948769323,3.305094542757721,41.21028000136232,12.390689369451467
-9.154044416974225,1.2849671671123013,3.2982972879076233,41.70833880902718,12.228648635999988
-9.294791789166329,1.286364397361727,3.298687588046853,41.268488343471866,12.228009093242047
-9.339976954854626,1.2845959850474302,3.3042075176202776,41.716169951562485,12.270324138442076
-9.354230968957218,1.2858436054854232,3.308216591179109,40.99430650229567,12.314584426634553
-9.440305082866512,1.2848902086278944,3.3010053276553233,41.0904783898152,12.280235767238024
-9.324099964217341,1.2838967431481634,3.299452006907741,40.88910662561844,12.122872205692861
-9.24004299701289,1.2879631282921313,3.2999773900993072,41.812584266378494,12.25798327481883
-9.355628012471218,1.2899800857577064,3.298177846861053,41.7817531295604,12.357566248196843
-9.392492983879352,1.2888234369649894,3.2985766105373266,40.84079475598189,12.259243842017984
-9.376158206952583,1.2874885345184883,3.2985980430772144,41.18611183702105,12.169539399651628
-9.369712688000527,1.2856738581686822,3.303642912312017,41.06854831878996,12.240504355287761
-9.318957647144217,1.2865158835865942,3.2996473176297303,41.79221522948339,12.16151757967664
-9.24025672524068,1.2893375527044273,3.305437249650437,42.08627514425074,12.286326900700143
-9.32013348900214,1.2827952987771443,3.299534891360022,41.16809562439835,12.176023083117114
-9.406325528818348,1.28676747670661,3.2985318833962296,39.95087891036908,12.22665562937782
-9.3155424893126,1.2890989062196283,3.305111500016426,41.83003546211262,12.179176438146458
-9.304336544401417,1.2854917328125486,3.300086200078505,41.40936487514503,12.19386079816564
-9.448244503523988,1.2887536208339876,3.299494262931615,41.123092384310176,12.29460428512373
-9.313127003325976,1.2888002944362367,3.3001342425712634,41.75923151043187,12.224578968730436
-9.248580717754422,1.2852780329827143,3.305866598052713,41.357231454916864,12.190551167278434
-9.298582649748449,1.288501935640755,3.3012243109271493,41.15072441024154,12.16035091275935
-9.337015537730412,1.2872352593312535,3.304997935955694,41.18368555931727,12.123124114297955
-9.336897557863638,1.2894453957085383,3.299061502391364,41.52183944651431,12.153237908425462
-9.439252301837413,1.2900966913670995,3.3043576156289145,41.4730822989257,12.220488545099615
-9.369947559247091,1.2896997636907066,3.3009507393456916,41.91336636775886,12.262986823182388
-9.305257069771821,1.2891926874638524,3.3035303026479217,41.55084283638628,12.185038038065876
-9.431487858300054,1.2897716964274824,3.3038665849467197,41.079173981008495,12.290659214391914
-9.204633047680122,1.2869890976943255,3.29623352188384,41.94521025293149,12.17532939622538
-9.286004343995998,1.2894278100007157,3.300287830425536,41.039488045943344,12.19837219314596
-9.420620043752628,1.2880452332007486,3.303828791810202,41.726515202384505,12.155358301935642
-9.471711597561264,1.2918509524181274,3.3044659414789486,41.141127580704214,12.257935597866092
-9.452662527358438,1.2913048041329407,3.3050137379071702,41.003198838035175,12.312329447436909
-9.203335861494272,1.2914503496663334,3.30041891090041,41.206118232618905,12.118415524661316
-9.280264663356867,1.293668503942106,3.3061608381645176,41.690246653637885,12.188246793666174
-9.277184910182026,1.2897342829114324,3.2973711737215377,41.33338357386116,12.267838500371251
-9.306828587101906,1.2894496716630448,3.2940209393212356,41.34862991321638,12.131292947588602
-9.370990372903751,1.2899946492916643,3.298889556424591,40.589541684346116,12.231011257633252
-9.450292907401195,1.2876522583549772,3.3047833691373856,40.92554247542853,12.26278365224078
-9.326544307831266,1.2879651376707573,3.2956551713154996,41.11951249100628,12.204650622625499
-9.371772838901903,1.2924107671200353,3.2941205679484886,41.42387944579132,12.227277653347258
-9.405038058872018,1.2885352105781658,3.2931179640484882,41.08286533870504,12.286831133771102
-9.299264210268845,1.289333256045365,3.3029437771367665,40.34192238500707,12.295225072235077
-9.354382001873905,1.2914378803528896,3.294209581098876,41.12523116672264,12.193719348045429
-9.255908368769132,1.2909757403791748,3.3021961213040676,40.90638988889576,12.169209033273855
-9.422100326794082,1.2937310002246454,3.2986876536654393,40.738661377968945,12.14883540894537
-9.213703746527724,1.2922407303437762,3.2969176072654083,41.97414633841178,12.242685401414324
-9.339431606615788,1.290683582707299,3.296005110698304,40.645543294842405,12.124247505016413
-9.30336011637166,1.294385086285284,3.3008251633627075,41.5112172207035,12.179202998694617
-9.303484454114791,1.2940612788202794,3.29698336874301,41.190142988308,12.195957954631051
-9.370960321375481,1.2899441682174393,3.2999801087612237,40.97806526060317,12.164661472932819
-9.312360382141044,1.2934336583107129,3.3016056255470927,40.98354970112897,12.202787130565907
-9.36718431309208,1.2916624998455333,3.302450644936657,41.39344069867876,12.316002707569856
-9.395917639399958,1.2917738322635988,3.303737281647225,41.380886710046106,12.18067446147396
-9.38821132784278,1.2971603051241247,3.3006589133811484,40.53351741751207,12.163957903421581
-9.380545103701467,1.2938348875260222,3.2957996397907614,41.699119446411295,12.23546503381679
-9.371673432924279,1.2933168251443885,3.3018629093396807,40.78214747863813,12.195644366217609
-9.31203598934295,1.2940878377611489,3.302624814569074,41.531371660631116,12.254595217263185
-9.322495887590257,1.295832912198132,3.2992737630777516,40.88262134881307,12.189822577403854
-9.359464183957515,1.2928481695759129,3.2988483874863417,41.097446763045845,12.168123346547063
-9.281414269145642,1.293357063224066,3.309900709541456,40.92565077514907,12.090311135766472
-9.445612744591124,1.295899915747163,3.294827795326786,40.897278263474334,12.097460101334816
-9.355280098542325,1.2917220161712495,3.3019746974877715,41.20904992987363,12.08560795998772
-9.357427209848748,1.2969049597980962,3.3041841257855324,40.825418129301354,12.195302534001954
-9.265205993315838,1.2918820646121951,3.298634939035108,41.5953645480374,12.107162425697856
-9.38657067066997,1.294770272161163,3.2993259329923963,41.4050314934884,12.236989755009253
-9.28142450511989,1.2922338825602853,3.298394133477083,42.51956280331928,12.174655885253967
-9.31098893020569,1.293489135416341,3.3000008892514563,41.74950046607685,12.15986358495023
-9.378392706990498,1.2983673978432488,3.3035979702507485,41.71378272924503,12.128806275018674
-9.395178940339413,1.2980317272332227,3.2992071681843926,40.50203594858973,12.201034808490961
-9.327646171714443,1.2984165124152378,3.312442368556252,40.56132143748161,12.128616587331402
-9.37560283813897,1.2933872435227447,3.2981890496298285,41.12999809515087,12.118488970837731
-9.312217660201437,1.2943547429424305,3.3055100606626624,42.09029119988167,12.226088565936148
-9.45085449851279,1.2973085053896984,3.302175699449491,42.088036138650956,12.18331215363237
-9.35171674751729,1.298231556958556,3.3004338924845733,41.02155221058244,12.15274149744356
-9.349568224332119,1.2953742999563382,3.3058830443774303,41.06637443169751,12.195463359741195
-9.39780401147822,1.2959881204026287,3.2935996950173725,41.42194953528847,12.162738935065933
-9.421803698005295,1.2950561210627347,3.301700713833866,41.07752902173306,12.180340540026632
-9.365182409317278,1.3008083643056656,3.297134480246687,41.20086142226369,12.119241959655911
-9.385228887480315,1.2967152104995725,3.2982560482595793,41.48350187320355,12.262495709715493
-9.398851079853486,1.2979011328880743,3.2980679908318558,42.28850503863044,12.128883178711748
-9.487559984864898,1.29817942827138,3.2961447028275104,41.546709373604386,12.234550385762285
-9.311952821677298,1.3003971221432746,3.2933896792679063,42.12374497570811,12.146188534982933
-9.38312628830081,1.2964548284286221,3.3015551369421012,40.49609345216578,12.194866278255764
-9.345999482101579,1.300870288458407,3.299736520466349,41.737913626797805,12.190099100774423
-9.372447071529637,1.2961504422501144,3.2987976347441323,40.8751584161068,12.209604096645712
-9.238758697590916,1.301213539487977,3.3030366987523188,42.19306199471984,12.109101007755452
-9.351803781616006,1.295625800225767,3.301807739287802,41.83932304977527,12.203781770063943
-9.482672137696907,1.2990216603746347,3.2989326541816855,41.276181654987006,12.241186943648133
-9.359649669329377,1.302656076983886,3.3122036947289093,40.98354333521787,12.134792419068948
-9.429928281943432,1.3009741909152102,3.3040719548634954,40.94661615102026,12.148321675806192
-9.411062452617987,1.3005966714433344,3.309779202832437,41.01671226445879,12.119270553949894
-9.47429139056415,1.2978318834697582,3.298340180303173,41.35635064590368,12.126974818066563
-9.459467315060554,1.2986336435803485,3.3009987964841208,41.24262047645782,12.228718768024507
-9.343031147422991,1.3029665621638382,3.2950469229513173,41.881950638890274,12.091784173848943
-9.382582920523642,1.30139695280408,3.2986780867409378,41.87916211656699,12.093735527743227
-9.50975611897481,1.3024072411729546,3.2976641629014676,40.64234470524469,12.220229402918253
-9.511874620663473,1.300948751432421,3.311982020986627,41.16632936422728,12.169752005264929
-9.332547839095747,1.3004120609562129,3.297230090809177,41.52011879447248,12.243380686987212
-9.376859620957443,1.302683133012047,3.299063864732766,41.20827130313036,12.113675218030572
-9.461623581646077,1.3018427140844004,3.2941853187725503,41.45345869028932,12.14134358917311
-9.366201894177804,1.3011581854493681,3.3021348934710355,41.46398556762471,12.100825496744353
-9.284071836859665,1.298844074687987,3.296399098359639,41.202033198273654,12.139851665498085
-9.331686157968132,1.3037537614091983,3.3036741829161054,41.27978082393614,12.04280650917251
-9.599051268267806,1.302899712875483,3.2928467015698084,40.662209032647304,12.164581305054078
-9.265100841453402,1.300980697786606,3.299513506839605,41.17879144715443,12.145327033217105
-9.527126686970696,1.304725121963517,3.2926168003983176,40.91161787648584,12.125092888847144
-9.421682735243694,1.303027455876745,3.298037948172993,40.63786472387799,12.107267262292227
-9.466197956732968,1.3032396495221978,3.2988511485972647,41.25715714523101,12.080860221892824
-9.484647951247375,1.3046534573677218,3.297603874142706,41.59235144846623,12.160793618398513
-9.377216627779257,1.304395674072413,3.297999134936837,41.26575522986759,12.064661156498873
-9.562131698138613,1.3038179715082312,3.3038846730774294,41.25430772230831,12.147615788525203
-9.483874286881184,1.3030255681366318,3.308697817274171,41.09438324684246,12.224546576698094
-9.396432052547757,1.3075419231142515,3.301357228806238,40.7982939516715,12.193900795109789
-9.442647962912819,1.302278577506881,3.296559825635932,41.91753013113704,12.043166759781748
-9.501238433438017,1.3054094218833778,3.3002563097572506,40.02855141399903,12.090382435529618
-9.451703223713745,1.303920760598293,3.2985829233356987,41.100716513548385,12.137085825518813
-9.452931756649422,1.3051685955581123,3.3035575714583914,40.78671531069916,12.111290933608808
-9.436707267217052,1.3068963799599185,3.301151444907359,41.75926269008995,12.04362429929161
-9.51851358611687,1.3039764041631199,3.293688820207552,41.04936017096646,12.13164777559845
-9.407790305990389,1.3059729111208251,3.3043917419508975,42.20661009631515,12.110666386497137
-9.45295668522422,1.3054696672211061,3.3038673621582033,41.10848931779339,12.205666638447479
-9.500055650742272,1.303824887805153,3.3059801148142713,40.69555206599355,12.096069976354237
-9.528926686089083,1.3077922379695728,3.2979342363966766,40.25803903267297,12.16591055412992
-9.405879055299222,1.306866562951036,3.30120389510766,41.63090005147535,12.042932891242817
-9.47960880649509,1.3047428202882732,3.2952608932994942,40.70689026278447,12.053661749483014
-9.456408044433088,1.3079864131279342,3.2997950207678537,40.91926046803616,12.139918215113722
-9.389782655744646,1.3042832515850706,3.301587941350396,41.71167750409549,12.15679258202807
-9.432123140721066,1.306054634853363,3.2974557769145525,41.55709992567732,12.05350537909728
-9.527594359469127,1.30542000271314,3.3013693599257286,40.70095743843541,12.101345928094327
-9.39782698905738,1.3079465432351063,3.3006720003765273,41.02274265646095,12.029828234902384
-9.463749061341783,1.3056495306914142,3.2982006541731987,40.370074509007246,12.088609455021874
-9.489290686239828,1.3082903384886921,3.305589885624285,40.1992139512692,12.138277978872155
-9.421713073660783,1.3081262515737162,3.2990622289235962,41.46205307333509,12.07344347196472
-9.415176770615966,1.3063502637228435,3.300531394898712,41.51926311846539,12.081497406647934
-9.434258567743184,1.3109230871791946,3.294132387003071,41.27436678689906,12.036215328397683
-9.453844334093516,1.3059355195202256,3.302076764288151,41.16720123123013,12.059041369027158
-9.388341810448452,1.3047697319531497,3.2980924251663617,40.94084974624426,12.178117285662
-9.399790585546256,1.3094611518668808,3.3038288438779007,41.787671907843084,12.092608717078528
-9.396739508576495,1.3036107410674311,3.2947554150578684,40.492912508079534,12.03759612308429
-9.457887636941619,1.311053191613745,3.3017227878039708,40.89682728218035,12.070720282944327
-9.495867540022148,1.308432452198133,3.291271775232752,41.07254547691038,12.00533322235285
-9.384300791404755,1.3055337341134874,3.3024634723935224,41.231233461894476,12.033240719602288
-9.504498093497318,1.3066488963200065,3.299300789436913,40.99018426447981,12.150708193697422
-9.512074527289487,1.3054351182381096,3.3015974140365896,40.768151237976134,12.074308013740191
-9.544732207822221,1.3096258689690699,3.297599349921476,41.12689856417463,12.174708021628538
-9.540341708655541,1.30636240746505,3.2962028036051105,40.43315963721608,12.074141972412589
-9.422303974631491,1.3101758599905335,3.298261987541241,41.097789885543285,12.075846778721182
-9.463581821137225,1.3087167812892528,3.3007680479689405,41.245596758399174,12.108425292388764
-9.412737299888276,1.3085297387310324,3.3023062826626433,41.041513373845405,11.941484622105364
-9.500058500717495,1.3106524743902082,3.301215374507119,41.001797789896536,12.084092954091377
-9.533910964299052,1.3110333869109367,3.296252956805989,41.018383734381736,12.070127244276854
-9.661188063370759,1.31222980652144,3.307350717671717,39.9732955857512,12.14560771237361
-9.607072160605457,1.3088217237980897,3.301331256291678,40.1189355821021,12.118267578864952
-9.516352373666425,1.3101799729006607,3.2975105419657016,41.02086675757077,12.012075532999384
-9.586733293993698,1.3091184691317899,3.301696880820666,40.58318058065442,12.129592247234537
-9.480157724427078,1.3108638387468465,3.3010239491160207,40.820475831554575,12.0530935042274
-9.43476109095894,1.309129222324986,3.299298667055448,41.358080743780704,12.019709222866629
-9.520690205498395,1.3099847323691276,3.298828845401874,40.56308434641243,12.073508464190496
-9.420455611950965,1.3101412239759456,3.303939484914959,40.19379257937327,12.052235039462136
-9.597508276587044,1.3117114099384097,3.306911390525851,41.46779496029308,12.138015791043479
-9.530742766920522,1.3112752138516264,3.291855984931375,41.42245185803466,12.07684148174972
-9.524327151355365,1.3124256647943722,3.304922142303932,41.43021348967741,12.06881004264914
-9.475152116146042,1.3113419569353935,3.300079718093626,40.60139673737961,12.102275052755738
-9.541185528963783,1.3105384532525766,3.30094676217531,40.88666138907547,12.110600791707256
-9.533851934929436,1.3122216420223831,3.3054065693203336,40.4249286963211,12.093850912362509
-9.65912119035287,1.3101449243912682,3.2893807644310993,40.65777380679826,12.1243562372829
-9.595632609498319,1.3132569116903032,3.3032591576370174,40.66953039914766,12.082528573945767
-9.46694144306867,1.3116860465855007,3.3051299882469376,40.63489464952937,12.059187424391043
-9.686102253031418,1.3128034632672647,3.2972455330373993,40.829109953166984,12.111472884862604
-9.449854512459908,1.3129709760607828,3.2944241878677856,40.99679382618967,12.043677962677041
-9.505670724718701,1.3158695683440036,3.3065597152647213,41.677738656023514,12.0485926653293
-9.624831946188612,1.3135642295014058,3.292974433056793,40.784648100727054,12.13171586172182
-9.629542913715946,1.3130811098770276,3.3016745991815193,39.72175590856532,12.125439029736643
-9.427249562554053,1.3116825551784255,3.3040924333855655,40.42065027143875,12.042638996251188
-9.447336276358016,1.314803696850021,3.301586396020998,41.94358275370716,12.01907435142274
-9.589262030217157,1.3127891400719909,3.302258530359974,40.677861143246524,12.113613954092543
-9.559616686555524,1.3104082002966944,3.298939921581701,40.976769885581156,12.079178775561777
-9.59651624082762,1.3131975686525679,3.3018508827675297,40.81085917946142,12.053638753450615
-9.535904637933212,1.3140982744349738,3.2971661256165854,41.49471853681878,12.020467167512047
-9.602956325220347,1.3122047887272752,3.2976842221856213,40.031323192733176,12.051846048173081
-9.560599241296533,1.3137308906820349,3.3001421830566877,41.41050235226324,12.032875541135986
-9.43340928091839,1.313948673128367,3.2938406245393956,41.637330155078665,11.99944315347694
-9.569816928957456,1.314103137389672,3.3023081604530473,40.86282983330997,12.037810655409658
-9.632595832429597,1.3168064687704928,3.290077046503481,40.90012278753187,12.043327620765604
-9.637909573428308,1.311835209329382,3.301451261861493,40.57594213420337,12.009983972410057
-9.582522188636124,1.318645968933382,3.3018274878034943,40.160855291418905,12.072641770029497
-9.647677848736501,1.3146316221390255,3.2968219184942087,40.93675883471833,12.090588342439847
-9.58151249160249,1.315975524755962,3.295064135444036,40.93560683998442,12.073337346936432
-9.664591269195487,1.3151874561023835,3.298367321111854,40.777761218651534,12.009725309457654
-9.554081982421092,1.3115952805938986,3.302558709074994,41.084753546724755,12.060023622268037
-9.644442600685847,1.313048570683313,3.3013827964615605,40.469381558303546,12.02482501199624
-9.547502426419639,1.3142264178657297,3.29555386756444,41.502301774830265,11.957833639840747
-9.62058855079294,1.3173744896448834,3.3004227243759114,40.76207552967462,12.051951030785345
-9.486328218505312,1.3127293163373626,3.3010478271528436,41.24402789818053,12.024314418316862
-9.64264164298285,1.3138962121254418,3.300878280320654,40.60586659054089,12.145378186976348
-9.510117618279727,1.316045928444951,3.2960536347323215,41.399853761858466,12.087256981720332
-9.576878041675926,1.316769282593315,3.3006228109209563,40.887841053857244,12.048643324056327
-9.515786160691833,1.3168151493586708,3.3036709800475674,40.934380077102766,12.024236469792129
-9.614047333071522,1.3140666221759105,3.3021478468767,41.25484814405061,12.01865596176365
-9.55395676148212,1.3129423533819877,3.3016459196596295,40.202938329431234,11.95897708378129
-9.485546298381415,1.3173189300910322,3.3065707302708156,40.916900544728925,11.920903723132367
-9.528396009309269,1.3192082965892997,3.300671164516155,40.69814972325973,11.962916510056292
-9.573830580960333,1.3157514388668035,3.2966323637162174,41.001890763378896,12.002849871022665
-9.57630371465107,1.3142514103947573,3.2966450326181485,40.97371347007477,11.898649914760954
-9.607575094004083,1.3157785043402732,3.3007041087077695,40.780130707259154,11.975401871035876
-9.539604342301166,1.3175226046851534,3.2942498265178224,40.63519045981193,11.988928341129204
-9.530319230355568,1.3163631333826047,3.298756068509081,40.92974907100759,11.989228672325728
-9.637900728866816,1.319737465511494,3.3018566946065193,40.85354598608596,11.96560482730517
-9.65737949024129,1.318865389441652,3.304684580011072,40.61386725006174,11.98030634863142
-9.721064122271914,1.3174751981173873,3.293823945010931,41.00089051927095,12.08226781273479
-9.59292446035175,1.313287647439976,3.300396310475875,41.05895692634224,12.027871542143346
-9.670355080655842,1.3159002276715,3.299727055546325,40.666902707058654,11.965440495644723
-9.580277504213425,1.31627585566543,3.30015002280433,39.90103687934982,11.98872952608954
-9.60004847825525,1.3159644908062968,3.3005662620223446,40.7125796268685,11.989422779254442
-9.649466663677176,1.3179238582916153,3.299873332011563,40.95310527469814,11.951132379302242
-9.525369462005083,1.3180482569806016,3.305568835802128,40.837517022403865,11.949765544385087
-9.753904032480408,1.3143590379124872,3.304975986865715,40.61349388269394,12.037440384806734
-9.533321789912748,1.3193968501322906,3.3085731567542815,40.84352578007741,11.964617342567758
-9.599377541027366,1.317899013181471,3.299957711202275,40.894242208232,11.929564393775575
-9.771704064547814,1.3186597997330987,3.2983572421620484,41.016995255562364,11.980835146527514
-9.558315241062031,1.319510554168644,3.2961289519672414,41.19806748429731,11.987585925796
-9.545737249942041,1.3165619742916324,3.2979222471013934,40.39029318979165,11.881743850021266
-9.680578077276774,1.3206873592664583,3.3028582845310197,39.97563433397056,11.977035739985903
-9.738009747999115,1.317958211249748,3.303474100353842,40.70100367711691,12.021166449658795
-9.766381238560031,1.321337754109581,3.302702058978539,40.93437883978556,11.999023740557739
-9.574310545928219,1.3165942614984762,3.29734212927115,40.18711925421027,12.086647293506088
-9.752715432348698,1.3213266864253994,3.2973637003701786,40.410646119741834,12.036408751291312
-9.780622150480548,1.3167088869516557,3.307825856176442,41.38804305942914,12.044996215638522
-9.72506550007181,1.3236796692322559,3.2966720280622317,40.44241369401597,12.111250571039651
-9.790927287727168,1.3167422756915648,3.305666098666499,41.42848841633672,12.007851394605106
-9.739236918610267,1.3208215332577655,3.301618304192901,40.19208587118971,11.976794971416341
-9.643486264924302,1.3180445632539588,3.2970696042435845,40.45426644627375,12.016026952215977
-9.639587126853124,1.3202589589943654,3.2952620577596963,40.439644897597475,11.938077214199879
-9.709880858379075,1.3188059927237523,3.29724432233863,40.06856327729483,11.970123096737396
-9.66930675684536,1.3167612724168114,3.3016705264561392,39.98486312711957,11.93105281482454
-9.725694006255825,1.313405320523821,3.2963614880238366,40.46011507630805,11.982039537137396
-9.679222031330045,1.3240679482557924,3.306217641446853,40.699501899219996,11.928246687932994
-9.722944957574912,1.3192511799965077,3.2991685581255967,40.267398232327366,11.9251982959248
-9.742176093769507,1.3132689663415469,3.302801785833641,40.32516014982724,11.978921734367255
-9.732843987864909,1.319810679856895,3.3024788443665525,41.112742127178876,11.950066641363618
-9.69763661001718,1.3206326095332395,3.3064876031225277,40.993424208063274,11.859281119875279
-9.605881974441173,1.3178697820056555,3.298248118604743,40.68476555581416,11.881585138077421
-9.632655039584677,1.3179282720839542,3.3004243290691146,40.90664009270932,11.89570633591486
-9.74405499992116,1.3193488618575473,3.294394422025904,39.857320552410734,11.907628635013154
-9.794860985950839,1.3218358218922075,3.3004125928735593,40.51812878794124,11.971206884715729
-9.730401585790581,1.3196711618314207,3.304560046252317,40.514233100337464,11.960142091198875
-9.615466401917118,1.3224368175511179,3.300877886768054,40.619400906682614,12.00116951528488
-9.80129955479927,1.3218104448481716,3.309250678158431,40.41052489035643,11.984257027504935
-9.759959073010796,1.3191265878588838,3.3020788396614837,40.42854514501412,11.998924490161489
-9.736050818796675,1.3164777693839145,3.2978383503865945,40.00244263314419,11.974462598770337
-9.740605968552593,1.3191986406707337,3.3018230589920243,41.190697309852766,11.95324126684161
-9.786508320333972,1.3207366160206004,3.29414642078935,40.80731037138018,11.996440490509546
-9.687904045971191,1.3198336080578048,3.296804076237238,40.46907361089601,11.986160259261846
-9.719055041508824,1.3210113393698615,3.2951319631788563,39.85766287978287,11.957712243035648
-9.720650310891008,1.3214964947931838,3.3000644435566304,39.57618755100289,12.00118008629768
-9.64832094657424,1.3208570315463644,3.299757907286601,41.50523964041346,11.819057286227897
-9.684141492722418,1.319268809440241,3.3048204386010784,40.56225250378605,11.920544957111547
-9.645047235603467,1.3208818762780308,3.299603726047126,41.015098485022584,11.918501246210964
-9.699431959347404,1.3243342095173587,3.295989920853027,40.22164449605021,11.99014882757092
-9.653000091508378,1.3169031009965027,3.3062372708627517,40.571051247973905,12.009809632570814
-9.646639120413857,1.320875539958394,3.288221436806505,40.60418863225594,11.857457422332715
-9.834115341555382,1.3235815609659527,3.300153862235651,40.42835386678266,11.999252591009613
-9.68128437209505,1.317583446976021,3.300870429965986,40.67337864180215,11.868851172018788
-9.69299714344446,1.3219483817775148,3.2999588498473233,40.2450993501455,11.869093249813261
-9.645827699693761,1.3222276517296359,3.3020003675215603,40.3352698501493,11.9131717136673
-9.819730224846163,1.3170150406818506,3.3004427608715226,40.32792087148955,11.907709091931713
-9.69997610327552,1.3214024514753409,3.301998639879844,39.8983227809245,11.8444334224834
-9.832286827595457,1.3194425699176806,3.297591122816908,40.00619597017799,11.953584534337237
-9.764174349695795,1.3198702618499947,3.294163790382437,40.40999602549019,11.953798608412853
-9.819948400519547,1.3193456733118532,3.2998145868593225,40.519103022931816,11.971269944848661
-9.743882789576151,1.3226238675233966,3.295893901295965,41.11360850728351,11.895636026766008
-9.869896886784897,1.3197756309155724,3.297085900633116,40.069620347187765,11.91407216004208
-9.740694827084829,1.3190731064351557,3.3046459249640803,40.53305614330376,11.913274038343692
-9.821672358033874,1.31910531996872,3.306231991182059,39.60970980423384,11.997940891633196
-9.71463926138544,1.3193129056440416,3.3045708244289216,40.70464693603034,11.77057624945152
-9.656484468098036,1.3178311063884256,3.3038295262828252,40.32328805135143,11.863190310057874
-9.823307977532885,1.3190396788562082,3.300239804596778,40.230090102943386,11.910065302288308
-9.755347752475835,1.3202115339088818,3.304061775895496,40.67965711546952,11.854262198545822
-9.793354914388335,1.3207756839230036,3.301422475804953,40.62036357830119,11.89437888382396
-9.793604855399003,1.3223642050639421,3.307789961792498,39.83129121030928,11.89974708123638
-9.661702277820368,1.3204257708762275,3.2963275953282722,40.9973754963647,11.87192429763885
-9.812053123492014,1.3189810409482563,3.3026904334767755,40.36034403871351,11.906791606714185
-9.866831042897827,1.317892550004956,3.2949428295094028,40.77320940598255,11.933737017550744
-9.701753873565078,1.3204867367631585,3.3027133950405307,41.18114445394424,11.889279484169613
-9.829873767992384,1.3196446391572993,3.2931235766008116,40.98270478921014,11.877198205531434
-9.917739859059942,1.3196908500562483,3.295145828653967,39.59475247985331,11.890336738766308
-9.87267231042488,1.3203631350273972,3.294869504733094,40.41556945194392,11.897022139670021
-9.862532427648057,1.3208539348581219,3.301008528004231,39.64397508189813,11.80914890461003
-9.953622726349066,1.3203301988455367,3.301418100628945,40.61333475578826,11.918015481520223
-9.847435761993752,1.3194237567518157,3.309801915978938,40.88263685655108,11.871162627128347
-9.87552827392097,1.318134588745753,3.2996348379421696,40.64016390346176,11.955566368876962
-9.786571698200188,1.3184828391358248,3.3030901588219015,40.25701693129232,11.920821262297014
-9.836967692835588,1.3213744837719397,3.3006434802406663,40.543763403603315,11.948552952193694
-9.78803101119578,1.3187988485398534,3.3027555922398624,40.203039843361545,11.838282579061303
-9.895503021341913,1.316920496206167,3.3005746539297616,40.21450192053683,11.869048689915855
-9.769899384719869,1.3218967983544245,3.304398467488967,40.423317810220226,11.8242824904214
-9.755817626328746,1.3176564682935281,3.295789305937643,39.68902764823339,11.849935409844008
-9.867417016978347,1.3195738076322312,3.290210106910529,39.94136369149789,11.946591982734382
-9.874494774673366,1.3204462424888366,3.301669612488316,41.159354230543045,11.957155190349342
-9.912709310342848,1.3194294737107082,3.2927796906589624,40.13990472209676,11.824170178344497
-9.793683116988417,1.314424402669961,3.305246953319194,40.4767247452004,11.857461395906562
-9.762529090204222,1.3201178200426484,3.297807523795613,40.47147355594846,11.875366209441182
-9.869426870381405,1.321944463562197,3.2958470527889747,40.09693666285554,11.90725928916775
-9.86871250747953,1.3208178254052194,3.3108020803145055,40.277017865070555,11.788793831039133
-9.849575811634574,1.3149485313094469,3.2999261999415284,40.138044522339825,11.795442023126705
-9.920284099697051,1.3234013043543964,3.299159576558856,39.24625191504707,11.898883385932391
-9.858608530024627,1.3164439509353296,3.30299190157724,40.597273954045754,11.775762593031896
-9.83855008390548,1.316886199242729,3.3032618564907765,40.96804768627581,11.84968950772262
-9.878777060131382,1.3205527272708288,3.304556506741569,39.77677465801386,11.878951261385454
-9.844543739068987,1.3198391428235319,3.294668105999829,40.14577290347289,11.890449721275331
-9.87148886635975,1.319037176113943,3.302144427126947,40.85700396566708,11.861402751186086
-9.942886972680684,1.3176793018817787,3.2988272558223697,39.80566481357875,11.849025556981925
-9.954242946247266,1.3214200032130732,3.2963158860897814,40.246600944069264,11.908369199052881
-9.946891152035919,1.3186183849303015,3.3001924513920082,41.83698599217222,11.879230764007058
-9.903908504548555,1.315502725633739,3.2927550311848326,40.445090928480255,11.831452018980563
-9.805062876917393,1.321034863496635,3.3036917239481167,40.417404375583196,11.864523970299025
-9.806996465688606,1.3189433233288317,3.2988372962858454,40.73869124454238,11.8806338671623
-9.910381288041913,1.3206678472950812,3.2980899961759875,40.489936172544375,11.946227505975036
-9.933065474710302,1.3195146075525903,3.2994492853425594,39.86896388599766,11.898474714578812
-10.03550956009587,1.323083033313933,3.299329932968225,39.23440363106286,11.918731942642243
-9.897895574457369,1.317608731194087,3.304562727325213,40.441774249741265,11.826322002107137
-9.96357327699593,1.3181883539525359,3.2956171471088105,40.370396407725615,11.829494224011434
-9.82847909886535,1.3195219418275874,3.2984711752352625,40.22403793594187,11.84278811428545
-10.027890729225778,1.3173994320021576,3.299133773320049,40.60229692150683,11.846234995219007
-9.889764046925645,1.3195356567215055,3.29573936390514,40.79836628139116,11.801871684078815
-10.025057640808127,1.311957554433987,3.3006372537865407,40.259691864013874,11.91443173022528
-9.966531970305708,1.31762745378853,3.2971045068221763,39.95548748124102,11.89416758188794
-9.89919462952498,1.3174863216127608,3.294382871982597,39.365240263588376,11.833583913821268
-9.90444972445666,1.317331815035387,3.3021049096262676,40.12135866260239,11.879824023562481
-9.961864339933308,1.3157729893892431,3.3061891003186568,39.34179476545343,11.857757032327076
-9.927899426025986,1.3192543520502757,3.300193683029363,39.20136429988478,11.881479976573553
-9.964644363808686,1.3163471515286316,3.2995868579983068,40.329574702534735,11.77715266637556
-9.94305791255742,1.31766920304958,3.2995020977571783,40.582807076579485,11.835967376925343
-9.902776975187512,1.3171056249683883,3.2979361964957676,39.41420750497361,11.839233896509151
-9.962954786357928,1.318090670342027,3.3046803896851435,39.97147220016147,11.87220632571062
-9.986269326370403,1.3198605517373856,3.300376199033395,40.020464191645935,11.808493765166212
-9.927394427605865,1.317296231551765,3.2912854371107243,40.028249289482474,11.713813581291832
-9.888099317178103,1.3184949241366917,3.3047958158184794,39.672396191507666,11.783622672705457
-10.042997126844867,1.3170066963614016,3.303815339664143,40.44642052886613,11.833555890209947
-10.040200538317787,1.31560849250274,3.3024064039625816,39.37924301579015,11.838706242419192
-9.990875121034705,1.316239680974243,3.2889783723596917,39.238570588867084,11.918606310537633
-10.028726527089779,1.3158567401663974,3.299988206709251,39.39276788427081,11.862466252127025
-10.079963738099918,1.3174599273371066,3.303573711928815,40.032609430649295,11.836318642920352
-9.91181600259261,1.3164354421962567,3.3015179975664593,40.069486473443405,11.829538957852408
-10.090188541978906,1.3145309086064214,3.300820605403635,39.51152418556094,11.885287298031036
-9.996754079844248,1.3155715853455512,3.3035820507362215,40.21755153208732,11.799495448613238
-10.036138293211788,1.3128585289347736,3.300557233178109,40.06077462978733,11.820912879707656
-9.996036767243865,1.3154347967790825,3.3048144975390725,39.0849978420216,11.772393536981916
-10.096889988676702,1.315699052179621,3.3006470271264616,40.0132470098121,11.896734415721482
-9.978228689264183,1.3192045787873028,3.300328736305403,40.51603581698975,11.844350047158851
-9.989868061721648,1.3181746413885742,3.303569654754328,39.970991167986284,11.788288259512061
-9.955257279635665,1.3132984642623293,3.298405652274812,39.995519518098725,11.816884354975011
-10.069361221124693,1.3156578582599139,3.295611031391541,40.618827473428205,11.847035702134914
-9.888752186981593,1.3155794843376387,3.300015205458023,39.93856808041213,11.80796667419269
-10.12684979631383,1.3145653802566177,3.3023614980982314,39.680036159997286,11.792731961968757
-10.107614562061963,1.314577124857646,3.303701450131525,39.91716285921222,11.785698119287916
-9.935082391848292,1.3140857138736364,3.3037235980866693,40.149211345527014,11.83431966625944
-9.997329098396035,1.3184210151958664,3.299725407302156,39.89642808064037,11.798432102029132
-10.00582470618847,1.3137240969734876,3.2993145197782305,40.02404025606451,11.792613670664165
-9.981301894506979,1.3151180984946056,3.2976315362220214,40.66497464865561,11.74746872745428
-10.011175904724256,1.309256823292635,3.3009995042159215,40.300711248766866,11.817127637835073
-10.023917218705147,1.3158395895457735,3.293435503974987,39.92227844059735,11.803161786405187
-10.0992725860294,1.3164374508021324,3.300091036945863,39.45587877256237,11.79512146525295
-10.008162055493553,1.3118402981337378,3.311398722739751,39.691274190553365,11.820126935305682
-10.03426732893294,1.3127949397792098,3.293984546350445,40.31155217567339,11.846576647053466
-9.989963904167023,1.3145950230585692,3.300627342430497,39.38274329720861,11.843246573002848
-9.969015948473865,1.3136031974460411,3.301511343161849,41.023244001981524,11.834800142139027
-10.0381272808676,1.3143682423050163,3.302025860171336,39.911031564632616,11.794129292175324
-10.126369769372001,1.312731224896009,3.296133427878376,39.19584121112927,11.776815668703883
-9.937360430384723,1.3169014284193377,3.3020623468442767,40.19806949599592,11.751976292195062
-10.118986362207947,1.3117036046815678,3.297861973766748,39.441744877029606,11.773524465935944
-10.055854876447082,1.318293428391137,3.2942896661567014,39.72069546239754,11.803178760226809
-10.074302115026073,1.3152603376512058,3.3038078292333193,39.247087052431695,11.761899679452656
-10.109706443185896,1.3143059582635777,3.302658459237526,39.68514599375654,11.805038357155622
-10.014383779648274,1.3104250475758878,3.296133750176165,39.122177324552176,11.75098798419675
-10.031094934458423,1.3141886903872502,3.297824810091434,39.69786369443559,11.715240363319248
-10.079885413112407,1.3134395832844439,3.2976799503278342,39.50930642725334,11.838293243758542
-10.130181286841713,1.3078539349291578,3.2934256614441106,39.538710081041806,11.772639046571825
-10.085523083158291,1.3091444834908523,3.3030497189505863,39.523274099937936,11.753548809320057
-10.117732471288875,1.312528558009592,3.303199673633114,39.778120710930644,11.73975274583722
-10.124326987104071,1.3114054211361992,3.2986695617401187,40.10654812778748,11.814645426028394
-10.146203521907625,1.3104968937136419,3.2998874977536112,39.85183780967364,11.861291468838719
-9.98686630844907,1.3135447000321399,3.3004587918848927,40.545972177798625,11.771448795811994
-10.120669893030044,1.3094753274278448,3.3009775674344297,39.559248617728784,11.779884693314367
-10.267714519481308,1.3101876322908077,3.294609883202252,39.59445690321044,11.843308812704498
-9.987311187907075,1.3096584376085998,3.3019537783968933,40.171023459937146,11.698273297445295
-10.141381761367434,1.3118263846331224,3.295297970955806,40.17789716316655,11.886211397789669
-10.191014257607042,1.3072198557282007,3.3027255008537915,39.3257934262808,11.909149402429332
-10.083508800313878,1.3095153427278572,3.2957404793187925,40.14851531505554,11.650707988782742
-10.182193089170944,1.3069162698644823,3.2947995650053388,39.292689822196174,11.780234255526766
-9.996436949485418,1.3095863741383629,3.2998878457608085,39.779157993600265,11.748250708304926
-10.123839415875956,1.3115077701985374,3.299797979103131,39.60885868875435,11.770052222836837
-10.230248194728595,1.3113922460244005,3.3004149865706127,39.720773002950516,11.761468435215518
-10.139943080043563,1.3083032825038867,3.296429057070006,39.28531078359084,11.822076663959248
-10.066997054172683,1.310672406064799,3.3008112708769115,39.486944349079046,11.774965394165848
-10.112888235970253,1.3090819867880439,3.3011879667211614,39.51619811262331,11.734157886459297
-10.197700606697564,1.3120203152219778,3.3046628532218305,39.62397608060894,11.770207540892207
-10.223103505469421,1.3088833431063986,3.3007401308873474,39.17929363303328,11.803673773602071
-10.179072489405712,1.3030416013629844,3.2976024313820416,39.74744370477066,11.717870485968518
-10.024025084617469,1.3106208009153228,3.2946117511764763,39.80881697938983,11.693871103032992
-10.213449860566095,1.3077563107615084,3.2938789563579682,39.836262564959014,11.874950423805066
-10.24684225224439,1.3079685189203165,3.301291912523747,39.53149213344922,11.742326723770885
-10.138542513595075,1.3090305268373816,3.3031727954820758,40.423768770770124,11.766719476587193
-10.149459059174825,1.3053503885892008,3.2964391182218153,39.74954041775925,11.752840734393507
-10.21134065377653,1.308189611640704,3.3010210543922724,39.08996290946746,11.799282595524097
-10.279084218338625,1.3089491862559979,3.299303125277872,39.35672462587251,11.859669755219794
-10.254704132707484,1.308447608313283,3.3028730701422484,39.49904777220625,11.79918335915077
-10.07604360497285,1.3063603172321354,3.3034643076470673,39.48444316458059,11.693429193000963
-10.132572163753055,1.3093801678764407,3.290935149426799,40.3416951713452,11.699306453633257
-10.146155074187888,1.3052388730089208,3.3041285387926527,39.58371473524151,11.747733968008998
-10.166274728325908,1.3058198317138507,3.301008787852487,39.40958309248927,11.753444551586245
-10.127770683402169,1.3066353437042422,3.2978745760774375,39.81707508028663,11.679937091594807
-10.241879064312476,1.3073342288693446,3.297986148650486,39.15375892611062,11.806184598952997
-10.181291002892689,1.3059296375617886,3.3001269896167016,40.0239567187891,11.710088892841702
-10.166340746919822,1.3088708290488849,3.2979850048430697,39.973459488491415,11.83826185202427
-10.16234319484967,1.3068386703057864,3.2962519854611276,39.727563420699,11.853824757737133
-10.271618004604571,1.3062333806168422,3.2971688093876144,39.69338517923252,11.74958132128102
-10.230760809955008,1.3064358406457732,3.2958393521987213,39.33861012972398,11.783148031260522
-10.128923355648505,1.3072144333341038,3.3053862737862394,39.141065447063134,11.698811985881601
-10.115530476147072,1.3060627866233339,3.3002236192610814,39.63869596609999,11.790807672516637
-10.096271108018751,1.3017943935028318,3.3090113723677996,39.606851766437,11.733933320643118
-10.23898411536668,1.307424222975828,3.3014843054814333,38.70741743703517,11.703704852640339
-10.137455265343075,1.3053159342998748,3.3023556330164316,39.30194844000583,11.742828152274866
-10.20879719527179,1.3062772815326014,3.2957535789321692,39.09025563406538,11.73324040499023
-10.155928492809378,1.3039263071696199,3.2991271642549242,39.26662489510889,11.739507374342917
-10.205926839077678,1.3009150186012066,3.300290765229003,40.121470158310956,11.802491528592315
-10.288441432235919,1.2998405420200416,3.2974510054435378,39.627892684080436,11.714989007081517
-10.245363712792017,1.3023392002952459,3.2981407958938154,39.89526157667399,11.840257068606045
-10.144264110796216,1.3050917769881618,3.3016805913295166,39.91530711831881,11.686509161772127
-10.282068765027697,1.3064819140942467,3.3017590391930356,39.869066732597624,11.832794588920772
-10.232576630524367,1.3043187223607304,3.294652218897791,39.54561806865799,11.700463197138154
-10.340217001488051,1.3014386899224177,3.3011349636057727,39.92583472255974,11.750508454682405
-10.19539794853588,1.3018029914606768,3.3022120607297825,39.116647383482636,11.72532444770595
-10.230274453962918,1.3059206442191051,3.2976388926394327,39.51235549524593,11.73192771966878
-10.329475422913799,1.300405110932381,3.297232344797167,38.93109465917369,11.788466691434149
-10.3138695732709,1.3070575825953124,3.301765876560257,39.868941478332026,11.822679635972124
-10.28002458305981,1.3064332586967973,3.2897076505808562,39.60786814689051,11.806508801503917
-10.285631615165478,1.3067775704152373,3.300008337882028,39.90341482041992,11.726038836871716
-10.269378852213624,1.3030962808772897,3.306537711618449,38.89985543376076,11.754798332273301
-10.35307029052353,1.3014784020839543,3.2896145627445508,39.05288410575936,11.705790438817914
-10.1645603029179,1.3027005534653686,3.3032914994666887,38.95729947906689,11.694630435065037
-10.243385220416737,1.3036312886657768,3.302177689791073,39.65774039113867,11.686211393511682
-10.330696918012212,1.3003386866305326,3.2942475966831664,39.167351841485555,11.72097114444016
-10.432170203660101,1.2992638267343934,3.3020819554304923,39.43789433764496,11.754658358100311
-10.171471248873974,1.3007242433305808,3.30400567958439,39.669719381457476,11.645920493879968
-10.249032230834846,1.299573285472514,3.29529353120322,38.649861385785215,11.738531663309644
-10.311592493308483,1.3034253735613242,3.2971711026451995,38.712663745821445,11.815993635092145
-10.265212894726234,1.2995363692941706,3.300104428442564,39.50253978405983,11.795635909106965
-10.225345980617897,1.3007860803927145,3.303910680585995,39.73559683509797,11.709634087391697
-10.247681315402145,1.302386402342497,3.29783552639182,38.61812334271913,11.66840755241402
-10.323652366597456,1.3028054977546402,3.2998316370678427,39.31930412633026,11.760605603181423
-10.266625226505505,1.3004884048107028,3.2973404248889184,39.05978884021223,11.621110560777373
-10.304652746584111,1.3006653464045415,3.3000982305141733,38.946608854542006,11.791862571995546
-10.215611071855534,1.297688248223217,3.3041867128579105,39.306772592782295,11.725053405644223
-10.359340762331028,1.301593839472282,3.3004235873494774,39.330726098740875,11.826680738171191
-10.178226853635984,1.3019003038056411,3.298570163221638,39.36092819128967,11.648155434482264
-10.313153811690404,1.2954581300477024,3.299868973212926,38.57923490399237,11.779804061306924
-10.28982884352318,1.3025503677168315,3.2967974977647683,39.4665954706646,11.72826941571357
-10.165187908685057,1.297448871315163,3.2960224317168163,39.52934540801399,11.716145516169886
-10.186945627967814,1.2998652537607822,3.3048136721173367,39.250794518086906,11.663614143716053
-10.237105119087587,1.2986570179980879,3.306550838435976,39.402658737724224,11.761307086854979
-10.390257650633215,1.298207159506709,3.292833954478753,39.080342768895804,11.764745046779037
-10.241157864859005,1.2977410192288872,3.302328517978128,39.53528939891214,11.819618176208545
-10.360751861784093,1.2959952130837487,3.3034357338859626,39.17934032043974,11.780193041346253
-10.331970368270355,1.2988544341363943,3.2951532594722037,39.40222296776407,11.699529648247255
-10.440170961023238,1.2970612941672277,3.2981129794222324,39.100215224483804,11.678470327182815
-10.28446083411306,1.2948413244787396,3.2976918149664445,39.75895596634464,11.659683092212886
-10.442613924363695,1.2952171387790945,3.307603787041661,39.74866742890369,11.80121826513445
-10.299357512229445,1.294529441257385,3.3066098008655302,39.39523124482729,11.688102904523145
-10.452525238508114,1.2958925580675935,3.296315292748122,38.8463042740675,11.80048288037544
-10.253602295263176,1.297739576066895,3.2941630075558237,38.9180588886292,11.752189964750324
-10.32599588765271,1.2951750256550805,3.3030919078470635,39.60654755458882,11.741901700343865
-10.208877340362337,1.2983762883076908,3.3021757900805224,39.22124753753215,11.709538562056448
-10.43373146966195,1.2960153918925563,3.3049759740047704,40.07155577658822,11.757396282605443
-10.264980768868666,1.2955037119509278,3.295763701712614,40.581707784649225,11.723075005822428
-10.459728971168254,1.2959450519295543,3.302894164081929,38.99533035140685,11.704879043925423
-10.368183546275292,1.298531141560327,3.29707296311478,38.597632372007986,11.757636379579024
-10.400030520329844,1.2928277892929378,3.3024926539880264,39.46145256979408,11.715139243333674
-10.375108976158335,1.2987131729257808,3.2998515226653082,40.08929785208923,11.681928104693021
-10.416625915814775,1.2971510817812915,3.3076024720118755,38.64183787144889,11.751348472911454
-10.426367242465926,1.2950181343498388,3.301789574782,39.90648640928132,11.717675446823964
-10.463324309830464,1.2972585605758307,3.29874402274639,38.33375026607819,11.74484313980305
-10.393148572131958,1.2940790143237173,3.300551733629444,38.63202242941712,11.69723287913313
-10.343181727145216,1.2951271693909658,3.299597926172434,39.43722199980663,11.659003371860148
-10.356341412964902,1.2933052508336202,3.2953822546506584,39.69400063053373,11.805752041351194
-10.406137960773636,1.2961537247543127,3.307699568617296,39.16114831264182,11.795873169761434
-10.339696051725102,1.292639397904312,3.3063948788904156,39.50037568191653,11.762281461827326
-10.468981946195692,1.2937847610428632,3.299294786143838,39.50380122385757,11.698256661154375
-10.410842152484795,1.2950798272543982,3.3027995229277924,39.66638999040509,11.702191654014294
-10.386647694733101,1.2956524600259103,3.3082057173665675,38.97778468583737,11.785889666176988
-10.367682958242545,1.291748792513982,3.3049475852775387,38.9192519996406,11.698652925441834
-10.435339550700107,1.2947329042154707,3.298770434369011,39.550751296866075,11.684293159334104
-10.392599862710801,1.2910986985492094,3.299648171121206,39.39648576105666,11.809114637219961
-10.4348701124285,1.2885985763311125,3.2931298622110377,39.3657530181672,11.712706378058744
-10.497377949537613,1.2912402207092564,3.303099087372846,38.74077062090932,11.803104311537146
-10.344680938673955,1.2942433311324804,3.30497138093629,39.565860739668,11.644361664572516
-10.423766377591049,1.2923878061167813,3.30499882466476,38.714672830044265,11.739794158914757
-10.496650209583104,1.2911810504629444,3.3028041610727814,39.10559615636001,11.817048146623675
-10.449962899278171,1.2922013996979762,3.3014093864526424,39.144782532719496,11.714596110444033
-10.47569541310821,1.29197524138495,3.296008750997349,39.09608068529269,11.699528367145165
-10.414951552361455,1.2930148526526484,3.3012788381696914,39.4825759349126,11.653966483659621
-10.383743200062218,1.288388875888051,3.2974733520313313,38.82443215211429,11.766102196405983
-10.391035646961251,1.2912494687613698,3.3021007177099486,39.488699159406565,11.67311508708647
-10.367344614289575,1.2915452589539436,3.2969445352285747,39.27357115127526,11.706523001094407
-10.367664266327706,1.2884091566086286,3.3020752641158393,38.948050739264595,11.649185750047781
-10.507400358577474,1.2882255993504963,3.305292493653007,38.456471871147514,11.788408532856227
-10.561807896217063,1.2900989012328936,3.3015086066296115,39.631854453657006,11.767966517649564
-10.491044733426538,1.29069061897438,3.3013138349613023,38.9901303355618,11.70830698086516
-10.449871013804753,1.2905436250386546,3.303652107587317,38.958270947213734,11.65184826110722
-10.523982387763885,1.2892535205808286,3.3070813386152955,38.49456552935338,11.786026079550105
-10.374871011597675,1.2890189665623855,3.2995708635830248,39.68571963205349,11.690614695764843
-10.359217400617808,1.2892714465796926,3.3020840880348645,39.68599900129365,11.653337137015145
-10.270510956449103,1.2905077630521467,3.3060449303160744,39.78637815851556,11.62018312325707
-10.47913616717665,1.2922496501876042,3.3026771554255974,39.01731440601368,11.675687965867176
-10.3194259566912,1.285170082830259,3.2919904908753246,39.66165126250763,11.634957074437931
-10.342760439229375,1.2907081404468508,3.2971375258157343,38.98495027258663,11.676256262021306
-10.488512580840055,1.2890918949820869,3.3030041684018014,39.11002066911407,11.744331634548905
-10.420319072686874,1.2902185187320692,3.2983993093774737,39.13763234258583,11.688060659862433
-10.394707881899484,1.2913918616790343,3.3057614187054325,39.317403063803496,11.724340388885544
-10.447845032180748,1.2873650597980115,3.3074316960545618,38.37904567527148,11.670119625278012
-10.474330230320815,1.2906193054386375,3.2976390193356644,39.79921487278927,11.709281041931963
-10.55229599482398,1.2860788526885094,3.2958699893183327,39.542820464486866,11.801809456983332
-10.601630236125802,1.2886992483658493,3.2985552706026158,38.336726173777016,11.688087541064355
-10.476220439724395,1.287817007875133,3.298324330992527,39.27850378674213,11.724486352563328
-10.476380939473392,1.2882534827081467,3.306144353151513,38.45244639684964,11.626747166357392
-10.577530486882395,1.2860426391522513,3.2958586623268764,38.878484576566656,11.780793096826956
-10.439816164117765,1.288755170853356,3.3029697208210993,38.242076824714694,11.680697342649093
-10.592481734117893,1.2909155975695994,3.3055513517613884,38.69817076988299,11.756859864777901
-10.429748064992639,1.2856618618105018,3.303276881719798,38.94540029516033,11.697955304750886
-10.4695094373068,1.2878483629924342,3.3017458210841943,39.52367781340115,11.734480058282971
-10.526057161597286,1.2890452688669256,3.299351155249147,39.6152765723953,11.737244119182009
-10.479782972170076,1.286605456445389,3.307395906527446,39.716829190118894,11.680869529884037
-10.588022121901243,1.2897861138722253,3.299018977366514,39.28725926781785,11.757890562779517
-10.427322771647072,1.286073326499016,3.30379313726989,39.178321511067594,11.665155340754444
-10.501521370596347,1.2865684840534424,3.2993650591957597,39.152276281831604,11.741816290378907
-10.469836508035092,1.284684140494331,3.292633187667724,39.2137018936566,11.683229966075608
-10.475906501857676,1.2867940201255923,3.298921429156707,38.576059631028805,11.720044439019459
-10.526244946441581,1.2864183007939074,3.2993748646814307,39.40588050254658,11.679298864978373
-10.593602108277096,1.2875565076434528,3.299426419401695,39.08881882233243,11.704734953242934
-10.418852590823441,1.2848857877965747,3.2973587596719365,39.456895846162205,11.648344777828934
-10.46996509968453,1.2846687574586446,3.302503081407521,38.147481262957555,11.714306292531464
-10.540256131615655,1.2868333454341347,3.302948357929372,39.10058732752063,11.703992490281284
-10.47090043128858,1.2885794278019256,3.29877672436194,39.46045561627772,11.674635753685894
-10.434008061456987,1.2869208354642,3.2987431379268033,39.125886574848884,11.698758046205212
-10.447791789431344,1.2892364994454708,3.2957972469495163,38.90411985108716,11.708081364298243
-10.533120126056629,1.286532250927433,3.3010174493381474,38.38879528397789,11.670440669064345
-10.602644218726025,1.286341292932301,3.305511677580791,38.22105201063113,11.694703661785992
-10.5723037943077,1.286543483473283,3.305514468528999,38.917125488367546,11.650752752205927
-10.597618865493535,1.2880445579422508,3.2976034035130732,38.71086081452962,11.818211451828113
-10.460863306309598,1.2874278123948053,3.3079647670681083,38.97876338509677,11.753780877480564
-10.574500893734973,1.2826685175404977,3.2985513143964376,39.462567815194184,11.71438549020363
-10.590881783724361,1.2863261941502149,3.295936241206121,38.31587038206324,11.759247969402253
-10.51515510585752,1.2851436630029476,3.294552614757528,38.831409001467456,11.601596936639252
-10.49739602359201,1.2841139713593603,3.2956949289072623,39.682851622560904,11.572598511941095
-10.521927841071602,1.2808464547095613,3.3013349992658227,38.831307428014185,11.680446586486132
-10.575367637585478,1.281203451415085,3.298970143500929,38.8757798105891,11.631417276874409
-10.463834070845188,1.2834474958620248,3.2974719685082747,39.00229471453165,11.688455257303026
-10.550413380638213,1.2811411093781229,3.2966104197587223,39.18148705307066,11.710514121157528
-10.412606665763368,1.283277853959134,3.2956555301729837,38.35276999436224,11.746203476811301
-10.582053466639156,1.2852903464031535,3.2964405247814943,38.75455118251088,11.643226723535227
-10.456435749076581,1.2825972765484817,3.3040615746874122,39.10890637890991,11.720084336815336
-10.460446800786203,1.2838248764992821,3.3072133460618924,38.67982501140466,11.70079087653364
-10.578677036973122,1.2814180539858873,3.3074606410792775,38.98008262479045,11.717421156949737
-10.557707701590878,1.2840567512062162,3.3027483477127775,39.19913602661452,11.674037104190118
-10.63855429680794,1.2843780057977363,3.298030895867237,38.90366642251466,11.769168180073855
-10.60238885802188,1.280419651947588,3.2973287460522047,39.5069336952515,11.694827423362293
-10.596456962086384,1.2816668077106461,3.3030245593087404,38.63374217845231,11.788709111175187
-10.53273282436771,1.280542581236721,3.299014567190969,39.133964900114236,11.660483423099668
-10.670104007229282,1.2840029815907925,3.3016476661837384,38.85020959547469,11.737152790078527
-10.417937110386482,1.2832214911361175,3.3077217519428044,39.06987931890452,11.69704227769977
-10.566053121676985,1.2827042831722941,3.300867314314222,39.32125333649448,11.683658570619745
-10.572172710026896,1.2824586819945352,3.3091114058041855,38.97094925426555,11.731687158899405
-10.592011697323565,1.283273770552744,3.2954925007333813,38.335558797167415,11.685144128547853
-10.512992754279677,1.28322798021443,3.301789689628143,39.27425274268618,11.56704165589112
-10.510016097389444,1.2814666292644876,3.30125494608224,38.78021818754419,11.547039345735556
-10.598684532804647,1.2811034335737281,3.296063674914716,38.67353057949975,11.763852397141987
-10.599902259658633,1.2821748219611289,3.3032066221822687,38.70071917635192,11.761798456419427
-10.568723377618467,1.2818328761958324,3.306123239978071,39.15666978246346,11.794712531367312
-10.557311014953394,1.2862545986812801,3.308810679268924,39.31697231862904,11.69953472715952
-10.498349270326699,1.2812876937491764,3.301645159428881,38.93950653661584,11.6358507587329
-10.564549971445565,1.2825584291253218,3.2923995727119433,38.78416390285992,11.67958036834089
-10.56237923766666,1.2828359392462538,3.301907959023978,38.05638345199657,11.701213548796485
-10.566778057713023,1.284631500693402,3.3029678383259746,38.58251327391408,11.650378873707798
-10.559999236339028,1.2801358324525853,3.2990592560095613,38.50129536761857,11.783253680618849
-10.617086675726695,1.2843666360018362,3.300860477101734,38.89030408260426,11.812899943862249
-10.603371784423116,1.2813230824823199,3.2980662947018042,38.75042904042833,11.72494438428718
-10.594396037053627,1.2865524972477553,3.2994652175684385,38.44767343660932,11.700598403237565
-10.559024848712667,1.2822083494380616,3.3040699479412505,38.94303162148515,11.63651017280388
-10.623119380135355,1.2789600350822534,3.3055560949608065,38.726698943168245,11.778702835297649
-10.593003847924312,1.2809597394363812,3.294917164312263,37.797823139227006,11.705324785067178
-10.615434055123112,1.2839641788978018,3.2979547104622746,39.21230010123108,11.687185211468988
-10.556674922625472,1.2813937306074787,3.2936461820326257,39.29100644395355,11.725841802967032
-10.527607950878279,1.2810518349577735,3.307353297035273,38.849616212198676,11.672642866847564
-10.489960193046267,1.2825509514697317,3.3034831180779562,39.16111861375341,11.709423221569613
-10.594848964743884,1.2803662714511281,3.291995986400323,38.68019336106651,11.63011281196532
-10.583245516887903,1.2805795528099884,3.299741860950162,38.19172968897598,11.756752874558707
-10.709343082882118,1.2790578693167305,3.298866163711399,39.44680337762017,11.697345989531073
-10.577971643083576,1.2843525100166553,3.29697624422321,39.14396280116999,11.760680273815636
-10.682438414232319,1.2783987509440922,3.3041451092681453,39.0113643451009,11.692862770485448
-10.65704302707772,1.2811334706755622,3.304053547369895,38.57209616818233,11.6962945985149
-10.552451510376226,1.2817063328759841,3.3010778064387267,39.345487680049104,11.642679369576827
-10.660270170111454,1.2806727541874796,3.2974333902339206,38.13136821284679,11.741479395510579
-10.628873354217852,1.278147293249259,3.297467007882933,38.644058457824165,11.659901500120304
-10.623466859862807,1.2786139263929506,3.3001757070028073,39.04899130326062,11.67957997137197
-10.56404584573654,1.2816144004060301,3.2981714545704013,38.62118543905528,11.704166678842956
-10.668048450150538,1.2789689997910332,3.2999767141835314,39.02818801979069,11.710394391467045
-10.570876890966924,1.2763455986125902,3.3022323243847342,38.97974720807884,11.619252827085448
-10.628453235048024,1.2812259501424672,3.2938658861470653,38.826940483079774,11.693247497431713
-10.583403653638278,1.2786708518326777,3.2969672628632583,38.54516591909089,11.744785038663
-10.553583262946931,1.2816436216448397,3.299865228156725,39.05458400392701,11.686347978956151
-10.71960461955381,1.2799447750552249,3.3062613795888947,39.3338091403274,11.694275257255034
-10.55763686748447,1.279816724123162,3.303381334200029,38.9548408271105,11.713884718421168
-10.650945167544078,1.2803906552609883,3.2999856638976643,38.92049586858894,11.6997245669864
-10.578662191790121,1.2779805236334008,3.3016092348284594,39.12408456036112,11.654760583135245
-10.6751704925903,1.2785794389839205,3.299593984529139,38.19189314563457,11.704738413596514
-10.623458585295653,1.2796848374629581,3.304308895095397,38.700052625802854,11.756534326561491
-10.442632886696435,1.2778918476021133,3.3017350126055782,39.04952495499259,11.654552400500664
-10.606107790214045,1.2815855259908766,3.305115200977533,37.937820557339315,11.688673209373157
-10.617244536700143,1.2795220009847232,3.2945786452703807,39.08109988342371,11.638607414367675
-10.66274148143128,1.2772182666788536,3.2967752378396353,38.30178758280164,11.755055319986383
-10.712180998322884,1.2789809770178109,3.3010982853465416,38.84749125233922,11.703671113538803
-10.51921434075457,1.2802848507340026,3.301974044754675,38.65836033982002,11.666087397375728
-10.611987810090053,1.2791751921247865,3.30960135380002,39.59286963541721,11.71352456212436
-10.662333088464202,1.2808534501789686,3.2927690134572614,38.563911092604734,11.6490507163432
-10.66565400692903,1.2811898554585226,3.2998676989905444,39.43715641879109,11.657880931313548
-10.594103091116398,1.284834667560238,3.2996883120433407,38.742709738425226,11.636879541833228
-10.549933218581504,1.282323560356217,3.3009513544496816,38.878745618499444,11.65688329023541
-10.736502265938915,1.2767420575912705,3.306933042485154,39.15363170472589,11.778430682051345
-10.549351860608159,1.2792883815869882,3.3035051024573536,38.534269252648514,11.674254947473283
-10.652600888505514,1.2794711346528118,3.2935839427138704,38.71478111742268,11.73457468519648
-10.67130508484329,1.281151652504322,3.3061350377891072,38.873204536234795,11.66980642022071
-10.684386440299269,1.2781329549022253,3.306023452097643,38.792742710191945,11.749961730972382
-10.507697908257276,1.2789377621671463,3.3010522982687953,39.00181331550315,11.661049979492976
-10.72345105753152,1.277513105252777,3.293528939008487,38.5153676813507,11.714689988146644
-10.68531461846529,1.2788005829971973,3.2993935240973853,38.96794775243944,11.715751138704537
-10.642009889715464,1.2788798914772093,3.30187491195164,38.78669487699156,11.829884283484175
-10.64462079085577,1.27939004140294,3.3039862040536163,39.09730983451874,11.745406179174541
-10.675365020028579,1.2776507798666856,3.292918208835004,38.806027844847755,11.684636059390552
-10.602805154896217,1.2819971303957634,3.296923581809329,39.05447171498627,11.74893549329398
-10.637124243875382,1.2809883007774103,3.3043920656457653,39.17917674966803,11.821998985663697
-10.584612116254464,1.2771585273774273,3.30600706028271,38.70674302128201,11.634021098913927
-10.661734750970616,1.2801219654708849,3.3017221097306524,39.11911024393803,11.673796859023032
-10.668433093226236,1.276954860247929,3.3045940488544807,38.60040791921902,11.70449954936454
-10.62014141842203,1.282786748450508,3.3018211250840253,38.199452842193764,11.695918882525067
-10.718825616930538,1.2833488360274985,3.3038523390324555,38.430669784283786,11.700569717755853
-10.53692314875618,1.2800290408679464,3.3005804891005295,38.63707275194913,11.652435582143427
-10.58303730207325,1.2784566336721899,3.3019197941728726,38.984059249896696,11.788290016441728
-10.629285545745477,1.2788563046491765,3.2951128856264673,38.627117671484136,11.647412169299423
-10.625052015326776,1.2793017874381847,3.30288854906389,38.80104479795263,11.708987702744356
-10.607138980566027,1.280021552569846,3.2949905886084587,39.19140941074508,11.77175096668223
-10.534758383999,1.2830035869409728,3.3028840642639223,39.52479281727659,11.718416629193547
-10.53563580957917,1.2822027949470416,3.2982440678520732,39.045808924395985,11.671427930870022
-10.724635348961973,1.2822640448857794,3.3014799532158556,38.98498926311497,11.653440946786695
-10.6680712212518,1.280695135524699,3.296188813117572,38.592999759650226,11.709857174337033
-10.606576467777503,1.2780801947610752,3.297985567250372,38.16158347829033,11.68399336533744
-10.690970358676031,1.278882237589337,3.3014718836775216,38.14633029653935,11.73259940337988
-10.514814808884477,1.2805802172483154,3.303017326533004,38.8920868193502,11.652763582860404
-10.579998519194048,1.2780944863816948,3.304375164708636,39.158240600633135,11.763991495343245
-10.70988520993734,1.2811440495826867,3.29539970534464,38.503081105672585,11.729626020122492
-10.673123573532864,1.2821872100831881,3.2939954687212474,39.1281048359186,11.733854456672955
-10.740214289768556,1.2817100123225327,3.296098774672374,39.25223070315349,11.796935816596465
-10.660544850503072,1.2816735348964017,3.295737567109219,38.3236003814182,11.703516781345572
-10.655717902783673,1.2769758976381411,3.3062673157147153,39.53850848300606,11.689645527970558
-10.589930589602673,1.2834219506441225,3.305360832387921,38.16624113288161,11.69908320550953
-10.709905064580745,1.2776687100664983,3.2960135330672626,39.31972361488904,11.717385290260875
-10.816658804421355,1.2805476858639173,3.306841236344334,38.35327271377139,11.723008803112908
-10.737938091357808,1.2821414330483742,3.3051219945740633,38.430986299850176,11.686572777058917
-10.674046302851819,1.2816741568899512,3.2934815885679423,38.648699666183816,11.627509193712037
-10.688723374166733,1.278455355262154,3.2958790706798116,38.302565457807006,11.70117796465109
-10.661637417625887,1.2788698888324455,3.293362960590826,39.277347364804804,11.747781811517568
-10.732520828979938,1.2816976373413502,3.299653673418385,38.25815686178864,11.737174701422925
-10.767423483315891,1.2822035756613677,3.3000696484962275,38.23934843522269,11.790915901031486
-10.769851787740011,1.279027302554161,3.3000621593884003,37.90859596931266,11.829294018717581
-10.75153689195813,1.2820881486472653,3.2918930904266244,38.204660833789006,11.770073005549584
-10.73385080450336,1.2783350933876239,3.294291044263457,38.25220038282327,11.801824074863902
-10.721415941003238,1.2826785149179296,3.3010406195033006,38.250222881998035,11.771633572167435
-10.66819190100703,1.2797275630135687,3.3024888899446005,38.59333411883698,11.819391712842902
-10.772796726593945,1.281723193035331,3.29192075481508,38.00850644225815,11.827046390475651
-10.712741641963667,1.2814556943097304,3.294875471928669,39.21232459204854,11.782673980681269
-10.718207963446286,1.284021526834301,3.304089652559678,38.50246381768727,11.771051785859614
-10.614510865280147,1.2822555883197293,3.2951025871310473,38.9205919421275,11.726093257604541
-10.676713040743541,1.2806456288208257,3.2999412033367843,38.991290419748836,11.734915109239552
-10.59730420050402,1.2826369048714206,3.2947218264757114,39.615366587551314,11.720722221290666
-10.753754926175104,1.286277809904671,3.3033259278154397,38.85644333462371,11.769313778422914
-10.654311470719376,1.2835498645387289,3.291932069758186,38.59224466695284,11.702875889350063
-10.699397987114603,1.2820292854065702,3.298782163976848,38.17210935206622,11.72998504516426
-10.684556957629928,1.2805597537571427,3.303761225712713,38.76612393939399,11.622433884605753
-10.717239852838933,1.281074710448691,3.302440114419902,38.99043893953776,11.827003843177307
-10.560850159110565,1.2837497403809073,3.2981435505175662,38.93507238447418,11.730487522738226
-10.733114712173807,1.2807015515690965,3.2972052714289646,38.55985701334672,11.764957098416392
-10.714842856920125,1.2825632711489754,3.2990684139010042,38.65570812498791,11.815739144524937
-10.757179571200815,1.2855191966485033,3.2948425956688254,37.73772647850036,11.758541110670174
-10.79477527070415,1.2830321305366112,3.2995999703473355,38.46903687754124,11.816425135798443
-10.687466603018347,1.2806617841695882,3.29966849614116,38.91797679781982,11.682807441893763
-10.758357420616594,1.287265753779026,3.2983282029742464,38.46501192845179,11.865454400632958
-10.723073096268733,1.2865262664563142,3.3040013904578713,39.0032577282715,11.800637163413246
-10.690475470198107,1.2840963292754202,3.295718065504619,39.08180350209089,11.757442690880467
-10.80632160897619,1.2857393807387496,3.2931824503309723,38.185797342907776,11.818942262741952
-10.680233537994113,1.2827490846200091,3.297898722507366,38.81624865372288,11.689967085316905
-10.634656935447738,1.2848284000647379,3.3004959905678066,38.74778867633558,11.734683409307197
-10.78965116498372,1.282630124342276,3.2995730869730138,37.60928460018359,11.82204677319997
-10.646742027880029,1.2808653450108471,3.299395351936221,38.631641278454396,11.65720610726449
-10.668597403499502,1.2888602421484139,3.295494541947938,38.2504448438053,11.779311616981428
-10.732431001157002,1.2809647857550353,3.2960698400698196,38.58873380860109,11.778631883254102
-10.700950963068262,1.2844756784905704,3.298046615276398,38.87119830075533,11.851223434254504
-10.723913874321962,1.2845562434965792,3.2977312106959875,38.46512492527985,11.67435814763124
-10.659149588633031,1.2851216488354533,3.304392342261949,38.32168696530118,11.834735939564885
-10.636263779530484,1.284016628311233,3.301055663413933,38.82105894762154,11.72703399629405
-10.657653439205882,1.2841450598697313,3.2978697460296624,39.6621753000439,11.733414871497512
-10.574086619360084,1.28468914108025,3.304380052230545,37.982909479286484,11.695427586062506
-10.664634867621555,1.2854819996957965,3.301785114354259,38.76385229817931,11.70290229981417
-10.719161269581377,1.2846297538195173,3.294569825587219,38.34416368063697,11.77824273609245
-10.561759714428788,1.2846089582871003,3.2870333087284864,38.706047733747525,11.703226346075768
-10.579887862347244,1.2822169164047268,3.2946950616562747,38.79834821689713,11.796638072875329
-10.696752055516688,1.2890011099772474,3.3023797384735802,38.46887323784944,11.727261044637324
-10.6480991470085,1.2861608963911966,3.3035659402183284,38.94452326129246,11.70054770894718
-10.595570283974459,1.2856242001623877,3.293359077541221,38.71214334158063,11.735603540594635
-10.684429328648534,1.2840754671892212,3.302634576863082,37.76639120072126,11.779628487464663
-10.628555909169005,1.2834363061339449,3.302482959376641,39.25475591344676,11.749729110821432
-10.625025412831048,1.287283748688688,3.305580167062078,39.20166057663769,11.766115426652416
-10.721954386516101,1.2853653916697376,3.303801576584035,38.31338815396243,11.80002792603608
-10.672518760364921,1.2870496763901718,3.3054075298720096,38.67487125326886,11.820155727652983
-10.663024893738788,1.2832267585449706,3.3019534636464454,39.160985843435924,11.751351446133437
-10.717090527343126,1.2891493514960144,3.3018196875592016,38.97908448392607,11.715471105996537
-10.731230970897053,1.287984041591432,3.298650861650956,39.08048573607728,11.772317348929809
-10.720613438392236,1.286145858596154,3.303281025453536,38.70856412525091,11.792879929683165
-10.57721284255175,1.2873709747796296,3.294670373117797,39.153387741306354,11.69715040176571
-10.589222706844703,1.288046505595092,3.29944529028494,39.385061903037204,11.726499844214862
-10.60590945424894,1.2840203318740124,3.3021595341532985,38.650866802166206,11.735918865521842
-10.63698346798667,1.2901807561375416,3.30563285944505,38.90228173643334,11.762339395248764
-10.624479273126555,1.28792343705032,3.2980882472900497,37.892405400516246,11.73553543075183
-10.668973401559763,1.285681516459894,3.3038663242093476,38.03011683868295,11.809800094011152
-10.603030451478482,1.2850303268701635,3.2992112856092097,38.99393248325573,11.695056623690379
-10.599250766405406,1.289332467793959,3.303948235745362,39.062563615324095,11.697196852621769
-10.74282177875279,1.2879163155498519,3.296794591577053,38.35944257130412,11.760362111781209
-10.709552661107367,1.288595876186004,3.3029038862853723,38.33832950312305,11.769151921546957
-10.691511146704675,1.28782162268603,3.2996186489161077,38.47475061175508,11.706084605314057
-10.584144635752338,1.2859013568871445,3.2952595952557555,38.9084584991711,11.749365805036916
-10.556057392078715,1.2890635514745614,3.2993868095448993,37.96239478913041,11.760541698643294
-10.785214689815316,1.2877916275649384,3.30528684488408,38.61581812257165,11.761823811684172
-10.574374534354273,1.2882845971674828,3.295923180321403,38.86421421922115,11.789981762860778
-10.642273079698104,1.2932241552786679,3.294062730248491,38.81442553209986,11.750211867160896
-10.639735370903185,1.2903513366323007,3.3015949700930616,38.67103748438622,11.858089874898818
-10.644893924516653,1.2906106438148326,3.293288807590886,38.156977344601465,11.80951964895928
-10.555986857785099,1.2943429320780353,3.3062534198435904,38.44874819497239,11.74566918922168
-10.651865586840566,1.2898166505597266,3.306152641459591,39.305663113700746,11.791669961981393
-10.746481337303766,1.2894333689555357,3.3041531213108657,38.249987404305244,11.794068731574317
-10.697755962591351,1.287982813173375,3.299955072045106,38.927614030586284,11.849531656388098
-10.614559669715618,1.2885842098519875,3.3066586466711656,38.33793482659901,11.759708099264227
-10.692098312110923,1.2855439921610958,3.3053817898906153,38.6098049633819,11.829029796933524
-10.62097565787879,1.2913687215887664,3.2978691246142446,38.58177547008439,11.793695212651425
-10.700047672384553,1.287404485826357,3.3057553441080363,38.48490544594797,11.867124409087756
-10.726230435539643,1.2918950189300054,3.296353305993903,38.41153794056668,11.858038199923843
-10.727709167907632,1.290155468796657,3.299211868268809,39.12215034254761,11.804294068131721
-10.673963711687328,1.290650355270562,3.2928261441436493,39.4230671161582,11.782286360930447
-10.656776066428657,1.2904629505071776,3.300583695057922,38.781499939441396,11.821690071824092
-10.76879834202544,1.293474003581945,3.2988219660135925,38.29732396529311,11.788300436358943
-10.743906729059988,1.2932756158905265,3.29819120023233,37.98049555578806,11.882305313068516
-10.776193651673534,1.2909545211011397,3.299337383377498,37.88838477218392,11.803184322001194
-10.680637253312483,1.2893705529492725,3.2976818190043784,39.218468039187215,11.779953368574107
-10.569735571001003,1.2931732690506774,3.300166696569086,38.2730906392256,11.778233231231583
-10.693204496394275,1.2895339312325544,3.3051342763662643,38.43745617237636,11.741544476210045
-10.623373947422758,1.2885315975248632,3.2957525887242487,38.815375032399146,11.831010247707512
-10.459493510650802,1.2927968953216253,3.303450109651349,38.04038773338921,11.763171514129208
-10.590426068526885,1.2943966753526597,3.3008609688550163,38.31891006457681,11.860072998110331
-10.60909944408771,1.2913096373981854,3.3014965057331143,38.246430610528165,11.741516053407032
-10.600345201021302,1.2930895554421131,3.299877164549381,38.53302741878329,11.813525789542702
-10.758831053390761,1.2916104726423225,3.297130399571925,38.58581104271699,11.865679487330697
-10.687705118031323,1.2940476827479734,3.3017794547896617,39.0357005516902,11.701564180685487
-10.695040771679118,1.2949561944654115,3.3020753571896937,38.34449632797627,11.911101678620852
-10.610944555342835,1.2924033945924285,3.296798122627148,38.59344698803902,11.789939622825143
-10.582531456769464,1.2910374471092585,3.29464594180515,38.787104656536975,11.819277727452889
-10.692243025026112,1.2903426466439762,3.3003412318407026,38.29329924592785,11.841818070284532
-10.649531042263638,1.29527265266642,3.303018883375821,38.86806186014586,11.850578268012827
-10.639420187562308,1.291313211765703,3.3040203602005698,38.90063721240763,11.828995754315287
-10.674064055967726,1.294495950603821,3.304813292893308,37.563241513525384,11.866204045174984
-10.657684859577447,1.2954727494474427,3.3014855633364837,38.94039971717202,11.843325106943475
-10.734765510467717,1.293081827915372,3.2989471492806857,38.581351584346415,11.906455860588748
-10.634826394079262,1.2939189568274598,3.2999913820341322,38.83385465686698,11.845571870197116
-10.675040820314907,1.2964168500579616,3.2950272929000173,39.121756331459245,11.918734395822957
-10.685620749694687,1.2929701852562006,3.2972694181982503,37.91424046455823,11.86660710598648
-10.55065588350928,1.292935371542162,3.299787017456581,38.396491763709214,11.732319599202512
-10.638394680462984,1.2944546336738594,3.298933444344272,38.6951149799785,11.95421955823165
-10.57881465910347,1.2976482494059949,3.3003680371735395,37.913820338457406,11.796007894884909
-10.732767802982357,1.298483267967521,3.294500651033344,38.449804065965445,11.900566314046804
-10.626528409069119,1.2952339822657382,3.295394122793104,39.085369307158615,11.8281961151448
-10.712043155547123,1.2941773954841203,3.3031023747706696,38.73456921836952,11.880981581974815
-10.606805424024039,1.2979002933578778,3.296666621305965,38.817986785464456,11.79457702567782
-10.698875182523004,1.2926042203222323,3.297295271914518,38.50916010298983,11.861365356077028
-10.544776517746536,1.2966090895239777,3.3003801429065334,38.73929879697176,11.818498994421759
-10.619156034579223,1.296197392904143,3.296275251154023,38.567495862539424,11.91119228453827
-10.56740102300358,1.2990445109458826,3.304425319710323,38.956687305500886,11.85526233846497
-10.584829839184934,1.299418797331313,3.294972679493904,38.209983279469405,11.88121603647146
-10.585577690658631,1.294915864862303,3.300006095956341,39.414090797552845,11.727308187570372
-10.645738059086849,1.2973086833974858,3.29700565988002,38.41346819988694,11.832329655506062
-10.526986465871664,1.2960047544832334,3.3006247499818855,39.16909860997845,11.858235240342516
-10.635597142386288,1.2967321615850385,3.298010142545104,38.7609509235892,11.849990862817938
-10.724265039801605,1.2987266492736185,3.2999053925393955,38.090014153836684,11.887973505911209
-10.548215556826953,1.2969953338534956,3.3048851236632233,39.420634825226514,11.822729008473166
-10.60924243833632,1.298226399193905,3.297250214209008,39.21410038977368,11.84457517815617
-10.554649716195044,1.2999266833974943,3.297216918469652,38.26243552857966,11.902311768805966
-10.542744964705522,1.301216204683919,3.298736396435776,38.88508190336131,11.730433572379576
-10.62902720299619,1.2989371218475056,3.3058960775231343,38.82489214162881,11.8749561026089
-10.511970290368382,1.2987692976040348,3.2996410292688303,38.14752449439208,11.829917832877207
-10.68016434606145,1.2964933033623942,3.304936810437584,37.79145343581866,11.802122584884108
-10.652967695116144,1.302053695880643,3.299292354309673,38.36059958902679,11.865695018100142
-10.692116842011098,1.3000478015316328,3.3047585480931483,38.09047786515298,11.911372564840432
-10.76461701478987,1.2995032219273444,3.301629566221313,38.05335673161965,11.903092240471645
-10.549898516702019,1.2995753009848734,3.3022182657728303,38.37498126995983,11.845517280423628
-10.659727321930733,1.3003009856458292,3.2942569274060434,38.63158785115497,11.89720067573896
-10.570478566112628,1.3012977678458133,3.2936634100383295,38.502132419103425,11.89796050884839
-10.576268255931735,1.3017198148132678,3.3042808060481126,39.293050030313765,11.851334805799526
-10.546729484027386,1.3033248498602985,3.304231085656061,38.97864914127238,11.822198344322706
-10.610604050184051,1.3007631475388013,3.3096858209517355,39.0965171949864,11.82624239828843
-10.664626633598917,1.3039606762600968,3.294056187954095,37.99543970278845,11.901051198607638
-10.590039185774472,1.302742189237919,3.30194319767536,38.568632162774854,11.858208303216832
-10.513815603440078,1.3006809010451206,3.2959047161132595,39.02685523906163,11.80916630504296
-10.55465201044278,1.297640776467353,3.297037595492673,39.07188738684227,11.778394683689456
-10.655281733574766,1.3013209342796903,3.297991015330274,38.43035814666079,11.905394422682955
-10.649249221888155,1.304440963625269,3.3015294201636856,38.501049602543105,11.837631546575558
-10.585584087617697,1.2999475791912798,3.2973438957076384,38.67221615093664,11.882660043849857
-10.652396252460603,1.301837014095995,3.3001346247682815,38.576062076426126,11.929298738287756
-10.55831500634305,1.302176382633203,3.3033281369499847,39.749048909916745,11.803042432120604
-10.59849496021238,1.3039039134358668,3.304511893266829,38.928307274623656,11.867409553753033
-10.606247014180292,1.3014175987893348,3.3027703572777862,38.80345610502625,11.862311963646567
-10.574254593530208,1.3006278489983507,3.301807472326183,38.347887424338424,11.891016521810961
-10.578627628275791,1.303679835181059,3.299433465282652,38.34860635881822,11.935172521398812
-10.42828441953919,1.3012260778059324,3.2977242724282196,39.05814789195056,11.807929488005652
-10.546711883988412,1.299214655510948,3.302156046123996,39.358726301618084,11.904081924638417
-10.506608696085594,1.306739004680658,3.2957963637745697,38.90712664940253,11.928360532965641
-10.619383705875718,1.3050846838742447,3.300476514889779,38.698708049259665,11.86866015387942
-10.666022244539722,1.307169513814556,3.2956972908048847,38.370256064307526,11.872303643397721
-10.583192488871697,1.3053226203118138,3.2998348872532324,38.13694584753039,11.901297747771673
-10.527457050293966,1.305106908991994,3.2957851589740326,39.11984372920538,11.898817696979208
-10.541249330744545,1.3046565494722302,3.2983977458472,38.81576127951446,11.911898291821572
-10.508540469749919,1.3037164223679132,3.297296187944055,39.16133144978589,11.912050737829015
-10.693255098602023,1.3052833814669962,3.296813767882506,38.675342576323864,11.83609635500969
-10.513599298795524,1.3033230683544297,3.299650571927689,38.58716133157063,11.935918739679517
-10.571461898706003,1.3024611026720991,3.2903047939898156,38.947240150385944,11.945957180084736
-10.658101069810298,1.3041047868027158,3.2927900848136087,38.167377383256195,11.898136913431562
-10.4784200258369,1.3075215372427893,3.303214850555966,39.130176811213076,11.815341866655228
-10.544514838499701,1.302642677419859,3.3005899151700357,38.885835444908984,11.885531303214885
-10.537895006229137,1.302843006670534,3.29710653355944,39.54044967356163,11.902209908983439
-10.465692660018597,1.3066268056851136,3.3038956134522928,38.721858625708386,11.836482676711343
-10.517769286847484,1.3047817627424232,3.2974432901201784,38.43370622722427,11.87693088244331
-10.60404905681956,1.306750215663777,3.2976812267380313,38.62663680207269,11.825696413498825
-10.572991703865211,1.3079258057489753,3.2968664588996024,39.09765098555905,11.92775856825162
-10.648738995124377,1.3070355683476491,3.3076264750828983,37.58343265761989,11.906922750344103
-10.465736265785436,1.3050139592248953,3.3009404069382886,39.41874061387818,11.817568783989156
-10.469015728809595,1.3090097868741237,3.3007828434967283,38.97852230475296,11.918666049500263
-10.615454120840141,1.3080931427676876,3.3018656039424843,38.31232772624781,11.899504106293337
-10.593839988351059,1.306827027963149,3.2925891620355414,38.665181794971694,11.92938887454677
-10.58204743991153,1.3068941656607413,3.2976239661269786,38.53947590273717,11.8852319813907
-10.544332448866463,1.3078487470966238,3.30181994744617,38.42129289866091,11.865976888017723
-10.491349912217636,1.3066396845957655,3.299983566063848,38.24185847174979,11.868752670364625
-10.546717416480778,1.3041635794302322,3.3088216748012846,39.19875674511232,11.881632199464176
-10.493117290081088,1.3090880756177865,3.297859233699748,38.78997330302713,11.91072951497777
-10.469775472243294,1.3091304396332855,3.303772732187642,38.903859016324105,11.918435450778569
-10.457316477548371,1.3033074250176124,3.303224017161643,39.42327814548134,11.902752494692773
-10.582878584554885,1.3090909102463981,3.3005712836046555,38.856588573403656,11.892375142109948
-10.432600545233885,1.3117419115228597,3.3012976137677637,38.51103199315976,11.897225233188548
-10.4974308156808,1.3061324275567507,3.298839198402893,39.27425713013407,12.041437535066049
-10.408423826514076,1.3083992427431796,3.292107326416909,39.776686669483325,11.878772535679989
-10.514513141899641,1.3083393309608715,3.3013967344071062,39.17221135771998,11.890669264613166
-10.64458137490339,1.3121809269324045,3.3017137135189905,38.36483262169708,12.084521192594929
-10.584825353406666,1.3112581298953483,3.3023425824167316,38.241236103410365,11.942141300785634
-10.544964091931467,1.3074148496361169,3.3002523853190673,38.549514722285515,11.853355253174058
-10.531824063538561,1.310010666638877,3.3038816043137023,38.97756504768118,11.965753775737205
-10.435927979245085,1.3140858112760117,3.296536040006147,39.69864655163379,11.87938405432361
-10.451965148027247,1.3083843666582027,3.305873550433227,38.79232669926562,11.971607087481557
-10.529563876131892,1.3097640566843618,3.2960483396963993,38.68130765498532,11.916875317351565
-10.495093667380214,1.3109652153843243,3.299568643218724,39.41839033957569,11.906704439827678
-10.548300815473013,1.3088691713711122,3.302723495014767,38.72979355022284,12.010424639284608
-10.55214090337445,1.3137659979959682,3.2979401876208727,39.58130998243774,11.959559950356237
-10.478077918543416,1.3094437867962858,3.302996020418299,38.98460305562295,11.981164155569301
-10.485024872147035,1.3077597935375045,3.2986288582377226,39.49705830119885,11.955536753469547
-10.474317450263255,1.3096358376176938,3.3004725321068946,39.204477976584606,11.912845889628914
-10.485729263062145,1.312138966002501,3.2992754857800937,39.311377586120166,11.966914419365976
-10.48324344798982,1.309382876743979,3.2976927362988184,38.962686061885975,11.998087262388895
-10.454969449378984,1.3117290868280895,3.3090043005723335,39.0453961429205,11.945644376833824
-10.581255473872627,1.3123944047974405,3.2966410095922996,39.00505697660963,12.030271749892167
-10.451356019578911,1.3089951934986754,3.2908555514578204,39.41654382183135,11.983997263555256
-10.471810477878735,1.3104285456644968,3.296785454963846,39.26680367935647,11.953356428875617
-10.512147171537867,1.3123959003052714,3.3005251835543086,38.268727172416824,11.95661711574827
-10.467101204291929,1.3132439005478753,3.2984925875964786,39.16887053258715,11.952191198800737
-10.423706365124602,1.3109017242385146,3.3040743026341133,38.88995234997812,11.884054997078097
-10.406420028452109,1.3124221406792405,3.3039287352007003,38.96880800243815,11.943401936909492
-10.539791706970282,1.3116891044619388,3.2987264355326507,39.103417688543075,11.960254473112352
-10.379496395085699,1.3138501247894667,3.2932710883487424,39.920174779279186,11.92968146217847
-10.474345468981229,1.3135697552092236,3.294867403862982,38.95848862411814,11.968661081254087
-10.496082451156457,1.3119195113448412,3.2998711904772997,39.796987342030825,11.954135035005686
-10.514606539714533,1.3137579498006724,3.2937419616742973,38.531987418789676,11.993047578697963
-10.537588003094573,1.3121094752273024,3.2985288472648695,39.417521075874845,11.988812795714402
-10.567422449496991,1.3139820207268595,3.3056852111470785,39.03743192181968,11.965309877781888
-10.381816270716474,1.3141415156308494,3.301371332565943,39.319790119311364,11.889887425146881
-10.38039863802238,1.318071644169953,3.300182671722526,39.792467673801085,12.04908085785194
-10.545827914591085,1.312786636104339,3.2958369095231896,38.65373102735844,11.953747592405428
-10.505147685795373,1.3133052081231633,3.300726950637151,39.500732311461306,11.958095986574495
-10.394303493076269,1.312420831645453,3.2989659034672947,39.12806716979696,11.946313154543487
-10.43629823368032,1.3117761527270022,3.300954546914599,38.870560890491795,11.940318197959371
-10.43210692532023,1.3130543303050692,3.302908391311006,38.60512273911463,12.043241938269654
-10.482116841204983,1.3154218401921076,3.3035924946335506,39.66990789300746,12.036642153563715
-10.485093457095676,1.3156898762409222,3.3005155624458213,39.48631746442763,11.990861131198587
-10.44778410436743,1.3149285447204366,3.302047691715887,38.91320646100127,11.96456857379484
-10.593091187738484,1.3138667952906917,3.297952077363067,39.03198509140645,12.00220217349462
-10.502900373420388,1.3135916140431492,3.3045302770314597,39.04483908690603,11.976239363489448
-10.36854433492964,1.3128636317584839,3.2964515049246375,39.1217462552643,11.964342131259547
-10.364877419606872,1.3137013270861309,3.2991701266033004,39.65614842536832,11.992062833821654
-10.3302737997827,1.3123415274510433,3.304946470856001,39.08928577295925,11.954404383934376
-10.403252992922269,1.31776304436118,3.2980733503054367,38.31683743969375,11.990380666141553
-10.56158598215595,1.3188360289659289,3.2946368573300937,38.98076295628561,11.989284104157845
-10.471999880842246,1.3114032441180057,3.2983569990051813,39.08270667775716,12.010525862293854
-10.321570112186098,1.3159655772843508,3.30556693711485,39.11955118173718,11.950728590265761
-10.33459188928278,1.3160433425195743,3.290917054957292,38.97384807831635,12.018498981374814
-10.307491054758914,1.3160253045587043,3.300409572716139,38.76125861787335,11.938983638479591
-10.40944681801102,1.3145307381219684,3.2974639858903996,39.03601768135563,11.956978228862534
-10.472427593759521,1.3178685976152607,3.299329463593431,38.70505193164088,11.960467930833111
-10.380555347589793,1.316750662208165,3.298605823933113,39.62464767822738,11.934619466653594
-10.427076751681128,1.3181028759112858,3.3038419330068773,39.35244754466518,12.040313265158533
-10.282060619347401,1.3146633121435445,3.3002152322152,39.24206520042374,11.942385822227562
-10.366720019154949,1.3134744451952904,3.304042139070608,39.47564781116114,11.957201098637306
-10.425876738077967,1.3172118597653844,3.305136525885381,39.10525663286148,12.056225920013965
-10.374442620459387,1.314516154645918,3.3001195880223655,39.14333508571495,11.966235142976132
-10.362038796446754,1.3186499825753932,3.298562008630802,39.25399849404312,11.98666598707169
-10.325456320630899,1.3123850223564493,3.301508735594686,40.05761123641728,11.94678058930466
-10.45024164100617,1.3157973997485797,3.302280747811537,39.35712411394241,12.040338567595711
-10.468166060665673,1.3155975760008518,3.295386836958435,38.94427499659963,12.042336812209554
-10.317368081254065,1.3162583249448,3.3009442552337767,39.722809018839705,12.038256287991597
-10.490608926231461,1.3175376461467698,3.2989857614983116,39.361905300863285,12.02949445205921
-10.279856130950598,1.3178989934569818,3.2983186061438388,39.54417465916734,12.007606334222377
-10.475378439903478,1.3184757684438642,3.2972362200893826,38.917815198001485,11.979016888584287
-10.386104136548667,1.3187947276577614,3.2974971193776006,39.06994787948144,11.965796000177066
-10.342893996650254,1.3170288491167776,3.305022563404843,38.88415335171838,12.072348360830446
-10.385601861214651,1.3216751314930058,3.298544029881718,39.30099319942004,12.047401767549276
-10.42569596368697,1.3203163964157993,3.304575034034277,38.9046610235563,11.975804637650727
-10.336980828678263,1.3170013963872085,3.3005241063261472,39.15135067328226,12.013769533138877
-10.347571464681184,1.3174334402645136,3.2954691415097406,39.55446422537047,11.99808006156035
-10.341369274327691,1.3171215584227678,3.300763072265342,39.99213445686389,11.957982903271116
-10.395998519304639,1.3185933629965396,3.2952483217615605,39.357683453768324,12.024583355703948
-10.34331445161583,1.3160006412457959,3.3024285825311743,39.27131255450357,11.996233203057052
-10.360224104676647,1.3164418265770592,3.2991689065922305,39.27204635512395,11.970687728545673
-10.163562120215422,1.3137611812394838,3.303420727364386,40.128061645034215,11.945664311061954
-10.31940190638644,1.3173722276302802,3.305734183399998,39.51627722627132,11.942736767112955
-10.354712748310856,1.3203713167318705,3.2930586194689226,39.3680689220701,12.003661240673887
-10.369414295176965,1.318008457616148,3.298155417716597,39.36699956091421,12.019282980197106
-10.20800799141868,1.3181898024860792,3.295162159994641,39.01253701785479,11.981077421745544
-10.448577715523985,1.3190065114992486,3.3086330448692247,39.2590351330357,12.058683694207158
-10.308211904999736,1.3165123801348004,3.298238750423641,39.03348854299648,12.024173158509873
-10.357641031942588,1.3186326790843332,3.2947395509855477,39.44248489980048,12.057597991285999
-10.407131463346689,1.3204266022093307,3.3089613545219336,38.89166121960048,12.020910878974238
-10.35319937928633,1.3193214861500786,3.2970957086400814,39.53006906967895,11.99200265721994
-10.304994790405969,1.3207256811638672,3.2935125573405646,39.32878140236638,12.03836594101252
-10.338876057001743,1.3213571780395699,3.2953664030482877,38.86410347145587,11.970827238529456
-10.313905624515376,1.3202122223812793,3.3005727647436354,39.255916372366066,12.062233145269182
-10.186223727817787,1.317516999119177,3.3001829897149233,40.50990796036619,11.989703342695888
-10.323523612025541,1.3183107101112055,3.2966559896089374,38.443730709397315,12.083771317067422
-10.386949465087024,1.32291575936934,3.2980598089745925,39.292637746593,12.022235070353918
-10.382961626500682,1.3197334685719349,3.30021232410247,38.82985054309498,12.093581954897614
-10.292033862339787,1.3195179396769576,3.3052956508746725,39.966682864973286,11.985620770858603
-10.30454377898976,1.3174855439632172,3.301333115761886,39.71743614173779,12.009159301560913
-10.298129555665508,1.3190705139089491,3.29774733658696,39.478104886644694,12.063389570681311
-10.305610293552023,1.3207326907449892,3.29908629963881,39.755752308398755,12.104161870528312
-10.230289800008745,1.3193746725807545,3.3030788397241486,39.63724905656522,12.130260784927815
-10.291069832526745,1.3183497890819258,3.306720267547538,39.42030808635772,12.05029107786519
-10.4022385324209,1.3188558611047883,3.2955815655566485,38.955979318002804,12.14140156329754
-10.208038502413496,1.3218548922278068,3.3044564381670716,39.43955716106218,12.036321623663435
-10.2335360424302,1.3208459285677614,3.2987488866503303,39.34730345654429,12.107032834418225
-10.241681692431726,1.3206160869568355,3.293503092675836,39.52077445744322,12.006274013794188
-10.301800640660131,1.320465921685308,3.292711061142157,38.63955819058414,12.075680682990805
-10.177940750992388,1.3172527569838304,3.305336698505193,40.05598423534508,11.9388725587598
-10.255779558146845,1.3201966805218248,3.3058134293668235,40.267189556340014,12.001163148030308
-10.403477521355057,1.3218196661742707,3.297723669930798,39.020158607427625,12.081860936508878
-10.199157047207036,1.3191919780226053,3.2991514214040754,40.07166668753942,11.994188437715133
-10.220218476954674,1.3216973458312005,3.2928705641821487,39.505921882073224,12.08244000588151
-10.196574385653339,1.3208601082779268,3.303048163782867,39.36593006024186,12.107696413285947
-10.288984052142396,1.321450660124646,3.2998864780659853,39.269318290278214,12.03858729201102
-10.217166285772178,1.3199213395214597,3.293790891005725,39.59994442183374,12.016484236397721
-10.225521013909248,1.3216152804504817,3.3008189630310056,39.26043546180503,12.042499899713713
-10.220254213020505,1.3169338778274595,3.29444225697575,39.80196449691473,12.019194700343949
-10.237374844592066,1.3199491515581916,3.3022299867202896,39.317538326906416,12.06369943937593
-10.24439002314604,1.3213269947467663,3.2956687749077958,39.08192939715949,12.075138140401174
-10.22097542721761,1.3205101534483332,3.301348276673591,39.550082586330944,12.056005261543012
-10.236008894710896,1.322123874280198,3.2973878701048513,39.25040806860867,12.156294530689241
-10.144644017710212,1.3196319839434307,3.290537203228861,39.57978602878921,12.037875796924348
-10.313263238157125,1.3188633066944926,3.3039846452237396,39.35174981778602,12.144685660179098
-10.214651224730588,1.3166905829933435,3.30420373755644,39.03481482592876,12.024318622646051
-10.25476232628978,1.3194317950457586,3.297912866533014,40.07402146682337,12.081284592027835
-10.28834231907358,1.3210189516136428,3.301097700181609,39.74837304681521,12.138064634764795
-10.347303818401056,1.3215131704705128,3.3017527118059204,39.053370542436326,12.136739370436143
-10.207327644466847,1.3171972115989805,3.3018819578085328,39.57769386694232,12.060419240074511
-10.201630219757018,1.3223491395931806,3.306902393998138,39.85105513209092,12.110444692748665
-10.233569298711217,1.3180510313141118,3.3016671925604806,39.61634671173076,12.105007658392509
-10.19798989921826,1.3197574372218677,3.2985693714900437,40.355960895561495,12.05820764448154
-10.198456489845825,1.3188604382320894,3.3017116646545586,39.50762177535095,12.11725637729763
-10.167268168733907,1.3208293853234845,3.298280207970505,40.14105542017891,12.180836120019439
-10.239556613584345,1.3201783268633704,3.295737784004331,38.98703180243608,12.112547505745802
-10.28423518376978,1.321339884082087,3.3048789613610383,38.95920973662539,12.118529558804816
-10.219207349439593,1.3236638038885238,3.3021366419511002,40.23537411937709,12.125067038618438
-10.044632743751457,1.320762626029052,3.2925535218661817,39.7379521173109,12.019656267944727
-10.272520556913165,1.3188027676709877,3.29726533812566,38.987979837886826,12.116960375605439
-10.124120204075476,1.3208659511322551,3.3030305639423547,39.732669810745826,12.0443534181796
-10.101508206841176,1.3238202589009247,3.293744701657701,40.30257428265348,12.06693749255606
-10.378890074708783,1.321227310520244,3.296988267229988,38.936809974550386,12.205767535396573
-10.149140405924335,1.3217891502196653,3.310646038472532,39.685037000957024,12.086244113095896
-10.122548698752995,1.3166922278190185,3.2986756644551796,39.01310692588053,12.063133352555418
-10.219281383411584,1.3206332417421913,3.304330775152329,39.37390142695897,12.159004144346067
-10.186686791889036,1.3193020404932496,3.3060018679930243,40.02550620394802,12.055222192855581
-10.19300909540785,1.3184549069714877,3.2963660102822394,39.300244880312654,12.081464159913764
-10.216854463531023,1.319746093742746,3.301065461151188,39.05752884967793,12.167514822777148
-10.182265058566133,1.3199820609208992,3.308235281687085,39.32502453396851,12.108425689664713
-10.150629757302958,1.318488568549856,3.301838098945898,39.45486802546137,12.029430532607263
-10.191641219302154,1.3200853361939944,3.309462074762365,39.92260310331049,12.135930892201241
-10.073160714064223,1.3193309899260912,3.2974524335327575,40.00558953702743,12.090127073914964
-10.263025849371791,1.321050898765679,3.30718838831009,39.703124691592244,12.188159805579463
-10.238593744645701,1.3200677314726827,3.300066695953227,39.53418535526537,12.082072630643067
-10.099816700284942,1.3203294957090985,3.298690079731968,39.5524220182703,12.166155883892026
-10.198992139633676,1.321500001215363,3.302560162766211,39.29146957765502,12.203589931327812
-10.142231722095264,1.3206132251442957,3.299554166148981,39.888467672240935,12.073466127300467
-10.139184139501824,1.3194517475331995,3.2996617249265214,40.35723286685264,12.107558687508872
-10.131627925075906,1.3152491870596,3.3019407704765107,39.36045011847089,12.137854420622503
-10.141603222660578,1.320408134448974,3.292769063826774,39.309600238621755,12.076757433049865
-10.10511769107835,1.317512997444921,3.2968053752583097,39.33543354051573,12.134338754293012
-10.177948873961915,1.3191190614125456,3.302890572241973,39.97671344802767,12.11077497854744
-10.134936554015223,1.3199868549197393,3.303966121686303,39.7132696883729,12.110962277204374
-10.254174112821275,1.3218625773210204,3.3014289108335997,39.71381050901449,12.126854892432277
-10.048629186598149,1.3228314613112915,3.3011034822007423,39.69955440356007,12.129161157040157
-10.12895476596252,1.3172532174654554,3.3016093684912065,39.98938480841436,12.134979516976012
-10.056224092978757,1.3164113124092935,3.303831193676739,39.77249767732943,12.098029304697597
-10.066033620217645,1.3196404064221279,3.294295087984562,39.24996253791748,12.101394742825
-10.069658197278162,1.3194183154298231,3.2979621040398124,40.22984290041009,12.124404197780084
-10.102061619248527,1.316472754147615,3.299702283669885,39.78138665501867,12.129273461974933
-10.065549510718801,1.3187849083623113,3.3007831587828065,39.7447813967859,12.11074414006837
-10.162688402485479,1.3199533716481069,3.2915614449946036,39.787139507551174,12.150056326037243
-10.1189111301474,1.316236733186307,3.2949704257227816,39.184511167599496,12.044291444877471
-10.07890898403736,1.3166451888687263,3.2999333580956374,40.014471272740124,12.099673836976415
-10.12198576118346,1.3172819437259533,3.3040525628736006,39.517704229221096,12.123365783224946
-9.978358054308208,1.3180802328448904,3.298323840215081,39.980841829073974,12.095718824618979
-10.100599855579372,1.3198257768920565,3.2973324396237658,40.25451778238838,12.221144256837977
-10.122927218762324,1.317716548958528,3.3021146737874774,40.01102342100152,12.141784561172015
-10.097265162739228,1.3184104214735708,3.298687716112267,39.73491703043731,12.150834384066748
-10.053577579672911,1.3227210273981513,3.3035235938742136,39.852411376900015,12.11898609267961
-10.074408292493532,1.316243546904536,3.2991146969855003,38.82695561755877,12.143507684657168
-10.021118988936747,1.3167762937450653,3.2955391365624456,39.62900527420803,12.084680212858764
-10.056521597425581,1.3193631943223527,3.3056823850988915,39.95380767384315,12.138095520644333
-10.121980463322789,1.3199064676861105,3.3049490437311477,39.450373067027165,12.100876646601252
-10.181164246946144,1.3186819823132543,3.296178082089588,39.10709846780471,12.134994771864756
-10.01454136030323,1.3213909554377121,3.3015828143945662,40.16297716728078,12.022004171684875
-9.991369690006827,1.3183272184198374,3.2986933224897736,40.53983839798856,12.094732032691482
-10.108615222628432,1.3136580380953438,3.302476256507002,39.49421060930965,12.225457829113928
-9.99391564812106,1.317720834661155,3.296497246192961,40.36217281571393,12.194907813278492
-10.08021246584222,1.3163001391249882,3.303487368809807,40.129497361938476,12.220463389268778
-9.994757431906557,1.3201236646738868,3.3047798059430686,39.61975790985869,12.225018040931703
-9.986278736774503,1.3191979023778662,3.2962106290450306,39.73636762561219,12.190398940623009
-9.961240687703626,1.3140005706948956,3.3002708005868717,40.79875969327967,12.135220742826604
-10.078989721839744,1.3197905780534944,3.3048638600188687,39.39521147319887,12.10711323195668
-10.057420530440291,1.3188773656771753,3.295994549607373,39.64155085289267,12.217421585047168
-9.955097636456628,1.3162570995831364,3.2973246935547276,40.876104295586714,12.164418281223416
-10.069928713051013,1.3166552462951973,3.30264695202545,39.63259485564942,12.286993482229494
-9.97859830682784,1.3195013100999953,3.2993572434797622,40.58399974912041,12.14513681170397
-10.150651110036689,1.312677485059043,3.293698900919312,39.28989115241161,12.263132761595
-9.896076065838336,1.3174135920574424,3.298719121570298,40.26315487475052,12.157741506058828
-10.093074428684575,1.3186106441994931,3.3069857618745715,40.2482193075768,12.233473499768815
-10.171340812597675,1.3161461770118434,3.3082515533590713,39.470332036297116,12.252592457902846
-10.00181889153033,1.3175179577380018,3.2974516543530212,40.03625674196685,12.117693981899485
-10.138116138982124,1.3163257468446612,3.2963467930776678,40.02154223484036,12.145671967162905
-10.039741987695999,1.3144474313343535,3.2981679521725313,39.55971876588581,12.119350067493963
-9.813266528523203,1.3142923022980972,3.3072076016849348,41.2696089422602,12.110575706492403
-10.034071906798406,1.3172278616911413,3.3033683748098706,40.34694595471038,12.206496899537418
-10.072411350822321,1.3144250269927362,3.3058563405303665,39.71226439320979,12.164379468200831
-9.988518314785033,1.312538520509739,3.3039947270275927,39.92903423981378,12.177893215850737
-10.053568647496089,1.3157225346503283,3.2947225432630995,40.657551002440314,12.204147532436405
-9.88455630657042,1.3143404506156853,3.296204608681512,40.08896156026376,12.08452355282333
-10.065471977510057,1.3128561031707708,3.2972153074220545,39.68019264799164,12.242785136223254
-9.952027157311793,1.3152843585755305,3.29791210123626,40.554411845146866,12.162042672004201
-10.056200940141883,1.3165608084423215,3.2972867720282015,39.32737504176048,12.207164572257506
-9.830712822557045,1.3149508020357912,3.2977521405206423,40.3072414873364,12.212623838374295
-9.972259055587207,1.3126611316480892,3.302561961320108,40.08914558537476,12.251168256740808
-9.971385957731286,1.3156392053469068,3.300543185394348,39.775742577658306,12.178422314621184
-9.9268347440209,1.3166267782445082,3.3048791123126815,39.52009089144088,12.07851656964555
-9.994064232508855,1.3188622925340008,3.3010073532606277,40.0395117124881,12.188584565465629
-10.007165153722385,1.3171985716206245,3.2972948941755567,40.2609419864297,12.196789733899367
-9.975013414191386,1.3121817359985766,3.300753847805939,39.77835097916751,12.136063998698212
-9.853628010085158,1.3157851066638164,3.2939547581474553,39.82082107411472,12.1961706500366
-9.971847133734418,1.3144574060332541,3.290752651171447,40.558738264910836,12.17176067683244
-10.038988320609409,1.311514514957648,3.302572848653211,40.13327450701176,12.123685768619202
-10.028614549455128,1.3142596064419607,3.3040732402351765,39.798049726520134,12.22540594534464
-9.869191193462166,1.3174016294530304,3.300288517684239,40.629959440181054,12.164650025361071
-9.941007360414964,1.315827231545416,3.2984347775604936,40.214681159627574,12.173518233156036
-9.929588638113405,1.3112788074126853,3.2946325191758605,40.85650870399395,12.171705472134702
-9.890888400561543,1.3132023320790043,3.3046677001204183,40.483890975130045,12.257601855612023
-9.972880812514783,1.3140264338064596,3.3019701205253,39.498292183387576,12.194771900608481
-9.888390956496782,1.309450471761762,3.3011646941945876,39.95972240106925,12.201758735557311
-9.950501852645456,1.3093856142891283,3.299980704864419,39.8546341755067,12.176754206745402
-9.895551578654361,1.3129509833770265,3.298121717124874,40.33272085882535,12.222907840912994
-9.972822862369481,1.3128413529444702,3.295546868434754,39.932958557395686,12.26820508433019
-9.943402163288829,1.308691687752935,3.3010108166133936,39.66228086745322,12.234103083104724
-9.87776890501582,1.3130076534744979,3.2978459003504264,40.48011815706195,12.237020410351441
-9.8771737923701,1.3142670811415005,3.2983041558308157,40.6456992941807,12.233951733954099
-9.879415186475088,1.3115170807675858,3.306871383060547,40.20007584903964,12.135587375853191
-9.907487898376342,1.3119329257291434,3.29980769042634,40.268807562807005,12.161748955512952
-9.79711966763396,1.3128148440128993,3.290188178060964,40.01873799082697,12.19625700302817
-9.841788454618907,1.3124079086853315,3.297858166226352,40.107408134504794,12.17116071461002
-9.889253677534061,1.3080495566388983,3.2959941930076777,40.028839433094596,12.155170659899898
-9.881885001747134,1.309432643620456,3.2994431211978177,40.459664597213965,12.115728350908975
-9.791455095242874,1.3103064073044626,3.294302270408244,40.51950035429239,12.142946318633248
-9.870385033147972,1.3092308430830617,3.3017345265091715,40.12735303367832,12.198378139469659
-9.888911912800914,1.313739983113317,3.2988157338914683,40.07442323763843,12.208660716015022
-9.851224021087301,1.3119277240043776,3.298097149758458,39.51042466445731,12.173402923880456
-9.85677100130114,1.3082912356199647,3.3005984745654957,40.928807751055665,12.217921395380415
-9.864740377292685,1.3099331287902187,3.299693372608853,39.436340895174666,12.193198900981978
-9.82434961656642,1.3124729093629475,3.2994611598600097,40.52005296003938,12.270330619470288
-9.786829643858482,1.3087691933962458,3.299103253236201,40.44142459480665,12.208627900416685
-9.84905223202283,1.3116136207425948,3.2999187431335857,40.19562261434376,12.252428855373772
-9.783283700048935,1.312524838550543,3.3013727042865146,40.430155536512814,12.228671979079454
-9.82225681396163,1.3120380440882602,3.3008718811879545,40.09029315186768,12.149302558523548
-9.811266688879833,1.3098131219217015,3.304507518314187,40.63859277516134,12.215763844043845
-9.760932390986243,1.3118001952704517,3.2978132417059047,39.952708045459154,12.159401996076603
-9.7853852398597,1.3080987927961758,3.3009525035762652,40.56035537679613,12.216659396335203
-9.772785393768242,1.3139594587634431,3.309784408305186,40.183323826432364,12.185686906781685
-9.815197317527685,1.3093131379807703,3.29983618549197,40.198834167359756,12.24291536419275
-9.689682007394058,1.3109680974842066,3.2999912812291146,40.46067325582209,12.15756899936339
-9.870569838391532,1.307792901106585,3.294946455273154,40.19271809778548,12.226287033507663
-9.858599262998961,1.3093575089594036,3.2971471580674394,40.48366281509626,12.25503365319499
-9.867694366376854,1.309286731376673,3.299574535553324,40.25029307513979,12.272649273780663
-9.832275101577247,1.3061826371424166,3.3021338145405816,40.70864158339536,12.189913401785798
-9.946230032014055,1.3059633055264033,3.3025966528106667,40.5254985993358,12.229857289545118
-9.745739693302411,1.3073104748215114,3.301305095895036,40.632027773311,12.239020681581271
-9.921039821942017,1.3097688448218945,3.3032163920555377,40.43095644485982,12.308008863599174
-9.770751833179904,1.3037334486617083,3.2960026281740578,41.2684686022276,12.15742087197881
-9.87768629358295,1.3065081664680276,3.3019556665416707,39.679295816365865,12.186762665971102
-9.84520253158617,1.3096906202243397,3.3000534121308163,40.7400495194265,12.373366913073896
-9.84981554262197,1.3044430877884212,3.3004995821195324,40.91830739539728,12.220310480730065
-9.827591008696542,1.3092510934773125,3.298550724791906,40.51828632764143,12.14023275656056
-9.777676382976516,1.3043231382453653,3.2961878786417613,41.206265555365654,12.206467572096816
-9.773919328100167,1.3045805720227128,3.2951393881274695,41.16166353912639,12.097959565008798
-9.838769773587915,1.305953654322832,3.3012826872016223,40.187646825194214,12.24925290774596
-9.805438418440188,1.3098289828262042,3.301991406693876,40.28494612406875,12.278495240101282
-9.721918109419633,1.3046355539347025,3.299481718895585,40.76840668591925,12.193217481951947
-9.827256773475783,1.3022826958954559,3.299940745902576,40.09584073768126,12.216054456901613
-9.86969955040568,1.302777364742094,3.2971191570877534,41.345089234763854,12.286558851575764
-9.739192099893456,1.3072773235496749,3.302012247006953,40.837149933273054,12.153646284942862
-9.716186035369928,1.3025357246775855,3.3002425023493256,40.58624316033357,12.175854820670267
-9.685340401803725,1.3074525130346852,3.2985375446698293,40.06523861283792,12.231299339226702
-9.821512331352606,1.305047157560359,3.3034643335884573,40.45774281320906,12.205855452716161
-9.78500887742237,1.3046736517684565,3.302580077776536,39.95572243988435,12.229541310633216
-9.668377518153774,1.3051630601852993,3.2938565242107902,40.96721191011561,12.181804950578178
-9.654735885481793,1.3027965205879968,3.300196601911248,39.6896496891454,12.256461287582773
-9.820868057633726,1.3045036797169518,3.2961670546124715,40.91175379210552,12.239032427123648
-9.820326080457216,1.3016710425209723,3.3005580864201285,40.189689844851515,12.274697381298257
-9.741670288938858,1.3065839140436268,3.2873926154376836,39.8399710348233,12.25799689976217
-9.796621429910347,1.3016601894503572,3.3007885762984865,40.400201004341305,12.259045775391314
-9.763453723812269,1.304420906011014,3.3028479352833644,40.479821732358715,12.177125515964258
-9.7489766500431,1.3013017391434427,3.2995568342946546,40.476319611635915,12.274795324202396
-9.647370569910304,1.30213266884882,3.2953411259779273,41.25714957192349,12.234342526664106
-9.82029352289242,1.3022790086051446,3.3078254812834196,40.5117645772304,12.243271255001146
-9.679483059415405,1.3088167327941262,3.304623842130587,40.95946927365209,12.304724922708857
-9.756968603818468,1.3026522914716778,3.2978757544575843,40.386572562792836,12.217045655918021
-9.75079721680512,1.3008650666814172,3.2989559047381225,40.669205160908895,12.321277562934142
-9.67572773991411,1.3014457666787727,3.2920758766706135,40.125149332691485,12.326638193815583
-9.731673916862956,1.2991521066155765,3.3018936026547574,40.639893300250726,12.292744889366887
-9.723019580079379,1.3016622890901552,3.2945230452187486,40.25067733424321,12.206761008767858
-9.629254831339715,1.305516292092491,3.302665461744048,41.269344961714914,12.147158898920535
-9.761685804699049,1.3023123175040732,3.3041037676947025,40.50683045948319,12.311091935923631
-9.693156031576134,1.3032730351094994,3.299718945172223,40.878835280715265,12.26339117651699
-9.712636198802366,1.2994722290390321,3.2957421849325446,40.67965663348047,12.221228874591384
-9.693993318211765,1.3007112166890953,3.304996066937567,41.33453395089599,12.317828768749099
-9.775781921528182,1.301351405874536,3.300008677826934,39.82429113147391,12.216729677091442
-9.761223417914591,1.2993186146607767,3.3003729015196974,40.43203442725015,12.239251881435194
-9.806028478291136,1.3013948109329823,3.296273864785788,40.00390820805607,12.287351226997819
-9.68127627262398,1.3016511781316589,3.3007722157534074,39.817594281917295,12.206068660541096
-9.79213151448804,1.3013315092356212,3.2991883497099184,40.005725283278124,12.256911866661465
-9.769205887258071,1.299769119692317,3.294686048782891,40.93040248716589,12.317474885907918
-9.769572869743302,1.3020785765326197,3.30535996913981,40.44878413195639,12.274200670979647
-9.637632443852892,1.2992069946011873,3.3070365004212663,40.63682666574825,12.326638538302799
-9.780396816043064,1.2988500846028792,3.30407280931148,40.74860683201556,12.321564395757978
-9.767396565405543,1.3022563353352474,3.303475332744094,40.51137984328724,12.265883207959993
-9.61409184909777,1.2969849035931396,3.307060416642362,41.017149571003884,12.149266181135596
-9.555963400791384,1.2956185382341896,3.2958100090039104,41.01721083840986,12.211416527684955
-9.708276637553055,1.2971145576164278,3.2957619863505423,40.80052755662736,12.305468662875734
-9.643214465310269,1.2994504758378678,3.298342423397379,40.53369615386741,12.190381112009076
-9.591459261537526,1.3010690765773862,3.301191417469437,41.23591644041573,12.252145679051258
-9.630270858537456,1.297006874182567,3.298829504645589,40.25460542900363,12.285985853144258
-9.683153748378086,1.3017837302260216,3.295920030761621,40.59930060359233,12.343116748677826
-9.689947353727272,1.2980347344563485,3.300022625352843,41.058873888565266,12.241458486974057
-9.623387052186684,1.297575719020702,3.2996224810131554,40.69160023166115,12.238601199850802
-9.74462328074989,1.2959335072231,3.3033652955834727,40.33841201943341,12.268714255311535
-9.70794278778446,1.3013628794586598,3.300178160831344,41.49949075780329,12.2894379846015
-9.569473992021233,1.2969865703999548,3.292381755420266,41.4284887359363,12.264730610777718
-9.604805048588469,1.2944503577323845,3.3015418723553895,40.847043065645515,12.325451798707252
-9.607946738424596,1.3018570765058586,3.3063271416014484,40.395915465846414,12.233571421421702
-9.770427762107765,1.2975567176377352,3.300115709176464,39.64511050089355,12.280071683961733
-9.7327808560497,1.2981949226574867,3.303947834497922,40.81790296113528,12.296854079248185
-9.677421182747876,1.2997885256358992,3.2979795053664143,41.15150505372739,12.255106381820244
-9.675461485346979,1.2974827460162999,3.3022629962415215,40.80738530067561,12.317622859872667
-9.72043033993935,1.2980323005086993,3.2970216431229873,39.874859243941685,12.28359938309785
-9.673703407810736,1.2960201712136183,3.299014003905253,40.71672085181436,12.31610257715875
-9.535546933214356,1.2972082962716844,3.2990454895380195,40.734165851160675,12.286869065155829
-9.619627525811806,1.2955021510477092,3.3019067603852976,40.82540754682719,12.296482379779631
-9.602870654829323,1.2953600188112604,3.296703372753231,41.57162974919092,12.246535568527568
-9.6746435711576,1.2954701950765102,3.294140460861776,40.966473495436716,12.247104280602017
-9.755865086465414,1.2942678170478212,3.301880448722513,40.71869968013226,12.340345094391045
-9.714059285508116,1.2959012648769623,3.301730101630171,40.553743650398374,12.311377883010856
-9.697239759551977,1.295727650378296,3.3004499461212062,40.77131031589919,12.22892586963804
-9.619648006282427,1.296193645840101,3.30373155343258,40.47149669484402,12.289583734138546
-9.534836225097564,1.2956672928787745,3.2991894461225666,41.15230188223223,12.162312854097747
-9.658375193774868,1.2982208605297743,3.3011253977514228,40.605902221925746,12.252760392591775
-9.627556691749728,1.2961591685940566,3.298600325024754,40.41598435694729,12.329959170066767
-9.51874513029566,1.2934729928400375,3.298965553458827,41.28851044156773,12.276095525141354
-9.49311403872952,1.2946276926254,3.301360865684355,40.121150263527014,12.288688080810955
-9.483616044058163,1.2963814769712536,3.3090664381156567,40.81491820020217,12.132407643791824
-9.603563935254886,1.2914911562194884,3.3029691904209826,41.03820028633578,12.264042891772988
-9.564687606233866,1.2972551113314623,3.3021944369986986,41.36045865761752,12.300992650039893
-9.52868551851444,1.2915133898439624,3.303093757628272,41.1313101615173,12.307761590331776
-9.740306917499096,1.2946997887688059,3.290608888531226,40.250551405236735,12.333027523427281
-9.499293911296736,1.292749548884167,3.301276711355017,40.981039226972634,12.274804067299875
-9.619676211848965,1.2924721463804987,3.3036418947673964,40.877157393510636,12.277435949261776
-9.58761292411951,1.2898064141274412,3.3003377064478867,41.44898791209153,12.219509213753975
-9.602684235374852,1.294066046596298,3.299827295880182,41.16287072673419,12.276279906378496
-9.533448555966634,1.2895137266807828,3.296240244436323,41.30427469462122,12.223812673669022
-9.602370784800284,1.2890449015731926,3.2982663584299368,40.82142614435035,12.194877902251173
-9.569558902290812,1.2940904615917332,3.2966660181858702,40.43248766945174,12.233386951954929
-9.583515300474641,1.2951915069284885,3.3039980273812564,40.27055286467978,12.363449201705977
-9.555159818199172,1.290119683142577,3.3060066711541864,40.76917398802187,12.27485044870583
-9.555417590092931,1.293302922858171,3.3077402642818776,41.16893708603473,12.299730439087261
-9.577109780879919,1.2927329496431326,3.296600022485709,40.64502600826507,12.263414323402685
-9.481870406209216,1.2908007268027426,3.297326350158256,41.26512904881532,12.19990864617605
-9.526030573841204,1.293499951834067,3.297001219343768,40.630064681654254,12.336583404133206
-9.449685597499208,1.2903463260472867,3.2959257754735267,40.84446045017917,12.181503874681404
-9.522022980581045,1.2915546012791816,3.2959903272317135,41.51915800089746,12.26270465827385
-9.501631332140006,1.2878586777768297,3.2979380204948763,41.303486223340734,12.288038528869523
-9.510618105653426,1.2877915764880175,3.303497910104828,40.856168299927575,12.302613200054292
-9.376164955836499,1.2923998891522286,3.297128659006016,40.91544965338631,12.255079140717536
-9.433690253543189,1.2910131299525962,3.304212320879054,41.51218545859175,12.199812901966554
-9.535835290687277,1.2894754944221414,3.3054698714025093,41.27891351102185,12.251959112921362
-9.58434299943201,1.2934265670050764,3.3011403859635755,41.08699292536755,12.254873120054588
-9.542534085424375,1.293256767547911,3.3049165234076745,40.84380044279812,12.2539480213948
-9.588192019075906,1.2901925343039942,3.294554958818683,40.3857794820643,12.341391731646361
-9.4808571758803,1.2862557639334051,3.2977672537150027,41.03235127125894,12.232489193031848
-9.589280314277199,1.2887975770285118,3.300757666192903,41.38447932033332,12.30849324394205
-9.470033874329904,1.2872101482896532,3.3008929360819232,40.69631670137996,12.301628493606271
-9.64286766026168,1.2889097232644688,3.305716930099425,40.733246050361686,12.342000165259833
-9.627989982380777,1.2867143440840103,3.296004618600779,41.39833686701951,12.287578990534122
-9.559145157698769,1.2860515980514617,3.2978521777056535,40.76001651709049,12.334044703394177
-9.575410038726163,1.2837768149263535,3.299660067717077,40.79818710484847,12.28612411241295
-9.613426883890783,1.2884954383991338,3.297925523219558,40.232985229773455,12.316696098598426
-9.525643753714146,1.283423181488392,3.2958294948538596,41.1979927473914,12.220065154931525
-9.502654368987411,1.2872409226237533,3.298093798219835,40.69845207835777,12.163528422089108
-9.52969095304413,1.2891318169850985,3.299017894148848,40.31877670363475,12.314544160395716
-9.566815459586389,1.2861613841777264,3.3057901778611165,40.48494563662993,12.31744483676313
-9.56099970772689,1.2852994149231087,3.2959190723650416,40.961379063454956,12.319874026625664
-9.501898372009235,1.2871978287096502,3.3032607382094326,40.36416121796246,12.270059876440808
-9.489093196573904,1.2855417268447686,3.305088541352588,40.467487472806845,12.370994565750847
-9.41094713131931,1.287436643875097,3.2979496214036015,41.40181939840216,12.273710868221723
-9.510338212293943,1.28486704345083,3.301039572406847,40.95036983338903,12.317939367029519
-9.508018448940138,1.286592085607474,3.3023037452672503,40.618367351004466,12.326812231872676
-9.558657087366848,1.2859776074435039,3.3016440185046894,40.75417890637123,12.383196777203521
-9.465918366379448,1.28651779618043,3.3003285728851677,41.76343149929719,12.281581977422652
-9.461007169042286,1.289682558090944,3.2972846963364493,41.590678355089494,12.264941839592456
-9.381786291990137,1.2866843269035972,3.3026498263665363,41.19345401085019,12.22285657627163
-9.648972417055397,1.2871670881219375,3.2985021684386364,41.028528076590554,12.375538887419602
-9.519505857414893,1.2847831625400485,3.3001146037350346,41.00938952055382,12.319142102055402
-9.48394522795429,1.2863548740361215,3.300703273228603,40.32243183468615,12.32086995676141
-9.570543761397431,1.2852354399413606,3.3034239569017645,40.0776500721936,12.454191780676677
-9.553614333515604,1.285722127050355,3.3077117648231913,40.52903821947011,12.314742792534588
-9.532640239914748,1.2868395660899798,3.2970488595181227,40.30441824926977,12.233502789255152
-9.432067542861105,1.2844211683044955,3.300210298883695,41.24449164715016,12.28894629952275
-9.50450847040936,1.2845066163485754,3.2940623320693883,40.77100724546013,12.250119288985092
-9.576987635171497,1.2842120683733793,3.305925767695562,41.01615634765685,12.27917623102019
-9.418268909588337,1.2840567771438787,3.300175397783472,41.339740585360204,12.278945719982207
-9.43566104839494,1.2852991427237186,3.2988012898808945,41.40468888627138,12.269823835976494
-9.448153566847907,1.28411031015607,3.300208904238979,40.73144449317771,12.229605089810178
-9.568886347050586,1.287720943102152,3.3004110540479794,41.068495989274126,12.378982758655196
-9.486655935825674,1.289971275413739,3.297072642149365,40.64450317784358,12.314382841748479
-9.3919937738408,1.2833661568207633,3.30475188088182,41.50054842492927,12.288243899432194
-9.584586395929474,1.2849803187368858,3.3025789589156207,41.319888872007596,12.33747075190216
-9.572586608173186,1.286359788387716,3.303136681379189,41.14408821316951,12.323207879687955
-9.509747381357283,1.2836449321782033,3.297279961498794,40.90967422010348,12.313499003111659
-9.482140873083999,1.2820815101163805,3.297063545083942,41.262425555254524,12.334018614510558
-9.494781504678624,1.2874417142195715,3.2995457971375832,40.397129015946724,12.306513985293662
-9.438090735581735,1.28523397848524,3.303199831559176,40.42033627638094,12.333371150100593
-9.41166081862297,1.28439657010134,3.302006783209891,41.363396795829026,12.337552812536556
-9.443774059562788,1.2865589960940418,3.2968892614362706,41.635545657213555,12.308064544875613
-9.415575933343174,1.285098424250093,3.3026710442668055,40.676268649005046,12.288934583872111
-9.474935608365923,1.2833633465643535,3.2961115163046935,41.05620262522886,12.376494188344898
-9.438783926707153,1.2814084732832902,3.2973535236606715,41.297977567257625,12.27609349993058
-9.537009073281316,1.2822788569727674,3.300630893430535,40.68016111598666,12.319562824237588
-9.51996116321234,1.2855802267145193,3.2953141071268988,40.824324580565346,12.320695420536953
-9.512081862547175,1.2844410930811556,3.2961458858887327,41.22113358884373,12.26951925160304
-9.433322720350956,1.2826112187584013,3.30620848618893,41.1766291286945,12.259597457653676
-9.42017787580294,1.286426604404012,3.3054650639014227,41.20466713745697,12.28228169722871
-9.515974651093622,1.2824892641879837,3.3091588635251328,40.575131336100455,12.275343465888136
-9.398889469984667,1.2846902809922802,3.3018022916165095,41.18976131990059,12.227022080042028
-9.474308814334131,1.2830681777764523,3.3025790574250355,40.89221704081825,12.267322443366703
-9.507286219864977,1.2864081833052528,3.2993801694589515,40.84767479646122,12.31317122648274
-9.504054440803209,1.2839638752262374,3.29859823000658,40.77532948945945,12.363114427313159
-9.514390220032013,1.2824669461438951,3.3034876620577793,40.9603074880234,12.327488277630898
-9.330341686877233,1.281935209393669,3.3054479085592328,40.99200551192415,12.169737741556045
-9.456281023077336,1.2821816009897073,3.303146613985754,41.092273864815965,12.331719701683353
-9.365750944546981,1.2806824396888972,3.2966407447097343,41.12248547945993,12.271681271131586
-9.465014661392955,1.2793220768188414,3.301566496088551,40.69713319304111,12.322171504901593
-9.449536864029245,1.2825965692813117,3.296919397649711,40.321489830175786,12.298733676566028
-9.30681107281004,1.2808370492429586,3.2987020005779697,41.76536423352935,12.28972329566724
-9.517352062742612,1.2807581016768828,3.306544906589331,41.26381978945731,12.29415742867984
-9.343398945363134,1.281580521162983,3.2952016763585434,40.99126046499079,12.298053840116356
-9.353882232536948,1.2817917872203475,3.3086747863817423,41.56490275762462,12.36629544872445
-9.371629169913097,1.2816326256541315,3.302198137402515,40.846826740313944,12.297986641395074
-9.463573608843788,1.2850263974920795,3.298135548936425,40.95000114041867,12.353135216086583
-9.353038859642048,1.282807903935432,3.300272864485776,41.08181036760581,12.345736771564683
-9.449696652130916,1.2856335244976158,3.297260142326072,40.98957033023691,12.331971136889337
-9.40996715305945,1.2804760760419378,3.2978123439341656,41.43853767178372,12.20915961446879
-9.462079251284843,1.2828590814694019,3.3002931831741056,40.915091857216886,12.354188201418562
-9.432224488269018,1.2804638232173964,3.2986843161372774,40.99969524001582,12.275321836759916
-9.482755270866145,1.2800488220571178,3.2962681294709375,41.33178034453044,12.333857920756715
-9.315766485130185,1.2854040423948092,3.2991143580479187,41.393150220421425,12.249293895424458
-9.422087196698383,1.2795199702936726,3.2947415408881233,40.91911040881959,12.238510143327233
-9.455133877090343,1.276537551155109,3.2949127413537393,41.18598893967494,12.396420921745474
-9.465296616759426,1.2795313197182638,3.294871784832399,41.466471565928636,12.249584305070238
-9.428059819602304,1.2768782211312277,3.3066852984036776,41.566246972823386,12.354565101168653
-9.47224417891135,1.2789413245004435,3.3016224960150473,40.525660249955955,12.303001436694297
-9.458937994333526,1.279077205714335,3.3023834282096733,40.57230639563616,12.275889413127892
-9.402743586673035,1.2808171273095235,3.300045043869915,41.59414650789075,12.294463314792065
-9.3000679980152,1.2766008631727557,3.302025128535945,41.28485622434826,12.231453728313763
-9.367963176777128,1.2830469232924009,3.304703383765125,40.384071270645116,12.29561878319808
-9.335845811141747,1.276859915921557,3.301631277667793,41.036347712844915,12.241961894273272
-9.390111710341303,1.2803138649240091,3.3065613201061033,41.0441597937856,12.276113490745471
-9.43422648323503,1.27988044878625,3.299851258380362,41.00651926662572,12.341931795915903
-9.348606305985271,1.2821403337773698,3.3023956502345677,41.608758761434444,12.308151859731545
-9.38523236265437,1.2811550800466904,3.302816052531394,40.85786814612349,12.22110368434986
-9.35850480945406,1.2827895884351108,3.2962718194058964,41.65720333606431,12.337550878614879
-9.311748670561224,1.2796582765137432,3.300170963860438,41.49055564874399,12.294380131222196
-9.421822569705336,1.2794185241923373,3.292634314777057,40.64173856604491,12.267378891613832
-9.444050355996454,1.281141930750296,3.299480501482749,40.9841098131628,12.331569399316416
-9.411112735490226,1.2823445826540099,3.2988835297239176,41.37564136271057,12.2856170695374
-9.440273612781949,1.2819076484856853,3.298644206163615,41.13527764962388,12.23543057475009
-9.454614785425294,1.2808739735860508,3.2983699443850423,41.24235974922498,12.385834765792621
-9.30060599748646,1.280670010565003,3.3020478970133755,41.16382157881924,12.292304959794254
-9.438706679832684,1.2801079552040535,3.2964566761253202,41.344493871158626,12.28881954191187
-9.287260833059207,1.2809777510009173,3.307439961144759,41.26609355219671,12.272347437566026
-9.431311354223888,1.2842066278346578,3.302269924655379,42.155843555306234,12.351309306408451
-9.234758640481797,1.2796319931190416,3.2967881377085675,41.00270193484247,12.265769852131033
-9.375936131389086,1.2793700546525582,3.3025888644621966,42.32730810500035,12.214461983178722
-9.364264846677347,1.2792003338722524,3.303979411877572,40.891011009173894,12.25746873784918
-9.459326192380644,1.280846118548055,3.301476469969577,41.5898374634604,12.357427447905538
-9.43257613099286,1.2758103278679833,3.2959767746386244,41.46582402750288,12.332375880984882
-9.282821560864187,1.2797716593532287,3.308949148007448,41.070530804803404,12.27769350948044
-9.37433580532105,1.2817925607108318,3.3025578976620706,41.49111697737271,12.358776538756207
-9.32444706584915,1.2789698103657712,3.29500968174342,41.15278197226298,12.327174859327815
-9.438761192153835,1.280388207539625,3.3008364603564906,41.2324174474902,12.276106728966914
-9.322078167030742,1.2842275174835986,3.2991187299940243,41.41499058317782,12.280793643207533
-9.431072294980051,1.2806676169876652,3.300025708995114,40.99813146701221,12.305202457533367
-9.423043919798614,1.2755230574168988,3.295225134052485,40.98094016884524,12.246784161298304
-9.348449987245711,1.2771803583105141,3.3002173059988786,41.4394489783989,12.288240209591246
-9.355737343202307,1.279498259992698,3.2966749889529336,40.92699641445415,12.303071588691122
-9.315447537712082,1.278394277188171,3.29860184221119,41.022666940039315,12.202923096311018
-9.312133728816345,1.2802118808557816,3.3015497759491925,41.757723003296626,12.277425410660516
-9.299039844924943,1.2794206705271498,3.298093469453335,41.57327479381911,12.27135317406887
-9.295670358883903,1.2823481960943155,3.2988383128786767,40.88599240356768,12.337518486222484
-9.382594983761747,1.277841142446172,3.3032809266225467,40.83349810261085,12.193493890202431
-9.25677484979355,1.279618080152608,3.296445611468813,40.631845960938605,12.266241653903359
-9.230609818330747,1.280478390026294,3.29740631636088,41.90265629118866,12.260822005492333
-9.400739116457506,1.28073845580986,3.2949816420661033,41.473952190508136,12.332500644757939
-9.452967829970445,1.280363630109706,3.296708546300949,40.65856150459437,12.281901710380287
-9.481055045911447,1.275262823160698,3.3005164969179206,41.29775027905774,12.373460304962412
-9.3966172293852,1.2802688211544708,3.3025578554740234,42.000966026369944,12.316337375213154
-9.220467139010834,1.2798191105354346,3.2967753313879085,40.94333026273461,12.262281297618177
-9.355770619137784,1.2818687349615492,3.3024392491223122,41.042418455875435,12.29433573940486
-9.378228380715822,1.2816078646240379,3.300420861168741,40.61906665448007,12.264204345767299
-9.411915568046723,1.2806665323263542,3.294469589299674,41.555586418577676,12.324427205301266
-9.394634791554882,1.2808355998595478,3.3006982414701427,41.17230735774655,12.214391771109968
-9.274791700461925,1.2829399732401543,3.30477742890945,41.29117463569336,12.239355764077237
-9.364069716905309,1.2825632398603517,3.2924314594128097,41.36282778833139,12.302858623876906
-9.251114596751167,1.2808422553309455,3.3080208219330056,41.27499724259783,12.340890183221022
-9.253038231741137,1.2846128724535633,3.297557927016742,41.33327061918236,12.169026840587646
-9.329677621583478,1.2790975863342393,3.2934035775282924,41.45054974307116,12.347366426661099
-9.355479409621102,1.2780165319927719,3.300553694271906,41.0450100509181,12.271148399948636
-9.36217840267264,1.2804006749948236,3.3033243481391033,41.088048992475215,12.183468403108412
-9.320554570492513,1.2797111549977584,3.2988782662840763,41.296282819394705,12.12707746765892
-9.386485028848123,1.2755660039564467,3.301246397074388,41.26356602273884,12.200190988210721
-9.286843032032076,1.2792313220615996,3.308478947154498,41.666971674080685,12.275166213243462
-9.362813797809824,1.2812641333479768,3.300822615597272,41.50766354366069,12.272342461154226
-9.29946585635103,1.2805032660471054,3.3119299503388313,40.80123267172968,12.306778044051002
-9.318325925106523,1.2791102331271766,3.3050585223158415,41.926528674275936,12.247119084857786
-9.329530708493072,1.280793113977166,3.300206141276323,41.36458533693347,12.218661609970471
-9.398968855210436,1.2810013840092667,3.3011661490163444,41.069397922625114,12.252874293690082
-9.321331944200233,1.2822336294942847,3.2987222612025358,40.99591983082443,12.274668895608542
-9.356959350366898,1.2795701830005517,3.3009983118234985,42.08174814081402,12.283981591895289
-9.263706897002102,1.2826520595418347,3.302246231318107,42.41653147893094,12.232434101147375
-9.40253547064568,1.278775675889463,3.298383400220696,41.94140132594299,12.316408878653078
-9.284093510448194,1.2800042740778466,3.294480114706876,41.48037925597934,12.239705746718757
-9.215933920962899,1.2844645264814543,3.3052851147249513,41.705774259111124,12.226723603680531
-9.305760120391838,1.2790757385613425,3.303893929174684,41.984894268026835,12.242518638416337
-9.314984931073404,1.2798643510085668,3.2943316443280453,41.27372979075813,12.322803831244938
-9.297168894824038,1.278735488122198,3.3006839643077,41.622183241330085,12.261840485833574
-9.203137365750125,1.2796484306027116,3.304108290659703,41.68461296093248,12.233168007869853
-9.334840904674168,1.2816423666630696,3.3036949143955376,42.09782531750789,12.313607344778937
-9.345161842451633,1.282842820989008,3.297224119261495,41.88420743050283,12.373842569443159
-9.340630798941408,1.2814579703900655,3.3039284670013243,41.26354974572026,12.276587381668914
-9.410155751030114,1.2809127864210534,3.300060389047544,41.789708739026864,12.327188414282185
-9.430885774910834,1.2791449419220815,3.3015547085956003,41.1366913611469,12.316688175386417
-9.240996463279677,1.2802459512681146,3.2963220324606852,41.29969594942315,12.233985233878698
-9.39299264865162,1.2786792566648868,3.2829719628470078,41.099880074697616,12.264976842822401
-9.254694798063817,1.2833169517798757,3.296890685943314,41.54957491472795,12.198890795227053
-9.301123508326205,1.2835298658576266,3.302146308405439,41.08373293905322,12.252138798823736
-9.260196694735674,1.2819120882275659,3.2991782708331265,41.27255910228304,12.230439283665554
-9.351452397278333,1.2829525206639243,3.3026007635560006,40.719741850461574,12.240962410923188
-9.35907423774718,1.283900084580732,3.304424598592461,40.952858490360136,12.222964892777727
-9.300246830622877,1.2824293974751837,3.2986779173642073,41.49332509828265,12.245452780725554
-9.360734374538557,1.2850949148178914,3.2982842043512357,41.69538655607431,12.285762285874565
-9.40053671326604,1.2803421691451535,3.291252574031028,41.56453939483649,12.252514152610459
-9.166528464450872,1.2817758162576396,3.293809305324381,41.83887900867857,12.164603263562666
-9.358080585193216,1.281622409290722,3.29464028170751,40.67212916610751,12.21984416196571
-9.350694640815911,1.2839384350118836,3.3022265567930966,40.95420969534427,12.180503593573972
-9.349516639902733,1.279863063091912,3.2987178781717903,41.22198962082832,12.267995060605317
-9.266136511390325,1.285715996966412,3.297863061941872,41.852860219403055,12.28027153570138
-9.46499378295487,1.284033606834671,3.29740501714643,40.84727072458629,12.267241839939636
-9.238561514442345,1.2865019588056583,3.296884076024803,41.03497466505265,12.214348126846224
-9.38917585133447,1.2830128337318927,3.3036938438577526,41.80096356903101,12.265360130200426
-9.30058096198093,1.282087231318104,3.300373386388293,41.104864878217384,12.228805991100876
-9.340212144006244,1.2845972561617998,3.303965308116593,40.86842750908301,12.194689897896115
-9.227055420931405,1.2854406212652356,3.291226455249436,41.63682329177581,12.287982342739776
-9.340923287944566,1.282048362271694,3.302130933944877,41.29812356762176,12.29106713430634
-9.394098089335865,1.2795809820555897,3.2980648284436582,41.01175331854571,12.296885657744939
-9.330700179587634,1.2800238661429444,3.2988741084354136,41.338746799271256,12.21829384176489
-9.35191525148377,1.2843006317399757,3.3054113048096383,40.92579330436708,12.30694504037281
-9.304788065833709,1.2869609410041993,3.2984406006304368,41.185791543392824,12.222558744020201
-9.31779160097527,1.2813828127941065,3.3019675859361666,41.34996501013443,12.279169147459577
-9.315095673333602,1.2835449049806213,3.2959282182647196,40.555466183576286,12.220199980198364
-9.40483159880805,1.283499097739153,3.3001444406248868,41.57236301795616,12.233793358361217
-9.287718013905124,1.2881446236906373,3.2936350130294283,40.87540230096778,12.123175762637436
-9.283926856536693,1.288929709119644,3.299770755910547,41.05660379483095,12.228376533868659
-9.370399992548336,1.28537116810968,3.301541634155287,41.65926140622132,12.247259596651736
-9.277380038636686,1.2864293872762207,3.3044254978475402,41.67296452243924,12.221430900412054
-9.370080944380502,1.286486078567383,3.296728424566333,41.29476735837179,12.328966461589424
-9.31217605513285,1.2822984931513342,3.297884143764563,40.69237155648248,12.182252839541054
-9.242541891196161,1.2863707910687243,3.297423513691947,41.272643899712165,12.211411591158992
-9.410065673485162,1.2830502851499916,3.2989839591318173,41.09340591345862,12.193556970261094
-9.354956764191849,1.284863314981826,3.2961443750279593,41.23267944600748,12.209817153137598
-9.280516655246812,1.2876038758680666,3.2913711264809025,41.89553418868185,12.288777525270188
-9.2559827938274,1.2856054011712583,3.295829150953158,42.285751757429644,12.310304815798364
-9.174326259924692,1.2877687686747137,3.2998041519374515,41.89728889842218,12.200555448718276
-9.308092554174817,1.288283643323884,3.2994075970184062,41.1700582634339,12.198632069919565
-9.272983237129706,1.2822936798303677,3.30220847769107,41.93979885471931,12.176108912498169
-9.313205750245915,1.2815756636866116,3.3033687759886274,41.137760662845096,12.298458057763057
-9.28133663171451,1.2883798267177233,3.2982017920103748,40.38784905459582,12.288368013570471
-9.308615488781507,1.288586101460546,3.2936570427579572,40.882955694554184,12.226188285016876
-9.239826401409712,1.2868211732142893,3.3016128772421287,40.571578264826165,12.160847589806695
-9.270304841587718,1.2872201559766583,3.2999607636333854,41.30585848398243,12.164480204662881
-9.303762895736421,1.2883505922721878,3.298966228556238,41.32116070975423,12.237501213453989
-9.399951700427856,1.2884431107975451,3.304881700175113,40.563028119171456,12.255588685602333
-9.299513538136427,1.2862167343895816,3.3018021918680125,41.059326949180175,12.123962255064157
-9.355058704974613,1.2888686155248332,3.300491597323491,40.71933988405007,12.210347378539938
-9.443840114048017,1.286396774738785,3.3006555367615023,41.061518575078836,12.306466736721564
-9.42604397844666,1.2877106123851556,3.3033988246097326,40.80651778647165,12.213811255905188
-9.395393113330176,1.2877583172222202,3.2972417882707545,41.61318958862749,12.298299117058042
-9.365155423713134,1.28577511895815,3.2964791224293424,41.337562979087785,12.255395754091003
-9.300061632963237,1.2861446998077217,3.299063460006335,42.04179166024309,12.167851458204282
-9.293197001158592,1.2922365113304808,3.2952882567062876,41.2316999901415,12.206549636375446
-9.319753252142265,1.2861230727599482,3.2998183241513375,42.21824001023423,12.21386204090347
-9.326272387720287,1.2887862344280163,3.3003878049847155,41.34846320479259,12.171780532081076
-9.3657566151102,1.2893462961961724,3.299724792919391,41.057100808965295,12.170017889824173
-9.320578694968553,1.2882195468379056,3.298554329263688,42.322336949928875,12.292950740909614
-9.317659483324457,1.2898131297379831,3.3066120416757014,40.633278608831134,12.167841157633278
-9.389435637058128,1.2892711648889166,3.3037626445613704,41.00005727798261,12.269723743922029
-9.337198307187263,1.2870166108990821,3.2996114406489356,40.65958379985364,12.193066359109144
-9.380735278577077,1.2899755204114371,3.3003721117596587,40.5032192935748,12.212693168252096
-9.383799200352803,1.2879580899698773,3.305505377661638,40.405547227404355,12.241147833598914
-9.357209845164942,1.2926752922493068,3.297661782605956,41.5322831684997,12.18220410071073
-9.370390420214878,1.2901994784265916,3.2961376072178545,40.727598201259966,12.239599633011517
-9.248985366897267,1.2880890065162718,3.3009075889892223,41.40011901652559,12.107951294312535
-9.326608782022081,1.2903227788020897,3.3016556227938696,41.70354889201341,12.231322507373235
-9.186089303135475,1.287938166033334,3.301954022272213,41.81315945957963,12.084971004909118
-9.262808420150911,1.2904538859809649,3.303311109380472,41.6399511243687,12.196111580399757
-9.245743178162122,1.2896381513867607,3.2970696906018304,41.994042187156396,12.24921852197405
-9.324381891577083,1.2885877784937916,3.294366201269315,41.99500819541971,12.236669662400825
-9.27794157042281,1.288715355051959,3.297661730567852,40.9434227738036,12.139678984070654
-9.3436181190872,1.2954175548837927,3.302327365050687,41.50604485550939,12.145157003855205
-9.277476220693941,1.2908846392875823,3.2963124132781227,41.336160929857414,12.168243460268569
-9.388927945593908,1.289993252841395,3.292264659814055,41.163474028026826,12.211020835348307
-9.382998624679157,1.2898024667129653,3.3005770777914534,40.6294127188308,12.099142522405472
-9.2543361791823,1.2921108933079042,3.2977316640702954,41.278548307275365,12.199103321007824
-9.429671797812878,1.2900484987709069,3.2930916424366266,40.97155836026157,12.214357483154725
-9.314229559981978,1.2892938452415976,3.3002978053366263,41.943642444074044,12.183651885486471
-9.414303352599221,1.291576491313291,3.2984549091552946,40.70927190453814,12.223083757099804
-9.287069748235119,1.2917202574063473,3.3067039308858934,40.471678526065574,12.207014133655127
-9.260496994271154,1.2911256255526005,3.3003553746963954,41.476565838606895,12.167751701529111
-9.270410974286904,1.290337223174894,3.302344338459588,40.9564718137827,12.097027725879913
-9.279883212325938,1.2914985768640364,3.299931080839873,41.38440297698455,12.199506936984504
-9.327838400037267,1.2915025455371674,3.29760987980091,41.60862548346349,12.144177932332676
-9.204384538086618,1.291386967699136,3.2980495458084937,41.55130468938523,12.161906334840253
-9.320902171810427,1.2933191352290645,3.304323834886839,41.18569766595951,12.21376780946691
-9.44397310908239,1.297381580987341,3.3029911558004708,41.04942942098292,12.25966278648667
-9.350203765118936,1.2957561837653784,3.2940454842136866,41.638552161381845,12.185874035483119
-9.379170676579928,1.2971405467877763,3.295005575241593,40.77979189204028,12.214457632813579
-9.33593191505499,1.2922858931834318,3.295227696429816,41.61952893544141,12.113504217735306
-9.463446660699834,1.2969357212240609,3.304240398977092,40.67133028969076,12.196974621647449
-9.334044683850983,1.2942064537541544,3.293074504157528,41.57273883271,12.180669887126475
-9.473516269065726,1.2958906622939972,3.303145951636713,40.43573141631321,12.244089807733927
-9.498551763122093,1.2949998395885696,3.301593429478417,41.21990061981893,12.15456527261143
-9.376049228027343,1.2935648440953993,3.3005872523469377,41.20715296407332,12.168462626087496
-9.434196049752321,1.2958577584001603,3.298108023479153,41.17022960621384,12.232438103527837
-9.412698303216883,1.295556433938107,3.304754467780222,41.558180773567926,12.17384514640567
-9.522718629874849,1.2912184217534044,3.300453872519836,40.62612502836473,12.121950825444712
-9.48005439558021,1.2946751676540513,3.294223164756545,41.02987073405379,12.303917239352248
-9.349637853253016,1.2968372324549988,3.2951547097134988,41.42204455977855,12.121345261524393
-9.40359913096836,1.2958166490047014,3.293420968909628,41.07319722334577,12.170975882635807
-9.353589264322592,1.2963704902486155,3.30480133679812,41.579537220375855,12.19047796481245
-9.292300793481992,1.2940987910859196,3.3056970202305282,41.54732686140577,12.185453806356872
-9.334463679410856,1.296284485338848,3.3043451060537836,41.09910119678838,12.161511843578571
-9.305017965966153,1.2957501262631714,3.299427467095804,41.89425679835922,12.160683852551136
-9.29984302034121,1.2957069613464756,3.294294485110826,41.625072409012155,12.157094884994123
-9.406552454628551,1.2949267072337547,3.295783954749891,40.84986814412436,12.111961178111656
-9.401794921660697,1.2982865799681602,3.2960445071930238,40.85537197349041,12.274182030627017
-9.310256187291113,1.2973196974177275,3.299817227944231,41.291682571769776,12.154581549707949
-9.417637273752446,1.297290017528076,3.3055497709265182,41.3437167387749,12.19433451849713
-9.416730486089858,1.3010748966515189,3.305534071906291,40.281162829919445,12.146659067620428
-9.338080415920912,1.2980935615067515,3.2980466553283496,41.003635428780605,12.144554157792623
-9.457412050025567,1.2997198097301388,3.291053766208456,40.854184708110864,12.138417699370564
-9.407572859373909,1.2980377393796247,3.295332037649694,40.6097926053567,12.082592065375222
-9.418178685376644,1.296958794721656,3.3047544036022813,40.754935735438984,12.150944722263924
-9.346144655047894,1.2957202736375601,3.300926514850912,41.36263119055904,12.137513794379588
-9.40067766691287,1.29849491932293,3.2985774151508704,41.003079767253745,12.215325794874024
-9.293849873816756,1.2928589021604142,3.298298537566602,41.248169721119275,12.09579697156893
-9.427790172608505,1.2989046957096693,3.296996596107533,40.59296373671291,12.125654063595276
-9.424182707062496,1.2991645635759443,3.2951849066004004,41.06622790335841,12.108465902485412
-9.393964223252247,1.2982727485216639,3.3082882536558547,40.61044589479979,12.224388028588802
-9.416752451891991,1.2986973662505708,3.306873932972391,41.75010696335229,12.107661770870925
-9.442078949768248,1.2965540603598582,3.2967125348961015,41.81317320327592,12.178114992236306
-9.528726294901887,1.3020019789185122,3.2929845132962523,40.75328113135891,12.19737302477286
-9.373229238974117,1.298730700628261,3.3006760733798193,40.80456547340875,12.14042092246027
-9.268713603669786,1.297635493205912,3.2994101274961825,41.80441376360587,12.077745822402063
-9.424554537358652,1.3008435089965187,3.3025125692441333,41.38783643880045,12.077235193135719
-9.358394157748558,1.3001502259685875,3.303418427584006,42.03310975935429,12.187284833915621
-9.37156401856465,1.29938657649963,3.2953198974740046,42.113303045754805,12.080117927137891
-9.51656461146943,1.299349703790721,3.3051208719444003,40.156147749420505,12.16159723070845
-9.45871692784509,1.3004409964360835,3.29858735172647,41.54602992863887,12.146558924326799
-9.47033784344553,1.3033183746200243,3.3024316394404796,40.97032113388669,12.158540980313086
-9.435661037372752,1.3017402566284326,3.29895413785595,41.34831327690719,12.162103824362806
-9.357736712081268,1.3009067073632248,3.3036899606841783,41.59566591130311,12.090678635314193
-9.272306657375726,1.3028546775025387,3.2905508211102754,41.74975255177539,12.087420740971128
-9.512764329086762,1.301379071797745,3.302953333773327,41.374619203043125,12.170775889016252
-9.423778853905363,1.3023012100032147,3.2966723219952416,40.92833445888812,12.102392113404724
-9.39684561118635,1.301974344265043,3.300293857197459,40.82515648553962,11.995179182465444
-9.505563967115448,1.3030255056505868,3.304978811835119,41.463637316962775,12.163949108930918
-9.383069938811428,1.3011313719037907,3.296787400096601,40.88516892934563,12.078520512817887
-9.42774108812173,1.2999145361577764,3.2961599494457414,41.88907730781799,12.152510122937752
-9.561259451772816,1.3041803127960905,3.2985120859641084,40.571730977057086,12.197611714436288
-9.418411156390896,1.3055496875142376,3.2982597183242763,41.01084334174319,12.127623601385308
-9.517780453781457,1.3005290896764883,3.2957993495194353,40.888274976027795,12.175386212844405
-9.42519028071347,1.3032442495635255,3.3004250872677185,40.533195289705105,12.132097856823682
-9.387074402131965,1.3021605204531939,3.3006326820590397,40.610580952479,12.202587122191101
-9.370736134425984,1.3049973799339711,3.301851953889538,41.6233415267582,12.068915637484885
-9.415741866706735,1.3038960297133786,3.2967217175686243,40.480500745697924,12.120413257936796
-9.476689546266371,1.310229539378642,3.2962239905143575,42.05448603895263,12.153282800929649
-9.420909389028395,1.303143312177988,3.2995256130413604,41.12053082782682,12.108902569064776
-9.426250002931535,1.3069920628793397,3.299019817995108,40.73576229310025,12.174830288379418
-9.394157680014242,1.30735774022174,3.299096644101125,41.379771936316395,12.094411311515508
-9.492075719916231,1.305326363221286,3.2971710815090294,40.03108553388495,12.218273587290971
-9.475991108124516,1.3045036999619342,3.3013201597377653,40.91459062785132,12.219704460419342
-9.523625431871181,1.3047892364120377,3.2962300811853127,40.87061259186098,12.12648557783614
-9.497067039234993,1.3047896481407693,3.299511300601528,40.49938401791369,12.138797290270682
-9.428152561433487,1.3072051520849128,3.2987745262862536,40.89098245281506,12.169533939798521
-9.362245652183685,1.3033622181995543,3.299866167268539,41.88591794026305,12.049371541536743
-9.405675466964889,1.3049540720259787,3.3047410792749403,41.26194915824104,12.0419103841347
-9.388418313802346,1.3048798154442411,3.294741999984312,41.382950307310104,12.169108257092198
-9.42377928629139,1.3021595313090486,3.2904346969391485,40.83771098826149,12.11876163802149
-9.457411234321949,1.3074970553929828,3.2976232341996643,40.555817783392456,12.092509854824259
-9.524235425700883,1.3080719296480032,3.295394775824488,40.85510508195713,12.10316220814176
-9.30649356618839,1.30484406651201,3.287950069949886,40.403963919095865,11.982072941782794
-9.403192336969973,1.3083387152955617,3.306985402673587,40.75488999016814,12.090613942047282
-9.32916782437925,1.3032766038149917,3.3022388409413317,40.84066437202816,12.061254856619176
-9.350561216738384,1.3066568064088855,3.3026686282429885,40.48337106475993,12.143574028017902
-9.561450382216313,1.3065208553133927,3.2988581287018905,41.1367862158359,12.146183378510148
-9.55258343901279,1.3071128287053373,3.3016832696110456,40.84263064248314,12.124025408628023
-9.644543343405385,1.307265852358174,3.298309438413797,40.46304524802783,12.113722074385082
-9.372098185689195,1.3071095686698393,3.303257283777701,41.524210162172835,12.017837760876471
-9.44178959118225,1.3066504429888404,3.300756262122669,40.458712298557366,12.120991443708247
-9.47806973560203,1.3073703481883476,3.2998538984911283,40.50642894675434,12.12168163712745
-9.574698513394587,1.310475396071746,3.3001557123807435,41.297533196424546,12.151222105181109
-9.53010723648491,1.306752119049188,3.3058617981102496,41.85234832972106,12.193622002038332
-9.420232945902624,1.3125802379874567,3.3006693237809777,41.433224730268776,12.001830846761647
-9.418783175744407,1.3069586155396538,3.2958815631851426,41.35106236191352,12.065780762130267
-9.44236208606744,1.3088678226969317,3.301344763685699,40.88253240874448,12.046835372351417
-9.443631850834395,1.3096882383313009,3.301956162629985,40.88919064267549,12.091316566164354
-9.488789345720061,1.3081197837784329,3.299421160581388,41.11332901137376,12.082102227870424
-9.40613456074191,1.3116248294885648,3.2997915881428264,41.73689015239489,12.06846740916947
-9.472540755032076,1.3101066593737904,3.2957351355285036,41.225535717727695,12.13028958240745
-9.53032381357796,1.3087618772109737,3.300388302585742,41.322535581976844,12.022575002971717
-9.379160433416791,1.31206895913825,3.2951420746134286,40.87518773452381,12.024324511092027
-9.391310013995103,1.3074494834504202,3.2989968978209476,41.46415008931562,12.023902737661428
-9.455431209299812,1.3085028154174145,3.297322708899685,40.82059990797979,12.0558296085374
-9.446737676168542,1.3109115051155362,3.3039316248534756,41.16258535995126,12.011147057884306
-9.395501751054685,1.311541133628178,3.3061997728034065,41.45532484612709,12.068877193257888
-9.592041079062316,1.3107345242408617,3.295422702698605,40.60342460836506,12.061759099425228
-9.405999596140383,1.309985207181669,3.2999815183253065,40.78116969162543,12.02943436157677
-9.552518403873043,1.309886235260967,3.298758562528831,41.040001538142114,12.111173629005968
-9.436879065051777,1.3128006656477038,3.301857753647346,41.072333054066306,12.063234204092113
-9.525405679405392,1.3111665909945989,3.3003849666374663,41.0036407415841,12.118064252383022
-9.577755586216938,1.309088448285327,3.2984504982245935,41.10734634909913,12.053900809086713
-9.539246178346206,1.3091194202690974,3.3003750020890714,41.44442206562258,12.06116376283376
-9.436699476054129,1.314151610675543,3.299141394968249,41.39190716703502,12.03295340510797
-9.526531297969152,1.3098317806931796,3.306356538407288,41.159713582624,12.059458053298384
-9.571221355112945,1.3119585237170044,3.2968254185494517,40.65740644163251,12.094138661911442
-9.545574086465669,1.3142577629691599,3.3010299468262283,40.770115725699405,12.036675986999446
-9.494642417165732,1.3127821731677543,3.302038533888085,41.19251646427494,12.081877808929354
-9.396919166610948,1.310323791412528,3.3017539088770667,41.060862193774,12.014033309595357
-9.671773283008251,1.3099479040876822,3.2988084418865355,40.836597351304775,12.091335591918263
-9.343882434099433,1.3158583730044373,3.3054730957375615,40.985988240232295,12.023099161934482
-9.537574515964517,1.3101746477775582,3.291644465364981,41.69659080953991,12.09338884481616
-9.497313381106299,1.3112878859800632,3.295624254915104,41.082844484978985,12.052563108879886
-9.596906023271421,1.313275935328128,3.3026542797674363,40.85739003149077,12.1242704563507
-9.506178645482393,1.3122287204770795,3.2964795695694296,40.79460053621924,11.98922695319936
-9.488486043493698,1.3139486725080713,3.2962459602169036,41.78823621022788,11.971828177191384
-9.58661220032346,1.3099991277200391,3.29813121766296,40.32545948626037,12.013531961040103
-9.554936888312628,1.3126464980503334,3.2968574266961683,40.60891948575589,11.97381723919564
-9.437716989365242,1.3145543040348453,3.302548356042309,41.46600270555796,11.972615185566605
-9.654195826152382,1.3146916972668505,3.303617619137181,40.787470926471435,12.07153281710511
-9.521114915340657,1.3123142540359392,3.3003532613217774,40.72706302533604,12.038948917995382
-9.560094817962614,1.3115443250078946,3.304218505484108,40.660575321704734,12.013875641905535
-9.600006858393426,1.3141427210610752,3.2944542619992045,40.683629927155984,12.017212673156273
-9.420982836712003,1.3112168748313326,3.3003035508304475,41.198890191842864,12.005399336021036
-9.654958754214439,1.316535792484182,3.305391813943383,41.311534904137034,12.116479422521325
-9.60805597548659,1.314406456330147,3.303907423214303,41.02595278689499,11.995884777073439
-9.5390190427089,1.3128213300257798,3.3057451763207326,41.33129599775867,11.96525184407613
-9.629093701895474,1.3122281822162898,3.297639817341578,40.56810290953437,12.069858949357942
-9.55953539721885,1.3131922117201669,3.3036687592976755,41.0872210461364,12.017965944588676
-9.609198996284114,1.3114545018796553,3.2982928954487933,40.159686388159805,12.129389170039916
-9.542568704751215,1.315686850919818,3.3023806116154963,40.987717474152426,11.99983644088459
-9.600644293108589,1.3132094091061488,3.305243507287928,40.84589556861698,12.067141671241503
-9.64351192868864,1.3157311270928198,3.296823729517636,41.44154285890133,12.077647595248319
-9.524963874525124,1.3161224191723535,3.292576945677542,41.57310626867165,11.99616575544852
-9.56701222023429,1.3170937204570505,3.3073902613941666,40.76259959983564,11.983780903727785
-9.629445113437002,1.3157786648189953,3.3019525088754893,40.41425366757629,12.056689265315589
-9.509044799286093,1.3176375187509766,3.299571681765752,40.66603363557704,12.047059157756154
-9.557791730323833,1.3182701794783416,3.299351971019398,40.7665585010918,11.946477331233469
-9.494362206339476,1.3161241173205038,3.2916152324922585,41.531971982681135,11.959279005057645
-9.453393106634373,1.3163532799141784,3.3008349248091746,41.259176779614464,11.887571938309003
-9.530368132980232,1.314708622099852,3.2978777389531357,41.14646712958767,12.042855158908539
-9.547066105183315,1.3139544582038898,3.3002098993962288,41.230350528296164,11.998686585070935
-9.593410633597863,1.3185987814219802,3.3001211715625396,40.41551585482605,12.002362327961988
-9.561335578538879,1.3173498235272496,3.2864889647386843,40.593705187955194,11.924589349077854
-9.589334242684313,1.3176144689171043,3.301959860229019,41.02942467428344,11.952947966837897
-9.72257235133795,1.3151606294926894,3.3007558779862607,40.2432865070677,11.982646519881989
-9.546946554757097,1.3196898851047794,3.3012930800231413,40.295543692661,11.971619441923794
-9.597544074543865,1.3160835555147161,3.2992663210898256,40.371878942995544,12.009818682447287
-9.576711796375774,1.3150345835595656,3.300195693486594,41.268320876323614,12.031791366981103
-9.677814792545924,1.3155871312879908,3.3006912336636387,40.494738025186805,12.114789621249685
-9.576069633648656,1.3199718029295966,3.3010970523355536,40.93820100603575,11.998999148498454
-9.729407545413848,1.3147009829764447,3.301902344806484,40.12817443609095,12.054461140369424
-9.670698414270731,1.3155132029827312,3.301131050903012,40.81036451243066,11.955883400501499
-9.730417787381501,1.3229035406221747,3.3073989153115955,40.4313275820076,11.91232580557983
-9.625406275840437,1.3190783687118846,3.2970959400847137,40.92766665680623,11.97714919573331
-9.6350025910744,1.3158186432383316,3.298500181579609,40.538842281292936,11.91356944859592
-9.685612144973232,1.3152090056007637,3.306771825723011,40.83048931279989,11.992880573866092
-9.593907236443183,1.3141123283828968,3.2993815896133385,40.601380477390656,11.95181573981162
-9.612633685841727,1.3177364440403283,3.3037265514337975,40.742603515042326,11.89181658165152
-9.767815365334476,1.3190814135274422,3.30054201948705,40.35569725883714,12.07502331256529
-9.474780348293404,1.3207447840685995,3.2990887526544412,41.060934347291564,11.960036098135129
-9.604668509991859,1.3139996868458412,3.303944992893048,40.902288798522086,11.903725596296388
-9.733322180496696,1.315216002763673,3.302073690229576,40.335394237850636,12.029207802652481
-9.670349360342527,1.3177054157509478,3.2938639606499405,40.61145395822363,11.946561445604024
-9.688520504365922,1.3235962416106253,3.3006939726738116,40.697553612900776,12.036193739824078
-9.645567505168565,1.3198677187351076,3.2960197533025046,40.91193990236019,11.943709344497055
-9.564251736578099,1.3189151474353367,3.305084610405012,40.84106239384153,11.952028173363622
-9.671813605920782,1.3157919511828695,3.307014360166056,40.30155167046561,11.995009038415233
-9.56447449349719,1.3140726890582497,3.3074958887999637,40.905632691089394,12.006123240316853
-9.70864990783121,1.3184598257402196,3.301430054101992,40.850837775292,12.013581724613369
-9.638205091957355,1.318251454233227,3.298153729406582,40.19033713985523,11.969366220239236
-9.620480092520916,1.3179812399592883,3.3012870333833018,40.23045380727286,11.99898035047871
-9.61807007602535,1.3178212393237458,3.2962411018532767,40.49897526937849,12.008527704590104
-9.600001668595578,1.3171492351774534,3.309381995201769,40.72306460255063,11.979972038444721
-9.68902151112648,1.3167530755627839,3.304777428123253,39.74319116599329,11.961508555356488
-9.643037891148861,1.3215483672978003,3.301218105404368,40.94356026669353,11.895075190132854
-9.845165381290482,1.3170558576340017,3.303988196782066,40.23665645583449,11.995997743708628
-9.696821447601899,1.318334746740467,3.2980331035005546,39.66591712658505,11.966847465719708
-9.610782701313635,1.3188655769561046,3.29556816763519,40.33316720010021,11.942758404360921
-9.667330130803194,1.3204115415085085,3.291146986437306,40.54510608676327,12.026028627438833
-9.66129327640617,1.3173491209810138,3.3003322270455984,39.96839851044904,11.889450460688318
-9.633562028426203,1.321061267588278,3.2991673823050007,41.12106042124895,12.041746536686126
-9.71950838736505,1.3179966937743064,3.3020771571243723,40.63571646128118,11.957134405780256
-9.750552429535462,1.318881668305452,3.3000522908017795,40.77017094017936,11.972828122327792
-9.720486588549079,1.3225396333914994,3.301895541044968,40.147418557861585,11.935904970934603
-9.730576635936046,1.3173614881464861,3.3032443336019814,40.70339584117262,11.87100933851686
-9.666709796028139,1.3207867905846429,3.2941592755852662,40.40232307601594,11.946089165564644
-9.701247215446353,1.3213977672877462,3.3034755988400932,40.52051806950743,11.968514475663493
-9.693143644539001,1.3200504290351638,3.29837367898657,40.75484472963643,11.984296990561926
-9.735402955180854,1.3192361799474044,3.302070315416236,40.50116801067504,11.939293488923347
-9.666822556252257,1.3237617750125972,3.3040889072993114,40.98972275164391,11.8382785546397
-9.8129807867939,1.3195203157142723,3.3041163769640836,40.42966951345721,11.869533869128716
-9.752214993239406,1.3199923124074764,3.30051661126531,40.3103194371743,12.04793032354052
-9.692920251935378,1.3189457633545458,3.3007139033066952,40.951311759226996,11.889415990008773
-9.830553351528192,1.3199541460630861,3.303567648928095,40.760354482455966,12.014109774298998
-9.714459217813367,1.3216118871772233,3.293995295358353,40.606120116498275,11.89476856652428
-9.74513308489062,1.3191632104232236,3.2961936837802117,41.04417678061382,11.931066824188447
-9.646691665086127,1.3155254287839513,3.2988829730879123,40.612440028923345,11.970167887637944
-9.782784590467356,1.320796795206518,3.2946688236894635,40.38325678451486,11.896616770425629
-9.762248257278776,1.317638645557315,3.2989131329438455,40.47725503882988,12.015957455141018
-9.8123792814967,1.321303219432264,3.298694604211459,40.32332273759593,11.93885453372199
-9.792750025024912,1.3198394598645935,3.3003484263462446,40.290282384004605,11.956833311808534
-9.727178212995652,1.3217494592609238,3.299772466283572,40.25970019505896,11.919134333295885
-9.782353240787577,1.3179861725820103,3.3042773941176296,40.03764484023127,11.96417589707413
-9.795763351422606,1.3188305226169426,3.302292018777972,40.452777732661445,12.008906027835721
-9.735423880675501,1.3192374823438546,3.2997158748982494,41.00848847798736,11.922129935420987
-9.8342734182947,1.3169680625629556,3.298666950579262,40.6571337821417,12.013909070857562
-9.695814948024154,1.3221690220112536,3.2998097675603577,40.76360397381148,11.895574221672344
-9.804333722143927,1.31670737140828,3.299880555828365,40.891000127277415,11.963090800751255
-9.78773706174813,1.3221633602276246,3.3100750251635405,40.432224826610515,11.948075132350496
-9.724020371859684,1.3208265250038518,3.294169891148995,40.15643406328024,11.868925182835127
-9.766900888118169,1.3195874670553172,3.2962948998276067,40.32641974279747,11.931781120894476
-9.739472468297329,1.320681385740284,3.29570829626122,40.49679077975007,11.920196784069043
-9.740364892243466,1.320631049338953,3.3010770867353076,40.31430117581531,11.875908256226635
-9.764295522233533,1.3191976335173712,3.3009186933865284,40.715435846587305,11.935208914964607
-9.809445752996945,1.320596172585091,3.297707712826024,40.755324297962616,11.923365773096128
-9.8513606873032,1.321462100161491,3.3035844706684836,39.60442915740942,11.911166049223462
-9.875779940347034,1.3181087055957623,3.3014786274577848,40.19025603586579,11.910112246106838
-9.892619306243034,1.3206872754604988,3.3037524012586874,39.05351241710513,11.907787975636996
-9.682465681218691,1.3147375272357922,3.3048138174116435,40.59843922128131,11.892652546445012
-9.936482709596039,1.3161247471715471,3.2914758204562373,40.08593388657859,11.916779964899469
-9.715301668587324,1.321105247962588,3.3027424666960847,41.27988059342689,11.876344999673407
-9.921501543227066,1.31913126261935,3.2948397581104123,40.747499685200836,12.040135376261016
-9.702219303958874,1.3182492506032695,3.3009976504985383,40.968501588079,11.83558419578161
-9.92898666456281,1.3198377621300301,3.2997084159794903,39.75813115866983,11.87557179921675
-9.815731907382844,1.3191380770977015,3.2998791449944878,39.96153307586176,11.878281055180205
-9.780861394161182,1.31793741439696,3.2951815146652708,39.99985565939687,12.00435422437908
-9.744118762359713,1.3166196649776787,3.304121946145547,41.12240942378742,11.835086073922287
-9.853626295506366,1.3159430657773479,3.2948380200905563,39.92857058973816,11.921154057129174
-9.948361782861618,1.3213370693147963,3.30300213444549,39.949048393448905,11.911044687851328
